timestamp,route_id,start_stop,end_stop,current_speed_kmh,weather,traffic_level,event,temperature,day_of_week,month,hour,actual_time_min,distance_km
2026-05-09T21:45:29.734344,255 Retour,Depart,Arrivee,49.82714934301164,clear,80.17219002454924,none,22.266648091314917,2,11,22,44.59569764296595,13.126466040849092
2026-05-09T21:45:29.734344,33A,OFFICE DE L'HUILE-RETOUR,CENTRE DE FORMATION ZOUHOUR-RETOUR,46.09993861334124,fog,10.070088925691289,holiday,27.75940830808693,4,12,21,31.350636758748742,0.7893123105213817
2026-05-09T21:45:29.735343,95 Retour,TERMINUS 56 72,GOUVERNORAT MANOUBA-ALLER,40.59264473611897,clear,36.29301836816963,none,22.59423949494515,5,3,14,23.383699772278277,5.308152365660048
2026-05-09T21:45:29.735343,27C Retour,EJLAME,LA POSTE,44.015376929388985,clear,11.193846504387988,congres,26.025222971057257,1,5,8,48.26771335038051,13.21452824066169
2026-05-09T21:45:29.735343,93  Retour,Depart,Arrivee,22.051273301300586,cloudy,64.89969920043589,manifestation,13.547668912248707,3,2,16,81.05491865703623,10.275311980955747
2026-05-09T21:45:29.735343,258 Retour,Depart,Arrivee,38.385016390999574,clear,85.80562971354986,none,20.64480755205806,5,8,3,28.76078359575429,8.986215641675592
2026-05-09T21:45:29.735343,5D,PATISSERIE BEN YEDER,ï¿½TAT UNIS,29.4338644844741,clear,84.58637582367363,none,16.989904309996184,0,1,12,36.141696886960176,1.4208680766361224
2026-05-09T21:45:29.735343,27A Retour,LA POSTE,10 DECEMBRE,50.77307142274171,cloudy,75.61064512368885,match_sport,10.369428855490892,1,9,6,43.79201946629061,1.637201940565041
2026-05-09T21:45:29.735343,16D,BORTAL ALLER,CITE MILITAIRE,41.1649063413779,clear,15.720251525742128,none,18.405866304855905,3,8,2,14.353393924178663,5.6695487187372215
2026-05-09T21:45:29.735343,54 Retour,AV DE FRANCE,BEN YEDDER BEN AROUS,48.03925243084487,cloudy,79.38704619591049,none,24.72745054022381,1,10,14,30.83856954878735,0.8609577407322551
2026-05-09T21:45:29.735343,43,HOPITAL DES ENFANTS,TERMINUS RABTA L ( 43B + 43 ),38.163778598819185,cloudy,22.539830896528812,none,25.27491492165354,4,7,3,9.541213492559443,1.402356687979903
2026-05-09T21:45:29.735343,22,KIOSQUE MOBIL BEN AROUS,BNA BEN AROUS,24.7816842918857,clear,51.08811134346192,none,21.32831833185172,1,7,10,30.203857711697967,6.766513103827478
2026-05-09T21:45:29.735343,97,SAIDA,CITÃ‰ ENNASSI,55.3414220772877,clear,68.29211084872261,none,19.28220340269341,6,6,2,8.385734967539815,2.1778293136464484
2026-05-09T21:45:29.735343,38C Retour,TERMINUS 38C,PLACE JEANS DARK ALLER,23.470616689926075,clear,25.14619379556375,none,25.859264064554917,0,1,19,47.77299651709321,9.463581310593018
2026-05-09T21:45:29.735343,20A,CITÃ‰ ESSALE,TERMINUS 20A,44.815213641989416,cloudy,23.32782369580599,holiday,16.53699245680912,1,12,1,24.70420961664257,3.9459387810089446
2026-05-09T21:45:29.736343,27C,STADE ESSIEBE,CITÃ‰ 26/2,32.38915822865458,cloudy,63.34270514914542,none,19.828942593964943,6,6,16,22.41151621603901,2.107791923902491
2026-05-09T21:45:29.736343,66B,FRIGO,CROISEMENT MATEUR,59.171157044742145,clear,83.47886858974455,match_sport,12.822961406893743,4,3,5,54.88545985459365,7.615312543562581
2026-05-09T21:45:29.736343,96,RABATTEMENT KHAIREDDINE MANNOUBA,CITÃ‰ SNIT MANOUB,21.324788759896897,cloudy,25.69297861044923,festival,20.375531081617197,0,11,17,43.948761654490085,0.22039162944046367
2026-05-09T21:45:29.736343,33A/,CROISEMENT BIRINE L33A/-RETOUR,SIDI HSIN SECTION-RETOUR,22.89708138575778,cloudy,83.54999801810942,none,24.948818507392208,0,12,1,50.29090346823769,7.336395550657713
2026-05-09T21:45:29.736343,14A,ETTAHRIR SUPÃ‰RIEU,OMRANE SUPÃ‰RIEUR ALLE,27.460478730633046,cloudy,90.73992339573194,marathon,32.956017467443964,3,11,23,67.19353710630642,0.6930555718803033
2026-05-09T21:45:29.736343,26 Retour,BOUCHERIE EZZAOUIA,FRIGO HADJ SALEH,54.927709426353964,cloudy,10.827734645496669,none,29.232056611457786,5,2,17,8.325236123311472,2.1650218876172707
2026-05-09T21:45:29.736343,3A Retour,RUE HASEN ENNOURI,BORTAL 3A,10.903768180776044,clear,26.094043829919592,none,31.813456737809993,0,1,2,18.54183930510497,0.40120069155424853
2026-05-09T21:45:29.736343,42 Retour,Depart,Arrivee,14.683738391404624,clear,33.86821309135529,none,39.13633775207826,2,6,12,82.65141657894284,13.685383028059757
2026-05-09T21:45:29.736343,25,TEXTILE,SIDI FATHALLAH1,34.625884690943195,clear,75.02069037353547,none,8.778110925806523,0,12,16,45.483259087946564,11.841547349690195
2026-05-09T21:45:29.736343,51A Retour,SOURÃ‰SEA,CITE MAHRAJENE,54.17470111331295,cloudy,95.77646623215578,none,25.688478938735678,3,1,2,30.26405275982013,1.9714930563704165
2026-05-09T21:45:29.736343,3710,SALLE DE SPORT GHLALA,CENTRE RADES,37.840063122917506,fog,72.64268170074757,none,11.109647800664593,5,7,14,50.331950401809046,10.042424073296804
2026-05-09T21:45:29.736343,27 Retour,JAAFER ESSEBELLE,LA PETITE ARIANA,26.127538211930027,rain,22.295919829782594,festival,25.690239261053048,6,10,9,39.67475130931534,0.6141640117448084
2026-05-09T21:45:29.736343,14CG,NOGRA,INTILAKA,35.56711994304689,cloudy,81.84656610700976,none,30.462940072246507,5,12,15,23.79713080367297,0.5823122768065518
2026-05-09T21:45:29.736343,31C/ Retour,SONED,CHORFECH 1,31.923706150904348,cloudy,39.53374007272588,none,39.41890842593699,1,10,21,23.8890974421381,1.3007691929156597
2026-05-09T21:45:29.737343,253 Retour,Depart,Arrivee,36.11216300274022,rain,29.423892474715885,none,10.731118879800576,3,3,12,46.58267786190579,9.924018620974891
2026-05-09T21:45:29.737343,77,USINE DE CARRELAGE,OUED ELMELAH,58.47684335570795,cloudy,13.69607650910882,none,21.872663602583746,1,5,22,25.394239902737468,15.536852581663156
2026-05-09T21:45:29.737343,27A Retour,MAGRO,LA POSTE,17.8218521335543,clear,59.43039982355084,festival,29.1263160549674,0,7,20,35.81356424574325,0.7137395923298344
2026-05-09T21:45:29.737343,44D/,ARRÃ‰T BAB HADI,INPFCA,46.501965828090924,clear,60.94334894446687,none,11.84526872978055,3,5,13,49.3353022976718,18.518836103139904
2026-05-09T21:45:29.737343,47,EL AOUINA (SECTION),LE KRAM,48.16822115019555,rain,41.16738889804607,none,28.792757844568428,5,5,9,38.90516155059659,8.699916086674428
2026-05-09T21:45:29.737343,252 Retour,Depart,Arrivee,12.265200488602225,clear,66.32739241428128,none,35.407674918026316,4,4,4,85.28152855376872,9.621916301458793
2026-05-09T21:45:29.737845,93  Retour,Depart,Arrivee,38.77370889379395,clear,67.89593965981179,none,25.459737258109918,3,3,4,42.468781773435644,12.485975812797752
2026-05-09T21:45:29.737845,3A,BORTAL ALLER,USINE MY MODE,19.78955673946482,clear,19.070020123968398,none,11.022174744189709,6,1,2,5.447514413582026,1.3639067336665915
2026-05-09T21:45:29.737845,24D Retour,CHEBEDDA,MGHIRA,34.80187271467031,cloudy,41.35029440078776,foire,9.25396245362068,4,9,20,50.92854373068087,4.531855518228268
2026-05-09T21:45:29.737845,38C,MINISTÃ‰RE DE L' Ã‰QUIPEME,CLINIQUE TAOUFIK ALLER,47.53073758204292,rain,99.1454627800606,none,19.90457874536906,6,5,6,37.49503783148266,2.698709770757639
2026-05-09T21:45:29.737845,66 Retour,FRIGO,CITÃ‰ ERRAJE,15.156193441796631,fog,55.472713520307146,manifestation,18.241587232979576,0,4,18,95.84808577956476,4.22534345970255
2026-05-09T21:45:29.737845,54B Retour,CROISEMENT MOUROUJ 2,MOUROUJ 5,27.74525952313603,storm,70.90929139818729,none,23.77682104869776,4,5,15,53.47591973282085,4.7264902569545795
2026-05-09T21:45:29.737845,20A Retour,MOHAMED V,PLACE DES DROITS DE L'HOMME,15.6732301008724,fog,97.68233876809691,holiday,9.787876949675201,6,11,2,51.45521092039421,0.9143543933168861
2026-05-09T21:45:29.737845,87 Retour,Depart,Arrivee,15.853350821380293,clear,78.5359568545725,none,11.235925635929288,5,8,6,32.14682404741309,2.0186820890987094
2026-05-09T21:45:29.737845,11,BAB JDID-RETOUR,TERMINUS TUNIS MARINE BUS,21.66140362122639,cloudy,87.68246697901034,marathon,15.57392619782652,0,4,6,73.19737898603425,2.2654268923291987
2026-05-09T21:45:29.737845,71,TELECOM,DENDEN-RETOUR,34.08334939820577,clear,73.4575927866994,none,18.568080928611153,4,2,2,44.77706502902418,14.080294599835494
2026-05-09T21:45:29.737845,81A,CROISEMENT MOUROUJ 3,STEG MOUROUJ4,47.2105828471649,cloudy,31.375582416322295,none,23.286876508167285,0,6,23,13.568798120291145,1.0234545038009832
2026-05-09T21:45:29.737845,263 Retour,Depart,Arrivee,58.161126972030566,clear,97.28909440368751,none,36.51657963833827,4,11,21,51.02352119915163,13.867620013901233
2026-05-09T21:45:29.737845,19E,LYCÃ‰E TAHA HSSINE MEGRIN,CITÃ‰ JAOUHAR,44.78743444923086,clear,66.48022720756572,none,36.83705633571165,3,10,10,43.909980152818015,14.305760777071821
2026-05-09T21:45:29.738848,35,BOUSBIAA,RABATTEMENT 10 DECEMBRE,18.483995194778277,cloudy,44.944154559088496,none,16.510013598855647,0,4,4,19.935169469990914,2.270708560072201
2026-05-09T21:45:29.738848,4G Retour,KHAZNADAR-RETOUR,LYCEE SAOUEB-RETOUR,51.12686214615845,fog,75.3147557549524,none,21.383777161299804,5,2,23,29.55072624583106,0.6712577708573324
2026-05-09T21:45:29.738848,5C Retour,MOHAMED V,PLACE DES DROITS DE L'HOMME RETOUR,11.3183487248626,clear,82.94979977036496,greve_transport,12.813340515312902,1,9,20,100.3947059834497,1.0253299764703518
2026-05-09T21:45:29.738848,251 Retour,Depart,Arrivee,16.69260594003166,clear,16.782315431721607,festival,25.09908080094282,5,3,4,54.46096616092143,8.776043878436784
2026-05-09T21:45:29.738848,20A Retour,EZOIDIA 20A,MAISON BLANCHE,52.482369533870575,clear,50.54897217790842,none,38.529632872279116,3,1,12,43.9270214694263,11.004668890223277
2026-05-09T21:45:29.738848,97,ZONE F,CANAL MAJERDA,43.57865977963998,cloudy,79.50865525620753,none,35.26980801019329,3,5,21,42.74008427071292,2.3702249319951587
2026-05-09T21:45:29.738848,52 Retour,MOSQUÃ‰E GAMMART,TERMINUS 20B,34.00229835092375,clear,80.62014375498786,none,33.76142936061958,5,12,6,20.107468936269594,0.33799520674197936
2026-05-09T21:45:29.738848,92,GOUVERNORAT MANOUBA-RETOUR,RABATTEMENT SLIMEN KAHIA,14.550104552566514,cloudy,59.27016762092004,none,37.13508090890474,1,3,22,41.332007711221564,1.2828413524023334
2026-05-09T21:45:29.738848,24/,FERAILLE 2,CITÃ‰ EL HIDHA,32.96734039730862,rain,79.20259671838578,none,9.467560524948254,4,2,5,46.50717816838956,2.4057180925436388
2026-05-09T21:45:29.738848,56,CAFÃ‰ HAMME,SABBELA (56),36.8631708357035,clear,62.62894953542383,none,30.325362358301817,3,8,3,17.26454796195401,1.7199436284629916
2026-05-09T21:45:29.738848,66B Retour,CITÃ‰ EL AYAR,FERME EL HAJRI,35.761802743210545,storm,64.17418559868642,none,34.297300379022374,3,10,17,67.2212893856505,4.941163455170855
2026-05-09T21:45:29.738848,96,CITÃ‰ SNIT MANOUB,GOBAA TERMINUS 96,28.213493052403773,cloudy,72.13553457664287,none,33.581132765089365,6,8,21,17.74013510677779,0.5329217434186563
2026-05-09T21:45:29.738848,98,STIL,SIDI TALEB 16D,23.843882407360187,rain,77.34337213452925,none,14.69917834677473,5,10,23,28.26972425684604,0.44947459047040184
2026-05-09T21:45:29.738848,34,CITE ESSALAMA,CHARLE NICOLE-RETOUR,22.621847217201037,cloudy,90.56861539184794,none,25.0276315284901,1,10,12,180.0,80.42076040573865
2026-05-09T21:45:29.739849,714,CENTRE DE COORDINATION OUARDIA,GARE DJEBEL JELLOUD,22.123525181736483,clear,43.95557467941604,none,18.306533298661705,5,10,6,10.09624448438832,1.5591275263192008
2026-05-09T21:45:29.739849,14CG,BAB SAADOUN ALLER,INTILAKA,43.95511595722448,rain,54.85979790361515,none,25.18740933819353,6,8,1,28.71301620689292,5.074322407990147
2026-05-09T21:45:29.739849,54D,BNA BEN AROUS,SONED,24.188795289936223,clear,68.13255171984412,none,19.39509522873108,5,5,12,24.28575465407117,1.364737259098372
2026-05-09T21:45:29.739849,26,EL AFRANE,CAFÃ‰ YASMINE,14.394381227007194,rain,15.008814042127781,manifestation,9.65233529198441,4,4,7,92.85264100849476,6.093568700966277
2026-05-09T21:45:29.739849,527,BANQUE DE L'HABITAT,CITÃ‰ EL KHADHR,38.799920890283,fog,10.477000575784487,greve_transport,23.703960936281103,2,9,5,80.5194825458972,0.9819237435142827
2026-05-09T21:45:29.739849,16C,P.T.T OUED ELLIL,LYCÃ‰E CHABBAO,48.47464665959684,clear,39.131131276381936,none,24.24353211790256,3,1,16,19.554405189104976,1.9920876604930573
2026-05-09T21:45:29.739849,24D Retour,ZONE INDUSTRIELLE,RABATTEMENT MOUROUJ 2,35.305197817967354,fog,38.85779729435629,none,19.815375408316676,1,5,23,33.57821974238742,2.296015949333251
2026-05-09T21:45:29.739849,82,DJEBEL JELLOUD GP1,GOUVERNORAT DE BEN AROUS,48.011392994484325,cloudy,52.441856969514255,none,19.16378452937585,4,12,16,22.521994639663234,4.417138702881967
2026-05-09T21:45:29.739849,54D,CENTRE BEN AROUS,DJEBEL JELLOUD,56.64690335499773,storm,28.450162904791352,none,37.64638155487076,3,8,21,43.13949571717296,2.840555351906189
2026-05-09T21:45:29.739849,81 Retour,Depart,Arrivee,18.182797143285224,clear,83.3117248208244,festival,24.73809359261182,0,10,3,65.69302437447881,6.494231503916895
2026-05-09T21:45:29.739849,72,BAB SAADOUN ALLER,CHAMP DE COURSE KSAR SAID ALLER,45.6891227427663,fog,66.16913897636539,none,22.03982961242685,0,1,0,39.840565027522835,4.346070684816214
2026-05-09T21:45:29.739849,77 Retour,HOPITAL MAHMOUD MATRI,FOIRE LA CHARGUIA,41.21189979569961,clear,94.58489112521276,none,18.716979669026756,6,1,19,44.42764620450835,4.98523688979833
2026-05-09T21:45:29.739849,54A/ Retour,SOMMET EL MOUROUJ 2,FERAILLE 2,59.88463079619216,rain,73.62824151191131,match_sport,12.580095537551028,5,2,3,42.997320230866976,2.285200296585625
2026-05-09T21:45:29.739849,264 Retour,Depart,Arrivee,51.06286523360064,clear,86.18070625610663,none,20.713193297931753,4,4,7,51.911499565524444,11.111535957502928
2026-05-09T21:45:29.740849,27C,MOSQUÃ‰E CITÃ‰ CHAKER RAOU,ECOLE NATIONALE DES PRISONS,38.27541736614869,cloudy,63.91264282995938,manifestation,38.690393426048885,5,6,7,61.760376596337466,2.739162601711964
2026-05-09T21:45:29.740849,74B Retour,MEUBLATEX,SALLE DES FÃ‰TES KERMES,55.59262044214824,clear,19.071514271429784,none,31.235058753996825,3,12,10,5.0,7.401830404665173
2026-05-09T21:45:29.740849,84,ABATTOIR-ALLER,SIÃ‰GE DÃ‰LÃ‰GATION MHAM,11.151130239381876,cloudy,79.41220016677642,none,10.205489259751001,4,8,18,71.78521810645132,3.7785113171816094
2026-05-09T21:45:29.740849,96,CITÃ‰ SNIT MANOUB,GOBAA TERMINUS 96,19.316043974706034,rain,39.89317713894451,none,15.276659868067604,4,9,14,31.033231462085485,0.5329217434186563
2026-05-09T21:45:29.740849,77 Retour,EJJBAL 3,TOBYAS,50.14267242990057,clear,40.014925452202974,none,25.196659294013532,5,2,10,11.361192007326373,7.3750342585932245
2026-05-09T21:45:29.740849,96 Retour,GOBAA TERMINUS 96,RABATTEMENT KHAIREDDINE MANNOUBA,21.2302411469991,clear,22.677131834181985,none,23.94776872766335,4,8,5,5.0,0.7533133728591199
2026-05-09T21:45:29.740849,3710,BIR EL BEY,BORJ LOUZIR (BEN AROUS),39.029417513902175,cloudy,11.178501092950027,festival,13.697150939832046,0,1,19,53.5154940619769,9.00276745565218
2026-05-09T21:45:29.740849,21A Retour,CROISEMENT AHMED ZAIED L21A,ANCIENNE GARE AHMED ZAIED,24.979795588323853,clear,45.75863039118381,none,33.593024706376625,4,8,16,15.085679747191957,0.34564570557278795
2026-05-09T21:45:29.740849,16 Retour,CASERNE OUED ELIL 2,CASERNE OUED ELIL 1,48.776380834750526,clear,57.195124239482205,none,20.82441794801043,2,4,5,18.831648080681074,0.6532653335546605
2026-05-09T21:45:29.740849,27C Retour,SIDI AMOR,LAKRADE,54.871520490944214,cloudy,82.06747943375089,greve_transport,34.87324350261026,4,8,6,91.56851765385859,7.053494014045688
2026-05-09T21:45:29.740849,82,MOSQUÃ‰E AMIN,PONT AUTOROUTE SUD,22.694428202165213,clear,55.495709119543044,none,18.85667986867811,2,3,4,18.66508526331798,2.149448283190843
2026-05-09T21:45:29.740849,70 Retour,Depart,Arrivee,22.158609549972702,cloudy,87.01268212956572,manifestation,20.709872947790554,5,5,4,67.53551936438475,6.689492315829308
2026-05-09T21:45:29.740849,78 Retour,Depart,Arrivee,54.81679092605599,clear,17.695767776902127,none,8.84903052396223,3,12,18,34.872179694701664,10.855245891939132
2026-05-09T21:45:29.741849,14C,OMRANE SUPÃ‰RIEUR ALLE,INTILAKA,28.152960609754526,clear,84.75890559087247,none,32.76270474244289,1,5,8,45.54217469040073,1.3469135129389356
2026-05-09T21:45:29.741849,94  Retour,Depart,Arrivee,48.98793873940154,clear,60.919895796990446,greve_transport,23.07409448620206,1,3,16,90.8971326636529,8.174407182346902
2026-05-09T21:45:29.741849,66B Retour,AIN EZOMMITE,LYCÃ‰E TECHNIQUE TEBOURB,16.967803703641206,rain,98.5961962633197,none,13.493737147145712,4,11,22,106.31575486730151,16.947127199743615
2026-05-09T21:45:29.741849,85,DERBIGUM,PTT NAASSEN,50.75272142012285,clear,16.045785992413908,none,23.9188766073565,6,5,11,10.045194621632785,3.1573315770313117
2026-05-09T21:45:29.741849,77 Retour,BEN NICHA,OUED MAJERDA,55.72059729624799,clear,44.48246754245477,none,9.502910936801761,2,1,21,26.080995012319104,5.595063833158573
2026-05-09T21:45:29.741849,76 Retour,Depart,Arrivee,14.516848028880393,rain,16.142473481868244,manifestation,21.990188683431793,0,11,3,69.90004807247492,5.15970401872445
2026-05-09T21:45:29.741849,25D,CITÃ‰ MEKK,PROTECTION CIVILE,16.750063871060348,clear,34.29201001529754,none,13.184444092530708,2,1,19,72.21040545721665,9.805971160825813
2026-05-09T21:45:29.741849,460 Retour,CITE MAHRAJENE,PHARMACIE CENTRAL,15.32991265668859,clear,75.5369880583243,none,30.028876685687553,0,7,9,48.93919338861873,0.6941445792768981
2026-05-09T21:45:29.741849,75,SIDI MOSBAH,PLACE 14 JANVIER (BOUMHEL),44.52801162228203,cloudy,17.803469067596524,congres,32.26855724626181,0,7,20,27.23517278227633,6.439882758462771
2026-05-09T21:45:29.741849,46,AROUSSIA EL BARRAGE,EL HAKIME,55.168190631801245,cloudy,72.38576903112323,none,29.437358865601254,6,1,9,39.9880575010117,9.011481587641779
2026-05-09T21:45:29.741849,5C,PLACE PASTEUR,MENZEH 6,16.026128939323222,cloudy,27.333912500706738,none,21.4964051113764,6,4,17,36.17075702428612,4.066883306541341
2026-05-09T21:45:29.741849,255 Retour,Depart,Arrivee,11.850381735774631,cloudy,30.700795355893273,none,10.462502452134693,2,8,4,62.64746003419079,7.174450264474263
2026-05-09T21:45:29.741849,10C,CITÃ‰ HACHE,SOFOMECA,25.937625146603494,cloudy,89.73799734125684,none,15.45470319211628,2,10,22,29.7382167124688,2.390737364416637
2026-05-09T21:45:29.741849,18,EZOIDIA,MONGI SLIM,53.73508363420997,cloudy,94.51609286616066,match_sport,39.9338915370668,4,1,19,70.06452349435953,0.21428509520618277
2026-05-09T21:45:29.742849,44A Retour,OUED MAJERDA,LAKRADE,23.584348553450205,clear,18.252940160028714,none,24.72061413230474,5,1,0,65.64143590134425,27.0098041943884
2026-05-09T21:45:29.742849,10B,STOA,BAB ALIOUA GP1,24.85014382274411,rain,74.39979837108177,none,16.872500662296755,5,9,20,34.10222113067905,3.719850489976526
2026-05-09T21:45:29.742849,31C,CHORFECH 1,CHORFECH 2,22.949132580090684,cloudy,98.40974635720734,marathon,27.225550286150337,1,9,12,73.29460113983455,0.16108339169538866
2026-05-09T21:45:29.742849,46 Retour,CITÃ‰ ERRAJE,TERMINUS TEBOURBA,13.249320474144701,clear,85.40431617549208,none,34.58056056801999,1,11,13,45.745498641775285,1.2313011556589757
2026-05-09T21:45:29.742849,56 Retour,AFFAIRES SOCIALES,INEPS,50.038484356493754,cloudy,29.469162073289816,none,27.112770317770913,4,11,16,11.11183541357258,3.3924924672811283
2026-05-09T21:45:29.742849,42B Retour,STIL,OUED CHAFROU,17.694795316992753,rain,30.19965146529946,none,25.183181532589234,3,5,8,36.382303051043664,0.4112648107310921
2026-05-09T21:45:29.742849,31A Retour,DAR AMMAR,ECOLE PRIMAIRE,52.609676667350385,clear,39.61462288328839,foire,31.526804944750488,3,6,1,55.00299201450694,25.67502143980235
2026-05-09T21:45:29.742849,86,CITROEN,AEROLIA 1,12.439179083658654,cloudy,96.59097753328449,none,36.62335779097816,0,2,12,50.366908066057746,0.7793262194511144
2026-05-09T21:45:29.742849,97 Retour,MOSQUÃ‰E SAID,ERRIADH,27.390460395109653,cloudy,60.9158767596212,none,36.11615956336506,3,1,18,46.11614750830819,2.032396907161182
2026-05-09T21:45:29.742849,20G Retour,BAB ABDESLEM-RETOUR,KASBAH,45.41814883575174,rain,72.77243155023552,festival,27.795564102885898,3,7,5,52.42573599728148,1.872278971073957
2026-05-09T21:45:29.742849,37 Retour,DOUKALI,POSTE POLICE MORNAG,47.17541281458039,clear,83.6170321707156,manifestation,24.23896748034676,1,11,6,55.75768178040991,0.7523159397462038
2026-05-09T21:45:29.742849,26 Retour,DZIRI,DJEBEL JELLOUD,15.792192839012884,clear,10.816516418745246,match_sport,12.110358978982124,5,7,18,72.58897316608011,9.564659320230184
2026-05-09T21:45:29.742849,81B,JARDIN D'ENFANTS MOUROUJ 5,AV EL BORHENE,18.97486617119167,rain,80.99262836836698,none,32.66733147331168,2,1,3,37.6736851700829,0.633088160211037
2026-05-09T21:45:29.742849,14C Retour,BAB ABDESLEM-RETOUR,ALI BALAHOUAN,33.67869442175443,clear,16.72249759820686,manifestation,39.684747928020705,4,12,14,52.01886244697984,1.50368562407591
2026-05-09T21:45:29.743849,116 Retour,INOPLAST,CITE ERRAOUDHA RETOUR,51.075647370372046,clear,83.69070790213843,none,8.032943355060269,5,2,1,30.822586152884817,6.814496384236357
2026-05-09T21:45:29.743849,69,LYCÃ‰E 2 MARS EL OUARDIA L(G,13 AOUT L( 69),15.10968098468595,rain,57.432168659067585,manifestation,17.547981791679764,6,4,1,48.249635812827016,0.405977554968191
2026-05-09T21:45:29.743849,91,CITE HASSEN BELKHOUJA2-RETOUR,POSTE POLICE MANOUBA-RETOUR,46.56350334868428,fog,87.16240828832488,congres,32.32301051001911,2,11,4,57.080881787628336,1.020351726748291
2026-05-09T21:45:29.743849,60 Retour,MOSQUÃ‰E IBN SIN,PONT MÃ‰TRO KABARI,20.655235201254165,clear,68.65001428382965,none,35.65946399486839,2,8,15,29.695419134456838,0.8114668052042786
2026-05-09T21:45:29.743849,24F,FERME LOUKIL,CITÃ‰ EL OUIFAK ,48.5460922322026,rain,78.4921591848699,none,12.199836085836402,3,10,20,37.04560509877419,3.9996131265401242
2026-05-09T21:45:29.743849,19D,STADE MUNICIPALE,DUBOSVILLE,39.91636325612134,cloudy,32.278596004303765,none,15.217284558199534,5,5,21,23.253585357159267,7.041773154276084
2026-05-09T21:45:29.743849,21B,ERRISSALA,CITÃ‰ OUSFAN,10.581026995405033,clear,45.32442007660163,none,27.20065753981772,4,9,10,26.781706045766647,0.6770947935098022
2026-05-09T21:45:29.743849,6P,PATISSERIE BEN YEDER,ARRÃ‰T BAB HADI,11.980941267417858,clear,19.44371605763574,none,39.573202984548686,5,6,14,41.68508007364159,3.6639273086601505
2026-05-09T21:45:29.743849,57 Retour,Depart,Arrivee,26.323065412199593,cloudy,17.907984923035002,none,9.06249948132373,1,6,19,37.490712699817855,5.5093258310706945
2026-05-09T21:45:29.743849,39,ELOULIJA,IMMEUBLE RADES FORET,44.47324845686329,rain,28.01352198203291,none,11.346170890700808,4,3,10,24.911526408436735,4.355239931624235
2026-05-09T21:45:29.743849,23C,CITE FEJJA-RETOUR,LYCEE CHEBI-RETOUR,45.453025972545824,fog,74.2678238919185,match_sport,18.862406161369794,2,4,6,77.99028263949764,13.688214167541581
2026-05-09T21:45:29.743849,48 Retour,ROUTE ELBASATINE,ETTADHAMEN,50.864888498124685,clear,67.92199256768725,none,31.41086469617062,1,6,10,27.492841262055684,4.170579836840305
2026-05-09T21:45:29.743849,16B Retour,SIDI TALEB 16D,SAIDA,20.960699367902215,storm,40.320621259399616,none,33.27035222855933,2,12,22,47.38463577328413,2.46749385530347
2026-05-09T21:45:29.743849,24/ Retour,SIÃ‰GE DÃ‰LÃ‰GATION MHAM,DISPENSAIRE,42.663150961866506,clear,58.82307721474307,none,10.608847665677654,2,6,18,37.04381988878385,0.7990512504354153
2026-05-09T21:45:29.744849,37,CROISEMENT EZZAHRA,Z.I BORJ CEDRIA,41.43824091029725,cloudy,79.09514992601022,none,25.385616747625228,0,4,18,56.55956379290342,10.472285435641457
2026-05-09T21:45:29.744849,5C,JEANS JAURES,PLACE JEANS DARK ALLER,53.67116190408303,fog,47.95488341861099,none,26.95521051498759,4,12,21,26.505277162528564,1.9109443268610047
2026-05-09T21:45:29.744849,16/ Retour,CITE MILITAIRE,CASERNE OUED ELIL 2,16.57838425636299,cloudy,91.81292685990769,none,15.601386397564085,1,7,13,38.28870078094946,0.688926513944617
2026-05-09T21:45:29.744849,71 Retour,Depart,Arrivee,52.71925466847895,clear,32.25079669628593,marathon,22.249768160085296,6,9,23,45.84079367535438,10.276697906116485
2026-05-09T21:45:29.744849,95 Retour,HOPITAL KASSAB ALLER,DAR MOCENNINE-ALLER,22.906671635056377,cloudy,39.267105780222536,match_sport,12.187957142987194,6,11,12,36.17575889259484,1.5624271056557273
2026-05-09T21:45:29.744849,14A Retour,RÃ‰SIDENCE YESMINE ALLE,SIDI ALOUI,18.487895254377037,cloudy,40.33028587881577,manifestation,21.78840075717779,2,12,19,72.36612930628411,3.9957519245238773
2026-05-09T21:45:29.744849,68 Retour,CHEBBI RETOUR,BOUCHOUCHA-RETOUR,46.82010075328203,cloudy,52.71677881748325,manifestation,33.7814448944017,6,6,14,49.21110362788504,1.7144611416069093
2026-05-09T21:45:29.744849,25A,CENTRE BEN AROUS,SIDI FATHALLAH1,23.48748057584948,clear,57.80525752009288,foire,9.258993301392309,2,6,22,46.55001900944382,2.20611191586994
2026-05-09T21:45:29.744849,14C Retour,OMRANE SUPÃ‰RIEUR RETOU,FOYER BARDO 2 RETOUR,59.33150614794234,storm,10.444598284096866,congres,28.45183801009601,6,8,6,29.96322324886022,2.9074508265928127
2026-05-09T21:45:29.744849,42B Retour,POMPAGE,CROISEMENT SANHAJA,36.61224944131496,clear,21.944318843734965,none,38.07423334165894,1,5,22,21.346293451633347,3.620518432708014
2026-05-09T21:45:29.744849,9B,HAMMAM LA CAGNA,GARJOUMA,58.16734164101995,clear,69.5469115334032,greve_transport,19.977496548473365,1,1,17,94.87001135134297,3.837181742445982
2026-05-09T21:45:29.744849,16C,CHAMP DE COURSE KSAR SAID ALLER,SECTION 16C CHABBAOU,38.53048733194149,clear,93.78538259562801,festival,29.64842834487189,6,5,18,62.22085024568446,8.473370356966084
2026-05-09T21:45:29.744849,51A Retour,MOSQUÃ‰E CITÃ‰ NACER RETO,PATISSERIE BEN YEDER,40.24769613452704,clear,87.97948007748809,holiday,32.07768840369832,4,9,20,52.19274422112011,6.9445938309039565
2026-05-09T21:45:29.744849,84,MECAPROTEC AEROLIA,CITÃ‰ ESSAADA (MHAMDIA,48.25954322778923,fog,49.43551117707889,marathon,36.092517089322484,2,11,22,76.17630444094391,6.235848649708584
2026-05-09T21:45:29.745849,24D,HUILERIE BEN SAIDAINE,BRIQUETERIE TUNISIENNE,28.323076743569892,clear,72.5920486020876,none,22.35819592392098,0,3,16,20.248753807456602,0.5516505048439555
2026-05-09T21:45:29.745849,254 Retour,Depart,Arrivee,13.659796188422181,cloudy,70.13915186995146,none,22.831809401618315,4,10,2,94.82180220445541,14.320699835323875
2026-05-09T21:45:29.745849,74 Retour,JARDIN D'ENFANTS MOUROUJ 5,LYCÃ‰E OUARDI,29.71826619091751,cloudy,77.21881445222404,festival,24.6794922395307,6,11,20,51.346165558038585,10.875811625373041
2026-05-09T21:45:29.745849,90,GARDE NATIONAL BEN YOUNES,CAFE Z PLUS-RETOUR,57.73300150166537,cloudy,44.20670580434847,none,23.333863342195198,1,4,18,26.623879430574668,0.9368002555091981
2026-05-09T21:45:29.745849,16C Retour,GAALOUL,BAB LAASSAL,36.95806383376272,clear,64.93004049798265,festival,16.72396802347308,1,9,3,44.18918656186539,7.799994160011108
2026-05-09T21:45:29.745849,98,STIL,LYCÃ‰E CHAOUA,44.05589269824914,clear,57.26470453003542,festival,11.420061539031803,4,10,9,52.878301920174245,4.501357876781205
2026-05-09T21:45:29.745849,61 Retour,Depart,Arrivee,50.78743217521404,clear,57.38492747384029,none,8.082688475039436,5,5,21,33.56675848960323,13.37889048687771
2026-05-09T21:45:29.745849,16C,INEPS,LYCÃ‰E CHABBAO,40.54904944254959,clear,85.58751725800484,marathon,19.30948413768698,3,2,4,74.41371684370436,7.879601911106108
2026-05-09T21:45:29.745849,39 Retour,AVENUE DE LA RÃ‰PUBLIQUE ,LYCÃ‰E EZZAHRA (SECTION,14.77676569173341,cloudy,50.65909108635062,none,13.37645464783563,3,2,2,50.47023053704214,6.066353430298655
2026-05-09T21:45:29.745849,3710,IMPRIMERIE OFFICIELLE,MIAMI MOUROUJ,18.922298261388605,clear,30.722155158508293,none,28.414745386111044,5,9,8,144.5471939253148,38.852566074942246
2026-05-09T21:45:29.745849,70 Retour,Depart,Arrivee,39.85234584478458,cloudy,49.84452701015744,none,31.18453924475578,6,8,10,18.568262514219118,2.7975200523577533
2026-05-09T21:45:29.745849,16 Retour,EL HBIBIA 1,IMMEUBLE CHEFIA,26.861356637771017,fog,79.53604547044444,none,28.64927480082294,2,9,3,77.2853043685618,18.680653729023653
2026-05-09T21:45:29.745849,45B,MANZEL SHAL,MAAFRINE,35.952989545413516,clear,82.03208570401254,none,25.28038126734434,1,3,5,22.643480973247772,0.10051924750910501
2026-05-09T21:45:29.745849,74 Retour,CITÃ‰ AF,INOPLAST,43.474347759909506,storm,69.56552708644408,none,31.380816327655875,5,12,19,86.33006257907721,24.418603095922723
2026-05-09T21:45:29.745849,78 Retour,Depart,Arrivee,36.79138422365406,clear,50.53338426323666,match_sport,19.122288775647426,3,3,11,60.04284849504546,13.980489472712337
2026-05-09T21:45:29.745849,54D Retour,CITÃ‰ EL FAOUE,CITÃ‰ AF,59.62417510791876,fog,58.59614172525036,manifestation,24.67065527270535,5,2,5,49.89428684152027,0.9496901849268848
2026-05-09T21:45:29.745849,635A,CHARGUIA1,DEPOT CHARGUIA,45.43723488714882,clear,37.28155203507957,none,19.52436503908861,1,11,20,13.829977307194493,1.2408437267674546
2026-05-09T21:45:29.745849,59A Retour,LA CAGNA (SECTION),LYCÃ‰E OUARDI,25.276215532901176,clear,50.24822864543521,none,24.50174168628793,5,11,2,18.429611730540817,0.5480581216632157
2026-05-09T21:45:29.745849,57A Retour,MNIHLA,INTILAKA,29.858938871460552,cloudy,66.51550474953723,festival,25.039398161901637,5,3,13,46.44525362427179,1.9918018489989286
2026-05-09T21:45:29.745849,90,TERMINUS CITE BEN YOUNES,RABATTEMENT SLIMEN KAHIA,50.93675020371351,clear,12.060444247850821,none,15.15566190388196,3,2,13,13.846471161710102,1.6729761232759297
2026-05-09T21:45:29.745849,66B Retour,LANSARINE,ELMELEHA,40.31854722166878,clear,90.84354645634353,manifestation,18.161006332055585,0,6,2,64.75744117126334,4.085802642292193
2026-05-09T21:45:29.747351,16B Retour,SIDI TALEB 16D,ERRIADH,16.088095556263738,clear,55.549679936207575,none,10.558892619497662,3,4,11,33.42341998436272,3.99044747622564
2026-05-09T21:45:29.747351,37 Retour,PLACE 14 JANVIER (BOUMHEL),BIR EZZANGA,40.97939774489148,cloudy,23.68223678157833,none,32.984370754190074,0,2,9,33.368825417306525,5.93956555412198
2026-05-09T21:45:29.747351,62A Retour,TOUBEN 2,LA POSTE,40.97488757037938,clear,48.730345975802905,none,10.388154058786615,2,7,13,24.207175022448904,1.8797924097084007
2026-05-09T21:45:29.747351,60G,TRIBUNAL TAAKIB,RUE DU SAHEL,21.44473024233068,clear,29.872236680707523,none,28.983157521973002,6,2,5,15.662441545199773,2.852812505918751
2026-05-09T21:45:29.747351,21A Retour,MINOTERIE,ANCIENNE GARE AHMED ZAIED,30.239921454259992,cloudy,41.881261640029706,none,23.412315089115594,4,6,6,19.724435138228916,2.448462115695629
2026-05-09T21:45:29.747351,54A/,ZONE INDUSTRIELLE,IMPRIMERIE OFFICIELLE,48.01449115610675,clear,58.17791183073325,none,8.387864788604585,4,5,17,46.29346801617587,9.58651592277344
2026-05-09T21:45:29.747351,43 Retour,Depart,Arrivee,50.07685559414948,storm,53.90686395337262,none,25.534703647158175,3,7,20,44.0705993914544,3.0893288913024657
2026-05-09T21:45:29.747351,54 Retour,14-janv,AV EL BORHENE,52.97826158234729,clear,96.05999715840535,none,11.268784949041219,0,9,23,24.033056356730885,1.7040848767533543
2026-05-09T21:45:29.747351,27A Retour,ECOLE ABU EL KACEM ECHEBI,EL ANBARIA,13.820842971902572,clear,93.72869963540413,none,32.997453561181416,6,2,10,52.39380056863663,6.17632450403777
2026-05-09T21:45:29.747351,24,MHAMDIA CENTRE,CITÃ‰ TRABELS,32.530982836487894,fog,19.51241319156467,greve_transport,22.184738798195784,4,8,7,91.97775500829697,1.4148632245658952
2026-05-09T21:45:29.747351,24A,FOUCHANA CENTRE,GARDE NATIONAL FOUCHANA,13.604216799933669,clear,11.08976277113987,congres,31.600267502688222,3,11,13,31.670874470060763,0.5672222583743611
2026-05-09T21:45:29.747351,60G Retour,IBN SINA(SECTION),LYCÃ‰E 2 MARS EL OUARDIA L(G,23.2523214162502,clear,17.39545007287846,congres,17.45423287927745,0,9,7,44.40872926174731,3.3353512016036477
2026-05-09T21:45:29.747351,19G Retour,COLLÃ‰GE YASMINE,CENTRE DE COORDINATION OUARDIA,13.462715314292996,storm,53.04297651183314,marathon,18.310896110228107,3,11,3,116.54217074086205,7.317770378071916
2026-05-09T21:45:29.748354,43 Retour,Depart,Arrivee,56.01485906097039,cloudy,65.4849754205575,none,9.399540028159024,1,7,16,27.94721124494302,2.3301637858922652
2026-05-09T21:45:29.748354,80 Retour,CITÃ‰ ELLI,PLACE PASTEUR,19.873524492996864,fog,68.12297313896855,none,34.110302046995756,6,1,22,44.59056599886392,5.0388111496532755
2026-05-09T21:45:29.748354,33,CITE ESSALAMA,CENTRE DE FORMATION MGHIRA-ALLER,58.91986394002979,cloudy,60.20319029599629,none,9.723462623936836,5,11,21,27.243184547851172,13.524222752159044
2026-05-09T21:45:29.748354,95 Retour,CAFÃ‰ HAMME,INEPS,15.397185732323218,cloudy,18.268379893904022,congres,23.628612162078067,3,6,22,36.69924299863773,0.9736465963489658
2026-05-09T21:45:29.748354,44A,ARRÃ‰T BAB HADI,BORJ YOUSSEF,17.57846857938368,clear,61.94555049587951,marathon,21.881616392152697,1,10,7,141.8276321262578,19.66205327377789
2026-05-09T21:45:29.748354,32,CENTRE DE FORMATION ZOUHOUR-ALLER,KHAROUBA-ALLER,47.0856030756465,fog,35.011188752398105,none,36.154127550142036,2,9,1,38.801333170263916,0.22621731136888723
2026-05-09T21:45:29.748354,54A/ Retour,SOMMET EL MOUROUJ 2,CROISEMENT MOUROUJ 2 L24,27.769228434286973,rain,59.8803862718815,none,32.351704320899,3,1,21,33.053641298799526,1.8075503721469826
2026-05-09T21:45:29.748354,14CG Retour,GARE ROUTIÃ‰RE NORD RETOU,TELECOM,47.93381950555024,cloudy,78.06381921023073,manifestation,23.05020973125714,4,10,18,71.06796821296986,1.6779863446019778
2026-05-09T21:45:29.748354,16/,BOUDREYA,SECTION MANOUBA,16.89114495796177,cloudy,10.169189517241957,none,8.93028417100652,3,12,13,21.25201700855768,1.3380590697160564
2026-05-09T21:45:29.748354,20C Retour,LAC PALACE,BANQUE DE L'HABITAT,30.1163562343278,fog,55.909874124894266,festival,11.332395453449198,3,4,22,57.069021547767,5.198075856341829
2026-05-09T21:45:29.748354,36 B,CLINIQUE TAOUFIK RETOUR,FOYER BARDO 2 RETOUR,23.491036006410717,rain,54.843011403710825,none,9.873629735807334,3,10,12,42.414647051989135,1.942436602474702
2026-05-09T21:45:29.748354,263 Retour,Depart,Arrivee,49.43074823362032,cloudy,49.61790981599415,none,18.50216811549797,0,2,22,27.73024126405372,6.199908026222641
2026-05-09T21:45:29.748354,264 Retour,Depart,Arrivee,42.12825997675958,clear,67.25596282374094,match_sport,11.786758109548394,6,12,5,43.86558791242866,6.373661327062616
2026-05-09T21:45:29.748354,31A Retour,BEJAWA 2,CHAMP DE COURSE KSAR SAID ALLER,20.14681837874511,cloudy,98.1682043530495,none,30.408062702224672,4,6,21,60.86346647368384,11.450410544005017
2026-05-09T21:45:29.749354,58,P.T.T OUED ELLIL,CITÃ‰ ENNAJE,52.636400993785564,clear,43.92227482627348,none,23.38899202409823,1,5,20,11.2849569636538,0.5240650530876927
2026-05-09T21:45:29.749354,23/,ENTREE FEJJA-ALLER,ECOLE FEJJA-ALLER,12.492101389147077,fog,91.84511728075566,match_sport,8.224934522035813,5,12,8,78.1830110744738,1.1982601314796906
2026-05-09T21:45:29.749354,247 Retour,Depart,Arrivee,42.84775781335698,storm,16.206221472077907,none,17.029986390182405,2,7,6,46.03071517337499,13.687564127294515
2026-05-09T21:45:29.749354,26A,CENTRE DE FORMATION SNT,KM 14 CROISEMENT GP1/MC39,28.560354694499914,clear,86.03104926574193,none,13.004217740910335,2,4,3,106.14651717788274,36.73719857089145
2026-05-09T21:45:29.749354,16/ Retour,SAIDA,INEPS,30.554780130035326,clear,90.98500111185452,none,29.24126995761885,6,7,19,64.00503854365849,12.256908672706789
2026-05-09T21:45:29.749354,34,CITE ESSALAMA,STADE MELLASSINE-RETOUR,34.72405656475465,storm,23.04685651418353,festival,14.118102446873248,2,3,16,180.0,79.35696641566733
2026-05-09T21:45:29.749354,3710,SOCIÃ‰TÃ‰ THAL,MEUBLATEX,21.265846497561753,clear,86.5554452057024,none,24.748509163979726,3,10,1,86.00289334691918,20.908772178066656
2026-05-09T21:45:29.749354,19C,DUBOSVILLE,STATION BARCELONE,45.39175486148844,cloudy,17.355281117210044,none,23.510281188161503,4,2,20,7.463282094071542,1.9893508061785816
2026-05-09T21:45:29.749354,87,SALLE FERDAOUES-RETOUR,BARDO-RETOUR,30.588277079225424,cloudy,59.088868246621495,none,24.400084760650614,2,3,9,55.62210163677585,9.148377605678515
2026-05-09T21:45:29.749354,81B,CENTRE CHALLAKH EL MOUROUJ 4,AV EL BORHENE,18.235317671614794,clear,78.10763551197715,none,14.556200772822802,6,6,20,25.812257116732592,2.0863712394914633
2026-05-09T21:45:29.749354,3A,BORTAL ALLER,ARRÃ‰T ETTADHAME,48.60062381549952,clear,15.868413213444285,none,37.095046587569925,1,4,0,12.697698833095181,1.6221959899729823
2026-05-09T21:45:29.749354,54 Retour,SILOS MÃ‰GRINE COTEAU,SIEFCOL,42.8390052362147,rain,44.23780067568061,match_sport,38.86325292482597,3,10,23,55.4598540433851,3.5421677810028522
2026-05-09T21:45:29.749354,72 Retour,MOSQUÃ‰E AVENUE CHEBB,CHAMP DE COURSE KSAR SAID ALLER,41.729120877515186,rain,45.63734253962094,foire,25.05692375187648,3,4,9,59.19530365847595,3.263540642819792
2026-05-09T21:45:29.749354,63,PASSAGE JEANS JAURES ALLER,PHARMACIE CENTRAL,40.67365693195882,clear,90.74677068681571,none,24.225635323694114,6,8,0,27.351919426854426,3.17169634953451
2026-05-09T21:45:29.750355,259 Retour,Depart,Arrivee,25.658099740864117,rain,97.098028939305,manifestation,11.764607621098406,5,7,10,91.58666854982388,14.539772613628386
2026-05-09T21:45:29.750355,21A Retour,ERRISSALA,GARDE NATIONAL MORNAG,43.395999940181355,cloudy,24.935940576620652,marathon,21.679670013459685,2,5,22,53.57367336596023,3.2769281776361208
2026-05-09T21:45:29.750355,66B Retour,ECOLE EL HAWARIA,ENTREE CHOUIGUI,13.970329232151476,cloudy,26.8670749687824,manifestation,34.210032443573,5,3,17,138.68394414198022,18.691991136483747
2026-05-09T21:45:29.750355,21,CANAL L21,KHLÃ‰DIA GAR,33.55839494664073,rain,51.33386774558925,none,23.814798312009597,3,12,2,28.1976578638439,4.289528657988767
2026-05-09T21:45:29.750355,35,10 DECEMBRE,RABATTEMENT 10 DECEMBRE,14.358973391591558,cloudy,47.81068550629525,marathon,31.669481623256438,1,11,17,75.88486579076985,0.3081768742564659
2026-05-09T21:45:29.750355,66 Retour,FORET DE TEBOURBA,ENTREE CHOUIGUI,52.072377654238,clear,98.11944442136391,none,12.040471730064088,1,2,15,25.095400722955002,1.2401602833831973
2026-05-09T21:45:29.750355,32D,CHARLE NICOLE-RETOUR,BAB ABDESLEM-RETOUR,51.852056262147,clear,67.8593719052837,festival,24.404952100641694,6,5,5,28.24072262390997,0.7285370423040458
2026-05-09T21:45:29.751357,54 Retour,AV DE FRANCE,CENTRE BEN AROUS,53.5602241131526,rain,80.96026089279688,festival,16.329179442112096,5,11,0,33.762153606254905,1.2625606127112556
2026-05-09T21:45:29.751357,31C/,PLACE SALA CENTRE,CHORFECH 2,37.332411009389425,clear,97.91202956595934,none,21.521549705982228,5,10,7,64.46437182354896,20.688114715459715
2026-05-09T21:45:29.751357,254 Retour,Depart,Arrivee,24.001866477524473,rain,36.2996407415708,foire,32.126780915097086,3,4,8,93.75961948059505,14.745181705648786
2026-05-09T21:45:29.751357,26C,CITÃ‰ JABE,STATION DE BUS MORNAG,32.49211039862796,clear,20.822250386050808,none,16.426105080102403,0,8,8,30.512022983099392,1.675938291608709
2026-05-09T21:45:29.751357,77,SABALET BEN AMAR,EJJBAL,39.917874214887945,clear,36.99272003562862,festival,9.54057075130731,3,8,3,56.591835035625756,17.673855785147886
2026-05-09T21:45:29.751357,249 Retour,Depart,Arrivee,54.615124906982615,clear,17.107224597174575,none,33.42650491840609,2,11,11,20.924096613766086,14.936125226678339
2026-05-09T21:45:29.751357,20,NACER,SIDI ABD AZIZ,42.94125350700352,clear,29.82027712395836,none,31.602103970970457,4,9,8,27.369629326184455,0.35637898124841527
2026-05-09T21:45:29.751357,51 Retour,Depart,Arrivee,57.79122418603761,clear,72.50054105176379,none,37.14165054192446,6,9,13,35.295415347137805,5.7714197970578525
2026-05-09T21:45:29.751357,77,OUED ELMELAH,HUILERIE ENTRÃ‰E GALAA,57.40541600857211,clear,80.99220375148236,none,29.645643594828552,5,12,3,32.488498881178955,8.551055112488054
2026-05-09T21:45:29.751357,45,CITÃ‰ ERRAJE,FRIGO,47.17969580882799,cloudy,67.06936282386982,none,16.140530586939104,4,12,16,27.966662265241595,4.225343459702549
2026-05-09T21:45:29.752356,61,GUITOUNI-RETOUR,BIR DROUJ-RETOUR,21.942833020096383,clear,50.54187714920364,none,27.920630263351846,2,4,13,41.108702023162756,6.472704059427468
2026-05-09T21:45:29.752356,19G Retour,LUSTRERIES,POSTE POLICE BELLVUE,52.1962306305862,clear,51.65667595142656,none,14.99231469933217,2,6,9,29.04334789449396,5.149157810222869
2026-05-09T21:45:29.752356,54B Retour,FOYER UNIVERSITAIRE MOUROUJ 3,CITÃ‰ AF,24.228115088144875,rain,57.84395181439878,marathon,26.392945736461286,4,11,6,67.7461155571975,2.2552906138341866
2026-05-09T21:45:29.752356,27 Retour,EL GHAZELA,ENKHILETTE,29.493617647077205,cloudy,89.40327004853629,festival,16.261544134117415,0,10,15,45.359080402850005,1.1349762642049441
2026-05-09T21:45:29.752356,255 Retour,Depart,Arrivee,57.70165637925203,cloudy,87.65924526211711,none,30.96230799141102,6,1,14,35.14302243208355,9.453136341291428
2026-05-09T21:45:29.752356,3710,SOCIÃ‰TÃ‰ DE CHAUSSETT,TERMINUS BORJ CEDRIA,39.81607594301842,cloudy,91.02891412668443,none,18.274595106785604,6,2,8,52.88719514582724,10.360017054120796
2026-05-09T21:45:29.752356,257 Retour,Depart,Arrivee,42.322504506230345,fog,63.88231620871876,none,12.443882444688544,0,7,8,66.0858855204675,13.23178030852883
2026-05-09T21:45:29.752356,104,RESTAURANT UNIVERSITAIRE MANNOUBA ALLER,HOPITAL HABIB THAMEUR,51.45088662727455,storm,83.80113662074204,festival,25.03976638198869,0,7,10,80.5266148194872,14.836517663685044
2026-05-09T21:45:29.752356,74B,PONT MOUROUJ 2,CITÃ‰ EL FAOUE,55.50673183910671,rain,29.444622851051847,none,34.13514248187343,3,5,5,18.049584727721058,3.8437299831638843
2026-05-09T21:45:29.752356,251 Retour,Depart,Arrivee,13.880732236572044,cloudy,87.55682454264658,none,15.240931462855418,2,12,2,81.31325581038509,9.109728953487375
2026-05-09T21:45:29.752356,19 Retour,GARE SIDI REZIG,DUBOSVILLE,39.109937329705694,clear,64.09667501202097,festival,30.02896059174838,1,8,6,44.15231807084092,5.590748601160854
2026-05-09T21:45:29.752356,20C,JARDIN THAMEUR,PLACE DES DROITS DE L'HOMME,57.33222169967731,clear,56.551544354289874,none,8.214732489729919,6,11,14,19.27165578485293,0.753143953321774
2026-05-09T21:45:29.752356,27,LYCÃ‰E EL WAF,LA PETITE ARIANA,15.062995730757947,rain,57.79768103967186,manifestation,26.56708860112094,0,4,5,62.39492895949931,0.6214647212601419
2026-05-09T21:45:29.752356,34,GHDHAOUNIA MOSQUE-ALLER,CHARLE NICOLE-RETOUR,11.547789545967177,clear,24.402244281687466,none,32.198835646405655,4,10,14,180.0,67.93179323868083
2026-05-09T21:45:29.752356,26B,LE CANAL,CARRIÃ‰RE MORNA,28.740178389089817,clear,49.971494184917645,holiday,25.45219587898568,2,4,12,43.42930769637262,1.2162298054093519
2026-05-09T21:45:29.752356,94  Retour,Depart,Arrivee,22.34537133337928,rain,42.056708240583475,manifestation,30.688439177185018,4,12,16,58.72075915327957,4.290521007253552
2026-05-09T21:45:29.752356,31B Retour,BEJAWA 3,CITE EL BOSTANE,27.363851951525376,cloudy,22.527703121112594,none,28.039498285474043,3,3,10,17.134113209013424,2.3919676937172767
2026-05-09T21:45:29.752356,92,CHEMIN DE FER-ALLER,HOPITAL ERRAZI-RETOUR,38.46886805911414,cloudy,28.118089704018992,none,9.262705052508778,4,4,16,21.759515519347683,1.7687746460323677
2026-05-09T21:45:29.752356,32C,SONOBOIS,MOSQUE ZAHROUNI-RETOUR,46.107161772795294,cloudy,88.29722436829165,none,33.29631341679632,0,8,4,32.6821725194346,1.0207276778876224
2026-05-09T21:45:29.752356,14C Retour,CITÃ‰ ERRAFEH,LYCEE CITE ERRAFEHA,57.45560715447203,cloudy,18.430517863531918,match_sport,23.74179520338333,1,4,22,25.094282367626644,0.6453777841000945
2026-05-09T21:45:29.753858,254 Retour,Depart,Arrivee,36.12220727027322,cloudy,49.710134228979385,none,37.39951073940408,1,1,18,62.537857353528835,13.11808003874373
2026-05-09T21:45:29.753858,42,BOUCHOUCHA-ALLER,BOUDREYA,57.80235718059666,clear,19.83377892786593,manifestation,22.052794132279946,0,8,16,39.461398530151946,5.447489346214407
2026-05-09T21:45:29.753858,32C,BARDO-RETOUR,BAB SAADOUN,32.41595276847111,cloudy,66.39332599838892,foire,8.611715021752449,4,6,21,51.16172460390044,1.2900715646449825
2026-05-09T21:45:29.753858,73 Retour,Depart,Arrivee,41.627205498291396,cloudy,83.78180244862548,none,31.45763807551979,2,3,14,44.92833224279424,3.8091142436526573
2026-05-09T21:45:29.753858,67 Retour,Depart,Arrivee,51.423464972455854,clear,11.288374990035399,festival,34.692627104021625,6,5,0,14.110292963397802,1.0793214034139418
2026-05-09T21:45:29.753858,18 Retour,EZOIDIA,CHOTRANA 2,29.95500940368615,cloudy,35.23010147123688,festival,8.783950344564875,2,8,10,43.02890980530973,4.505314898726618
2026-05-09T21:45:29.753858,60A Retour,13 AOUT,RUE DU SAHEL,10.304437411991954,clear,88.20498270512306,festival,11.613812565952362,1,12,1,56.92049531300588,0.7491251840462612
2026-05-09T21:45:29.753858,14CG,CENTER DE FORMATION RAS TABIA ALLER,NOGRA,53.17003834285009,clear,36.32635819636676,none,16.5173764004972,4,7,21,11.024230175477756,2.551084809194519
2026-05-09T21:45:29.753858,20A Retour,CITÃ‰ ESSALE,CITÃ‰ TAIEB MHIR,37.44902247208209,clear,13.030226039248545,none,21.315885698274954,6,1,21,6.748420487783725,0.9907356620523009
2026-05-09T21:45:29.753858,23D,GHDIR ELGOLLAH-ALLER,CROISEMENT HMAIEM-RETOUR,41.239193139470125,clear,71.43554991010622,none,30.846484240210874,4,8,19,112.58402008802044,51.504384036552864
2026-05-09T21:45:29.753858,89,SIDI HSIN SECTION-RETOUR,STADE MELLASSINE-RETOUR,17.143798066970586,rain,34.42684424020429,none,17.096770973680535,1,11,17,53.86428915922336,4.880132233436106
2026-05-09T21:45:29.753858,56 Retour,BAB ABDESLEM-RETOUR,ALI BALAHOUAN,39.674288148796734,fog,62.493986603174086,none,18.891863881784406,0,12,11,31.40713150960805,1.50368562407591
2026-05-09T21:45:29.753858,31B Retour,BORTAL RETOUR,CHEBBI RETOUR,16.496496226785062,cloudy,87.98931835741782,none,37.03039428993991,4,3,18,59.96919636246517,1.112682880474793
2026-05-09T21:45:29.753858,43,TERMINUS RABTA L ( 43B + 43 ),INSTITUT DE LA NUTRITION,15.801134067408464,clear,60.816614589753684,foire,35.015958476986185,1,7,22,53.1151428082613,0.4117141770252435
2026-05-09T21:45:29.754860,5,LA FAYETTE ALLER,INSTITUT NATIONAL DE LA MÃ‰TÃ‰OROLOG,43.31927067891032,storm,78.49340112257048,congres,30.481296049113823,4,4,8,83.70971056465191,4.558903280656411
2026-05-09T21:45:29.754860,73 Retour,Depart,Arrivee,15.240403249878606,clear,44.660810791225,manifestation,23.23096739237299,1,3,15,77.04118483301224,6.177385583820473
2026-05-09T21:45:29.754860,14CG,TELECOM,FOYER BARDO 2 ALLER,51.10899434082116,rain,29.079464922879225,festival,23.113017733215415,5,1,23,30.044535995168342,2.9992909601542634
2026-05-09T21:45:29.754860,54D Retour,PROTECTION CIVILE,INSTITUT ENNOUR,16.83004518255863,cloudy,76.47377123190977,none,28.63464332871404,3,8,20,47.654923148517,4.387391132356745
2026-05-09T21:45:29.754860,78,GARE ROUTIÃ‰RE SU,HOPITAL DES ENFANTS,14.267066824216244,clear,70.01799944958296,manifestation,33.02449071785495,3,5,20,103.47549205969123,10.632622213704193
2026-05-09T21:45:29.754860,60A,"ECOLE PRIMAIRE 6,1",RUE 10800 (1),16.218419950025513,clear,54.357812600270194,none,24.990005709187002,3,8,21,21.365158737620327,0.2890808215535632
2026-05-09T21:45:29.754860,16D Retour,BAB LAASSAL,ALI BALAHOUAN,53.88235098253907,clear,45.78828216328325,match_sport,22.557404464242786,6,1,15,26.885047032525282,0.8804664393358337
2026-05-09T21:45:29.754860,68,CHEBBI ALLER,MESS DES OFFICIERS,13.819247249572799,clear,43.09602857245989,none,21.936244015110102,0,1,20,35.04729027928697,3.372524743952761
2026-05-09T21:45:29.754860,20B Retour,IMPRIMERIE BEN MAHMOUD,MONTPLAISIR,10.067681285773407,clear,68.18128674741374,greve_transport,35.105946463484784,2,8,8,180.0,13.07732289490805
2026-05-09T21:45:29.754860,19C/ Retour,CNSS,DJEBEL JELLOUD GP1,54.97276062730508,cloudy,94.36405943478887,none,23.1488282078372,3,10,22,32.42714065043868,1.9121575328974099
2026-05-09T21:45:29.754860,10C,JARDIN D'ENFANTS AMEN,CNSS,57.13621595470561,rain,99.21951114077986,none,38.808587208102594,0,1,21,46.84140076215,3.8680646423213485
2026-05-09T21:45:29.754860,16C,BOUDREYA,CITÃ‰ ENNAJE,38.91491997101804,clear,83.00113929401238,none,20.421302596063857,2,1,10,31.079883059571266,5.171122509785251
2026-05-09T21:45:29.754860,19G Retour,LYCÃ‰E 2 MARS EL OUARDIA L(G,GORJANI ALLER,33.49941340789683,fog,73.69492152407747,none,12.713697416927051,3,4,4,35.789226074517806,2.092554797228905
2026-05-09T21:45:29.754860,54,MUNICIPALITÃ‰ BEN AROU,CAFÃ‰ AYE,58.11551014938921,cloudy,93.57942583133946,match_sport,25.499508511204038,4,3,13,61.98408888158248,7.814813089564696
2026-05-09T21:45:29.755861,116,MOSQUÃ‰E OUED ELLI,OUED CHAFROU,20.45927327039639,clear,85.92846976466413,greve_transport,33.38057196789566,6,12,10,89.47642063126693,7.89000024563615
2026-05-09T21:45:29.755861,22G,CENTRE BEN AROUS,SALLE DES FÃ‰TES KERMES,30.333703499929157,storm,57.02857450588479,none,22.686831340073557,2,7,17,70.3048435769463,6.201543360559304
2026-05-09T21:45:29.755861,78 Retour,Depart,Arrivee,20.697851934411844,clear,11.277104445619045,manifestation,31.427923418974586,0,11,1,55.47094207908942,6.532882968339583
2026-05-09T21:45:29.755861,9B,LYCÃ‰E OUARDI,HAMMAM J-JELLOUD,21.601991445055297,clear,80.32139565529656,congres,32.43453020373032,3,9,21,70.40568588168537,12.695709631789763
2026-05-09T21:45:29.755861,18B,LA POSTE,ONAS SIDI SALAH,56.3097034215891,clear,67.09273199845185,none,18.293439669105556,6,8,1,20.266602096519964,7.871088072778851
2026-05-09T21:45:29.755861,34A,ECOLE ZOUHOUR4-RETOUR,JARDIN THAMEUR,43.121700585053404,clear,35.99964450182491,none,37.42499278899359,0,9,18,44.814860686526096,6.276118021198414
2026-05-09T21:45:29.755861,24F,AMEN BANQUE,PROTECTION CIVILE,41.77218228297613,clear,12.935615350740985,none,22.21969117572846,0,2,13,7.115737720812965,0.5263575010406178
2026-05-09T21:45:29.755861,260 Retour,Depart,Arrivee,55.11182017311191,fog,97.69350148113318,none,34.874117188656996,0,5,8,62.776250143969015,1.5042634560799695
2026-05-09T21:45:29.755861,66,CITÃ‰ ERRAJE,LYCÃ‰E EDKHIL,24.123937198851333,storm,62.34600636902742,none,26.562842709422547,3,10,2,80.54139325752837,15.030385770445829
2026-05-09T21:45:29.755861,46 Retour,ELAROUSSIA1,SOCIÃ‰TÃ‰ DE FROMA,54.62791137432372,clear,80.23289527061935,none,23.92127526867527,4,8,19,39.44332931241741,2.5979545675685394
2026-05-09T21:45:29.755861,19 Retour,DJEBEL JELLOUD GP1,DUBOSVILLE,39.690124040480775,clear,67.24382219019714,none,17.44773767966855,4,1,2,26.464756420523898,1.6502632026024466
2026-05-09T21:45:29.755861,19,EL AFRANE,GARE DJEBEL JELLOUD,48.69531108853326,clear,84.2309070650008,none,22.825396904729498,3,7,20,25.91521719275084,1.4221732480364349
2026-05-09T21:45:29.755861,23,BOUHALLEB-RETOUR,CITE JABRI-RETOUR,10.000581737768307,clear,57.02591629770296,none,39.13850121511465,6,6,6,114.37805525592137,14.130266088621681
2026-05-09T21:45:29.755861,43,HOPITAL DE NEUROLOGIE RABTA ALLER,INSTITUT DE LA NUTRITION,25.504226917137753,cloudy,67.65720335223278,none,32.29020605626802,5,5,17,31.302014934297727,0.5630726177867718
2026-05-09T21:45:29.755861,16B Retour,SAIDA,POMPAGE,23.571928881710008,clear,40.32682531457108,holiday,20.984037395681952,5,5,15,20.872957059118512,2.6359421665802287
2026-05-09T21:45:29.755861,635A,FOIRE LA CHARGUIA,DEPOT CHARGUIA,30.723485776967166,rain,11.860423200271402,none,24.563081642096705,2,10,16,14.928839919717863,0.4837242437348923
2026-05-09T21:45:29.755861,5 Retour,MUNICIPALITÃ‰ CITE EL KHADR,MINISTÃ‰RE DE L'AGRICULTUR,40.077693964991205,clear,74.2981747664118,match_sport,11.280510850127182,6,9,0,30.732641061165193,0.346248232915499
2026-05-09T21:45:29.755861,635 Retour,FRETTE,TERMINUS TUNIS MARINE BUS,50.17590542174672,clear,21.261273142757226,manifestation,19.02733070232191,2,9,1,39.25557052104326,5.368994982146032
2026-05-09T21:45:29.755861,23C,BIR ED DROUJ-ALLER,20 MARS L23C/D-ALLER,26.780522713492136,storm,87.08835013731341,festival,31.265816371692484,4,7,14,78.5713112947807,4.501866311314126
2026-05-09T21:45:29.755861,635 Retour,CENTRE DE TRI POSTAL,ONAS,29.217751926206745,clear,85.50975949462097,none,30.51839294812963,1,7,13,39.35872559256159,2.058040854848821
2026-05-09T21:45:29.755861,51 Retour,Depart,Arrivee,45.243550502169086,rain,59.17872844700626,congres,9.653399093054755,4,11,0,56.29521770833588,7.75170105753069
2026-05-09T21:45:29.757364,24D,FERAILLE 2,BRIQUETERIE TUNISIENNE,24.502276598121846,fog,70.54326947880082,match_sport,16.014972761359967,6,3,23,58.63811200596196,5.968997129381492
2026-05-09T21:45:29.757364,260 Retour,Depart,Arrivee,51.64151883941356,fog,11.094109432964812,festival,9.658745571831329,3,5,16,45.22945332068503,5.294872393309976
2026-05-09T21:45:29.757364,25,DJEBEL JELLOUD,MOUROUJ 3,53.89922484924174,cloudy,32.241839919525276,none,10.685425146285741,2,6,8,26.421663926810393,5.6543862000819685
2026-05-09T21:45:29.757364,19E,"PONTS ET CHAUSSÃ‰ES , SAINT GOBI",CAFÃ‰ AYE,59.102476850798126,rain,76.01380718428935,none,32.991868595679726,4,8,21,46.16836548555309,14.865064947977206
2026-05-09T21:45:29.757364,20C Retour,CITÃ‰ MOHAMED AL,MAISON BLANCHE,32.50582632374055,storm,19.28092261672682,none,39.32664022531533,4,2,8,77.95830919664716,13.3698158358226
2026-05-09T21:45:29.757364,51A,SOULA,CLINIQUE CITÃ‰ NACE,23.213813157931966,clear,53.473572780300096,none,17.198773276712004,5,6,9,32.57615427687707,2.6639504230077815
2026-05-09T21:45:29.757364,51A,SNIT,CLINIQUE EL AMEL,13.41670524228021,clear,72.62177298899005,none,10.947048103452875,5,5,1,30.290983295906056,2.178416346917137
2026-05-09T21:45:29.757364,6P Retour,CITÃ‰ ELLI,TOUTA 10 DECEMBRE,22.544652284555124,cloudy,73.59668828908386,none,18.013036614836743,2,12,3,31.461331562961384,2.5490456248878623
2026-05-09T21:45:29.757364,77 Retour,GESSIR 2,MARBRERIE,56.952854798359354,clear,79.50709136488086,none,19.95375363352582,3,1,12,50.652880462883395,23.5611031725779
2026-05-09T21:45:29.757364,74B,FACULTE 9 AVRIL ALLER,13 AOUT,22.655076958980437,clear,96.18229135754356,none,34.873651413261655,5,6,9,39.60522610426756,2.686382158229854
2026-05-09T21:45:29.757364,94,DOKEN BEN TARCHA,PONT RACHED,31.72016595033049,cloudy,10.814874542233389,none,27.62533391639613,1,2,8,29.134661006337137,4.394819680699229
2026-05-09T21:45:29.757364,4G Retour,KHAZNADAR-RETOUR,CHARLE NICOLE-RETOUR,42.69970461699006,rain,14.5016719139001,foire,8.94412976464659,0,5,0,40.0934448062726,4.029634685184511
2026-05-09T21:45:29.757364,81A Retour,STEG MOUROUJ4,CROISEMENT MOUROUJ 3,43.64358342990399,clear,95.63416391591085,manifestation,33.7628901918612,3,11,18,69.46493766573634,1.0234545038009832
2026-05-09T21:45:29.758366,81B,CITÃ‰ AF,AV EL BORHENE,49.338475167856366,clear,56.22499418898921,none,39.60510695492006,2,10,7,36.15972461801882,0.345659726428861
2026-05-09T21:45:29.758366,259 Retour,Depart,Arrivee,36.91659716278567,clear,43.1604027924921,marathon,29.326817520858743,2,5,23,57.91421657588545,6.758752530988014
2026-05-09T21:45:29.758366,20G,SCHILING,DAH DAH,31.380066685166867,clear,68.43900921191934,foire,10.04820309147587,6,6,1,40.59817248794163,4.3806877622744835
2026-05-09T21:45:29.758366,47 Retour,GOULETTE NEUVE,FOYER ARIANA,35.13156213150653,clear,54.19861564448486,foire,11.372582979449767,2,6,22,69.30529050883668,18.16130974597231
2026-05-09T21:45:29.758366,57 Retour,Depart,Arrivee,30.4388630614566,fog,20.069255489421145,none,33.16871623650711,1,7,20,42.250098607746,11.087917681021686
2026-05-09T21:45:29.758366,23,RABATTEMENT SLIMEN KAHIA,AGBA SUPERIEUR-ALLER,56.22805276884024,clear,59.80421690791729,none,31.760986650893486,0,7,19,38.03987160561177,4.02484162742673
2026-05-09T21:45:29.758366,20B Retour,CITÃ‰ EL HABI,RELAIS GAMMARTH,41.61082988769745,clear,34.43488787636811,none,18.19548680843543,5,3,8,23.5450505881006,3.262823628291823
2026-05-09T21:45:29.758366,264 Retour,Depart,Arrivee,49.72428168242453,fog,41.03032780653823,none,21.264514074137352,0,5,21,38.55977589313694,6.755310524326157
2026-05-09T21:45:29.758366,37 Retour,SETCAR,TOUATI,18.264224507147873,clear,74.68656560681772,festival,24.477867197224302,5,1,21,80.373506242624,15.75203905385726
2026-05-09T21:45:29.758366,26B,SIEFCOL,CROISEMENT EZZAHRA,15.267274224066659,clear,56.73021137021846,none,15.851274053318754,6,6,22,40.57888515129416,7.06577896637756
2026-05-09T21:45:29.758366,27 Retour,ARRÃ‰T BAB HADI,LYCÃ‰E KHEREDINN,20.977696161490098,storm,65.46704373331517,none,21.3048033127463,2,3,0,49.76577196374254,0.6530632164044796
2026-05-09T21:45:29.758366,31C Retour,CHORFECH 3,RELAIS BARDO,11.107073773631473,fog,72.69645440956509,none,37.86007150106587,1,1,6,180.0,26.85148015845695
2026-05-09T21:45:29.758366,23/ Retour,POULAILLER MENZEL HBIB 23D-23/,CROISEMENT BORJ AMRI 23D-23/,54.783738880938934,clear,55.70245575629012,none,8.579969313463351,2,9,16,18.446159661727446,2.241689036503638
2026-05-09T21:45:29.758366,16D Retour,BAB LAASSAL,ALI BALAHOUAN,44.431581465393776,clear,10.898089899260444,festival,25.141011179122515,4,9,0,24.586558971819628,0.8804664393358337
2026-05-09T21:45:29.759366,249 Retour,Depart,Arrivee,52.16630838939416,clear,40.02655562531791,match_sport,22.441411616936158,2,2,18,50.69490528861325,6.663961189656243
2026-05-09T21:45:29.759366,17,CENTRE DE FORMATION SNT,CENTRE DE COORDINATION OUARDIA,10.77541653132961,clear,28.716072336045094,none,23.3363228772652,0,8,14,49.31703947262283,3.89067471541334
2026-05-09T21:45:29.759366,71,KHAZNADAR-ALLER,20 MARS RETOUR,37.27925913345739,storm,50.54307143235358,none,39.654968126648,4,11,19,82.92556658747571,12.403844997066244
2026-05-09T21:45:29.759366,10B,CENTRE BEN AROUS,CITÃ‰ RTT BEN AROU,33.21192598696125,cloudy,69.10565362494472,festival,8.267637820059427,1,1,10,53.26421330500016,6.225376189309274
2026-05-09T21:45:29.759366,37,LE THEATRE,BORJ CEDRIA VILLAGE,15.183929036713824,clear,62.29135840375985,none,25.537035413255683,4,7,15,51.243269703587075,5.921147072058297
2026-05-09T21:45:29.759366,4G,L'ARTISANAT-ALLER,EL FARABI MANNOUBA - ALLER,29.33100863169171,cloudy,41.226639376110256,none,13.077723958069917,6,3,15,18.77901628489344,2.0359923469429866
2026-05-09T21:45:29.759366,65 Retour,Depart,Arrivee,42.70663685139368,fog,62.09260790607465,none,13.007254912115219,4,11,9,53.47097076997229,4.793197776429116
2026-05-09T21:45:29.759366,19,GARE SIDI REZIG,SALLE DE SPORT,53.07568536134468,rain,75.19099656965857,festival,25.853678244822422,1,12,1,44.017412028465486,2.197580608378301
2026-05-09T21:45:29.759366,96,RABATTEMENT KHAIREDDINE MANNOUBA,GOBAA TERMINUS 96,57.92489178338701,clear,59.440838041248185,none,28.37637494541847,5,1,2,16.538365554545333,0.7533133728591199
2026-05-09T21:45:29.759366,25C,CENTRE DES HANDICAPÃ‰,DJEBEL JELLOUD,39.76516329637445,clear,69.57720503144817,match_sport,32.896807780628905,6,6,22,38.490228382234285,3.6111132504920427
2026-05-09T21:45:29.759366,93  Retour,Depart,Arrivee,48.68312824478329,cloudy,23.554729289644662,none,22.8476842068616,5,5,21,25.952159972297448,13.43849753892089
2026-05-09T21:45:29.759366,74B Retour,LA CAGNA (SECTION),ARRET ESSAYDA ALLER,31.449246592044524,clear,56.27809360084053,festival,21.965427159346977,5,2,12,39.4850509055592,2.224882386364884
2026-05-09T21:45:29.759366,60A,ARRET ESSAYDA ALLER,IMMEUBLE MILITAIRE IBN SINA,50.6356809946531,cloudy,97.0537228773729,manifestation,36.898999292049226,2,11,9,83.94669692791338,4.118899931752224
2026-05-09T21:45:29.759366,44B Retour,BORJ JEBBES,CITÃ‰ ERRAFEH,30.30059008530553,clear,17.220002181014266,none,8.503773215861663,1,1,13,22.008977157432053,2.3105300478437165
2026-05-09T21:45:29.760367,44 Retour,GESSIR 1,BORJ YOUSSEF 1,10.267308042718224,fog,47.33336074500525,none,20.49899544261703,4,3,3,113.971969595948,11.599733513933039
2026-05-09T21:45:29.760367,33C,LYCEE MIXTE SIDI HSIN,OFFICE DE L'HUILE-RETOUR,39.84259384438797,fog,93.62255680139165,none,24.88567891909424,2,5,4,55.06982835014657,8.937684455720772
2026-05-09T21:45:29.760367,63,CITÃ‰ ENNOZH,CAFÃ‰ HMIE,53.05226497516559,clear,94.59386127728402,none,38.374422181788525,2,7,17,50.05278700091175,0.9447412679346661
2026-05-09T21:45:29.760367,94 Retour,SONEDE AGBA-ALLER,RABATTEMENT SLIMEN KAHIA,13.490032730731446,cloudy,77.30149147834352,match_sport,21.242478890265467,3,6,7,90.94019197227216,4.492319769533822
2026-05-09T21:45:29.760367,5 Retour,INSTITUT NATIONAL DE LA MÃ‰TÃ‰OROLOG,TERMINUS TUNIS MARINE BUS,32.64555351338054,fog,15.454441694341881,festival,8.79891910784183,6,12,10,48.52968807937096,6.040949785838554
2026-05-09T21:45:29.760367,39,STEG,LYCÃ‰E TECHNIQUE RADE,34.42478163299527,clear,23.83219385597841,none,16.86440077843132,5,10,3,15.633341733727491,6.485122842625594
2026-05-09T21:45:29.760367,23E,AGBA SUPERIEUR-RETOUR,OUED GUERIANA L23,27.746233043850502,clear,12.856938883568976,none,10.706092099111611,3,7,19,23.76852775501459,1.8107276865090114
2026-05-09T21:45:29.760367,116 Retour,ZONE F,UNIVERSITÃ‰ IBN CHARAF RETOU,46.871304288533864,clear,82.23762811176367,holiday,8.96083217054057,0,7,9,78.9571931622519,17.09893949193497
2026-05-09T21:45:29.760367,79 Retour,Depart,Arrivee,33.25047587632138,rain,15.61546617384495,none,10.144529208038719,3,1,22,32.42323525981753,10.370320528266308
2026-05-09T21:45:29.760367,14C,SIDI ALOUI,ETTAHRIR SUPÃ‰RIEU,20.53965507750143,clear,52.21964899428208,none,11.231299418168355,6,5,19,38.986264345183606,4.273780594722419
2026-05-09T21:45:29.760367,247 Retour,Depart,Arrivee,58.653839895614915,rain,97.09853187426057,none,16.90779141320501,2,8,7,51.05407258964977,4.075895065479606
2026-05-09T21:45:29.760367,14CG,BAB SAADOUN ALLER,RÃ‰SIDENCE YESMINE RETOU,18.505770865464072,fog,79.91229989258991,none,39.575331248027155,6,6,23,43.26584730538563,2.5143538579250273
2026-05-09T21:45:29.760367,27C,EJLAME,GUICHET GÃ‰AN,38.1704182241927,rain,22.343363933746886,none,24.176280332475645,2,12,13,30.711497149537816,4.0046371566349315
2026-05-09T21:45:29.760367,32 B,JARDIN THAMEUR,MIZANETTA-RETOUR,25.323173402141016,rain,15.128085429763145,none,22.669805572206016,0,2,12,41.71129049112659,10.340972720718534
2026-05-09T21:45:29.761368,258 Retour,Depart,Arrivee,25.693774836123524,cloudy,85.60972705952798,greve_transport,36.46461795340042,1,11,19,137.42608200344486,8.318641981866177
2026-05-09T21:45:29.761368,88,AVENUE MADRID,JARDIN THAMEUR,44.35195752912403,cloudy,20.531055237215156,match_sport,11.943442422922395,3,11,6,28.81685481725308,0.6186372282791375
2026-05-09T21:45:29.761368,95 Retour,POSTE POLICE MANOUBA-ALLER,RABATTEMENT SLIMEN KAHIA,55.164900718785525,fog,83.60706750895265,none,31.55967392428266,6,6,13,37.76803672183357,0.7497526507109926
2026-05-09T21:45:29.761368,66B Retour,ROUTE CHOUIGUI,LYCÃ‰E TECHNIQUE TEBOURB,17.061177168657473,cloudy,26.674331984499133,none,14.998713610354663,5,2,12,25.74980283300915,3.4908933997315224
2026-05-09T21:45:29.761368,48 Retour,CITÃ‰ ERRAFEH,HOPITAL KASSAB RETOUR,37.938297231219885,clear,80.70787931762145,none,38.0446387213208,0,11,11,42.23143078929346,5.573379407434252
2026-05-09T21:45:29.761368,44D,MÃ‰DECINE VÃ‰TÃ‰RINA,CHOCO TOM,21.025213171782354,clear,88.66645959746667,none,16.423915088576358,4,10,12,70.61150843848827,12.126860710730604
2026-05-09T21:45:29.761368,260 Retour,Depart,Arrivee,12.675723145652164,clear,30.88501657310404,none,25.738799178891036,0,8,12,60.193669425542886,7.805826793008937
2026-05-09T21:45:29.761368,25D,FERME AMOR TOUIL,ARRÃ‰T JARDIN D'ENFANT,33.40345271171451,clear,78.4518078209754,none,23.592491331201625,6,1,17,42.139887527619564,7.412667260452608
2026-05-09T21:45:29.761368,69 Retour,RUE DES MARTYRS,MONCEF BEY RETOUR,48.47244470410235,clear,84.47977470466422,none,8.974837961886724,6,1,20,34.83154534244018,2.687193952647632
2026-05-09T21:45:29.761368,460 Retour,KHAZNADAR-ALLER,LE BELVÃ‰DÃ‰,35.06378223128647,clear,13.142039739060143,none,22.021715623947024,6,1,21,13.89938566065266,5.891195352387519
2026-05-09T21:45:29.761368,19C/,CENTRE DE COORDINATION OUARDIA,MOSQUÃ‰E MEDINA JEDID,32.45193839650629,clear,14.46529360049537,festival,11.57097599863192,2,12,7,49.089701292861776,5.9962562016022005
2026-05-09T21:45:29.761368,44D,USINE DE CARRELAGE,MTHALITH,16.274314839957533,rain,31.32399924159838,festival,26.105009754911883,5,6,22,57.68142485466587,7.607830271475056
2026-05-09T21:45:29.761368,254 Retour,Depart,Arrivee,10.957774277562645,rain,57.226207389528895,match_sport,15.50161920036847,0,5,10,138.71629597660157,14.46089254403757
2026-05-09T21:45:29.762367,35,FOIRE LA CHARGUIA,DEPOT CHARGUIA,42.66917492393403,clear,36.60890874512367,none,27.188082190717484,3,6,19,27.250405595376485,0.4837242437348923
2026-05-09T21:45:29.762367,514A Retour,CHARGUIA 2,DEPOT CHARGUIA,24.080802105281585,storm,10.925604634212283,festival,30.59987720176839,3,3,22,44.21370441169152,1.6860500621399375
2026-05-09T21:45:29.762367,44A,TOBYAS,METHALI,14.449485742817334,storm,58.69026090348962,greve_transport,38.047885506751285,3,6,17,134.33364140168402,1.4218432468233146
2026-05-09T21:45:29.762367,31A Retour,BOUCHOUCHA-RETOUR,BAB LAASSAL,23.647499736574392,clear,50.39009235951533,foire,14.060589372315075,5,6,23,34.731119266124814,1.8206657576912093
2026-05-09T21:45:29.762367,14A Retour,RÃ‰SIDENCE YESMINE ALLE,FOYER BARDO 1 ALLER,24.713336831855717,clear,94.73796192559969,match_sport,22.796517661201303,4,12,8,69.92784081682389,1.7193192745509147
2026-05-09T21:45:29.762367,67 Retour,Depart,Arrivee,45.85602842360968,rain,42.10918404609453,match_sport,17.4423151764579,6,1,15,43.918342188245596,7.160812651131582
2026-05-09T21:45:29.762367,33,USINE DATTIERS,RABTA,15.994554673635605,cloudy,57.83094227703748,none,23.770226705050387,3,9,13,73.70740941921814,10.748507906517041
2026-05-09T21:45:29.762367,65 Retour,Depart,Arrivee,39.180251850404986,clear,41.96184829784313,none,14.973078664064431,3,11,22,34.883950935396655,14.041768800332735
2026-05-09T21:45:29.762367,33A/,BAB ABDESLEM-ALLER,DEPOT SNT SIJOUMI,29.97593922934674,clear,10.97299752716767,manifestation,33.631382412907676,1,5,4,123.47702733415329,43.149399083412945
2026-05-09T21:45:29.762367,78 Retour,Depart,Arrivee,28.07706993770193,clear,62.65705979855828,none,36.66233482237992,0,8,1,31.17475062874385,1.4542082446606175
2026-05-09T21:45:29.762367,88,20 MARS RETOUR,BAB SADOUN,49.474614921202615,cloudy,60.513011026743165,none,21.553533311740683,6,10,8,36.43132049363126,1.043832028542333
2026-05-09T21:45:29.762367,44A,RÃ‰SERVOIR D'EA,KAMBOUZA,15.785065909015108,clear,57.12278366993076,none,39.661816504948206,0,9,0,33.984321088851445,2.4693631943984045
2026-05-09T21:45:29.762367,89,ECOLE CITE MRAD-RETOUR,BEN DAHA-RETOUR,33.867519906120066,clear,42.63038169031851,match_sport,18.501743449523584,0,6,12,48.080611789824964,2.373850189167314
2026-05-09T21:45:29.762367,91,POSTE POLICE MANOUBA-RETOUR,RABATTEMENT SLIMEN KAHIA,55.644622236828766,cloudy,26.44051458157013,none,26.447118001848125,0,5,12,15.15717786415796,0.7650557687888737
2026-05-09T21:45:29.763368,514A,CHARGUIA 2,CITÃ‰ DRID,56.855447245983854,clear,32.479494620186784,festival,27.815649025714613,0,9,3,31.046143006667254,8.173160256086346
2026-05-09T21:45:29.763368,14CG Retour,FOYER BARDO 1 ALLER,TELECOM,15.817924258224794,cloudy,94.46339423927391,festival,10.457697546061489,3,4,18,81.20681881619946,3.5909213894751346
2026-05-09T21:45:29.763368,19C/,SOFOMECA,CITE SPROLS,31.908835833317763,fog,96.6035301948241,none,32.00090918855012,1,5,5,49.894588847891214,2.8757603304420005
2026-05-09T21:45:29.763368,55 Retour,MOSQUÃ‰E DAOUAR HICHE,20 MARS RETOUR,17.840635265840284,rain,13.772369504463178,none,13.382516984528582,1,3,12,41.78041629716694,5.059228102446108
2026-05-09T21:45:29.763368,3AG Retour,FOYER BARDO 1 RETOUR,KASBAH,51.824924530901676,clear,51.81518519280738,none,18.130776317076837,2,10,15,11.2288020323226,2.9482349647048594
2026-05-09T21:45:29.763368,54A/,FERAILLE 1,IMPRIMERIE OFFICIELLE,43.871903561414726,clear,75.83468176388251,manifestation,12.685960211290116,5,6,4,54.94410048586922,8.760489422266089
2026-05-09T21:45:29.763368,116,ECOLE PRIMAIRE,DJEDAIDA GARE ALLER,52.210616264307156,clear,56.268589829613376,none,26.3373504198085,2,3,15,22.414972931024316,8.397782380734256
2026-05-09T21:45:29.763368,258 Retour,Depart,Arrivee,10.318952170329535,storm,96.91724888377728,none,31.30786733886867,5,8,4,123.54485414781806,12.276020602643708
2026-05-09T21:45:29.763368,59 Retour,Depart,Arrivee,23.29642253160594,storm,12.319263888791603,none,29.104191412842468,1,1,0,43.989952682100125,5.262895458485311
2026-05-09T21:45:29.763368,86 Retour,PROTECTION CIVILE,FERME LOUKIL,54.35596586118492,clear,54.7205966650044,foire,32.84129528051033,4,8,1,38.053285803418326,1.9466684179330684
2026-05-09T21:45:29.763368,47A,CARNOIE2,CARNOIE,44.5202860955536,clear,82.4467357359329,none,13.107996845829351,1,10,15,23.630846389987845,0.24099682415432255
2026-05-09T21:45:29.763368,251 Retour,Depart,Arrivee,21.74971387673458,rain,95.34263840110714,none,16.464505727642823,3,9,1,51.83989235821637,6.8747833592953445
2026-05-09T21:45:29.763368,44B Retour,GEANT,KIOSQUE,49.08077395981995,clear,32.30860228555812,festival,19.651608800335982,6,6,3,27.99765281411653,3.5081966171747645
2026-05-09T21:45:29.763368,27C,GUICHET GÃ‰AN,CITE EL BOKRI,23.761959051850415,cloudy,34.43428022884402,marathon,19.991103056236046,6,8,13,47.09265969089502,1.0215351476001544
2026-05-09T21:45:29.764367,19C,AV FAYCEL IBN ABDELAZIZ,CNSS,21.303953550528135,rain,93.7358578152393,none,22.40187646163921,3,5,14,53.79370173859865,3.6135888731004098
2026-05-09T21:45:29.764367,33A/,SIDI HSIN SECTION-ALLER,CITE KHOUIER-RETOUR,47.623416879324715,clear,54.32818426428604,none,18.700837727639957,6,4,3,47.36044193433898,26.64147255098917
2026-05-09T21:45:29.764367,21B,CANAL L(21B),PRISON CIVILE,55.540133548490665,cloudy,76.05148393016825,none,21.046904661287208,1,5,15,28.66266877305609,8.70631516379991
2026-05-09T21:45:29.764367,17,VILLAGE D'ENFANTS,EL AFRANE,44.85818460689902,clear,67.73540331306265,none,36.35475548203252,6,4,19,51.44032244724913,10.613839303692778
2026-05-09T21:45:29.764367,89,SOUK MELLASSINE-RETOUR,BAB ABDESLEM-RETOUR,43.65460654556085,rain,45.72929459867267,none,31.61443031672295,5,10,4,22.963207812378194,2.1584677011911992
2026-05-09T21:45:29.764367,84,TERMINUS CITÃ‰ ENNASSI,MHAMDIA CENTRE,11.501066607453595,clear,55.415712214692604,none,13.40997691007092,0,5,2,28.60353993172554,0.576810305026477
2026-05-09T21:45:29.764367,43 Retour,Depart,Arrivee,48.400271765660484,clear,50.17977296168939,none,29.29168666940494,5,7,15,31.637116294062174,14.08206254254818
2026-05-09T21:45:29.764367,259 Retour,Depart,Arrivee,23.946903803673838,clear,18.959186152789762,none,24.755217508883575,6,1,11,40.26211967003399,13.458787269080075
2026-05-09T21:45:29.764367,258 Retour,Depart,Arrivee,53.278119158610174,clear,21.335967674142243,greve_transport,29.56284474464015,2,12,12,72.7471566211387,3.1248557379154285
2026-05-09T21:45:29.764367,68,ALI BALAHOUAN,BORTAL ALLER,40.15750600614735,cloudy,61.78232558161887,none,16.8295262201775,3,10,9,46.188139016710494,5.218836673145219
2026-05-09T21:45:29.764367,19A,CAFÃ‰ AYE,GARE DJEBEL JELLOUD,42.521262441193215,clear,20.980667221920015,festival,11.630106147325336,1,10,15,21.08485662179501,2.650113996199556
2026-05-09T21:45:29.764367,24D,LE SOUK DES VOITURES,FERME GAMMOUDI,26.598575236792275,clear,11.2314173284613,none,16.27493091631309,6,12,19,28.895975398754217,5.37832963142673
2026-05-09T21:45:29.764367,38C,MERCURE,TERMINUS 38C,34.629950261090706,cloudy,82.49733222184513,none,33.79132482776268,3,4,4,31.543763248525448,0.273951897211413
2026-05-09T21:45:29.764367,26C Retour,EZZAOUIA MORNAG,YASMINET CENTRE,37.33481641481699,rain,21.473711212622156,match_sport,35.61628947415126,5,4,21,39.94629472213087,5.705403733881374
2026-05-09T21:45:29.765368,38C,LES JARDINS D'EL MENZAH1,CAFÃ‰ CHIRA,39.059771186047826,clear,78.0700842624598,none,37.57718626542916,2,7,20,35.138661021490705,0.712909172910587
2026-05-09T21:45:29.765368,47A,LYCÃ‰E NACER ,CITÃ‰ NACER ,43.25279945033156,cloudy,40.84578328851165,none,11.02140472513539,5,12,8,23.997487582417662,1.4958749576212709
2026-05-09T21:45:29.765368,94 Retour,CITÃ‰ AOUINE ,AGBA SUPERIEUR-ALLER,54.56000365318012,clear,39.04539154539746,none,12.742958787178388,4,11,22,32.11772261770823,20.49883453594679
2026-05-09T21:45:29.765368,4G Retour,BOUDRIA RETOUR,ONAS MANOUBA-RETOUR,35.72306638699471,clear,59.39855213883398,none,27.428328988274462,6,1,7,27.75929006434349,2.016471400974292
2026-05-09T21:45:29.765368,23E,GRIAAT,HUILERIE LOUKIL-RETOUR,30.236253191482934,clear,15.923058462151882,marathon,22.842055991285758,6,1,20,83.74015619448706,26.59920423422252
2026-05-09T21:45:29.765368,91,ONAS MANOUBA-ALLER,HEDI CHAKER MANOUBA RETOUR,52.97781984589684,cloudy,72.51883955291578,none,31.6321881123366,2,12,4,29.82209956077717,4.206424326541131
2026-05-09T21:45:29.765368,23C,CITE FEJJA-RETOUR,POULAILLER HMAIEM-RETOUR,31.29688542334697,storm,18.32503941450674,match_sport,29.558455473349007,3,4,21,68.16125631308054,7.552789516218461
2026-05-09T21:45:29.765368,25D,FERME VIGNOBLE,DEPOT BIR EL KASSAA,52.497966525160265,clear,21.29948109086294,congres,11.457425900045028,2,12,22,27.09961173150682,8.480122718583893
2026-05-09T21:45:29.765368,56,BORTAL ALLER,DÃ‰LÃ‰GATION DAOUAR HICH,39.27938419363063,cloudy,31.036671283306983,none,34.24216006578078,1,11,5,19.090522071536512,2.0770966808359503
2026-05-09T21:45:29.765368,64 Retour,CENTER DE FORMATION RAS TABIA ALLER,ALI BALAHOUAN,39.929755370233536,cloudy,23.85275588046145,greve_transport,25.432711263449242,5,8,19,71.50054254977475,3.642815381856318
2026-05-09T21:45:29.765368,20 Retour,MOHAMED V,PLACE DES DROITS DE L'HOMME,11.046705891336664,clear,15.11932579998819,match_sport,30.467438531641363,5,4,19,48.67747613213545,0.9143543933168843
2026-05-09T21:45:29.765368,23E,RELAIS BORJ EL AMRI-RETOUR,GUITOUNI-RETOUR,32.70918313683531,clear,94.12569239394709,none,11.854314879890094,6,9,10,36.70408991686716,8.665402912544202
2026-05-09T21:45:29.765368,38C,SONED,CITÃ‰ IBN KHALDOU,42.9051109028246,storm,50.656552838329944,none,20.822533338702932,5,8,14,40.980813279650604,2.088145145113214
2026-05-09T21:45:29.765368,514A,MAGRO,CAFÃ‰ SIRIN,40.69897281366969,cloudy,51.16987502828994,none,22.572260335379443,6,6,9,38.94546250817579,8.923258122025608
2026-05-09T21:45:29.766367,87,LYCEE KHAZNADAR,MOSQUÃ‰E ZAHROUNI-ALLE,36.262920939079166,clear,88.13523657938536,none,13.201215598998651,3,1,1,29.944514092149788,2.7666561708493607
2026-05-09T21:45:29.766367,29,DÃ‰LÃ‰GATION ELOUARD,CAFÃ‰ EL QUOD,12.928265264226692,cloudy,63.57067594474614,marathon,26.46341159736582,2,4,23,64.02035443112374,0.19644966606730474
2026-05-09T21:45:29.766367,68,MAGAZIN CARREFOUR,MESS DES OFFICIERS,18.604301622631322,fog,60.251708355770226,manifestation,19.88948836223598,0,7,4,67.55528431042919,0.7970407032134537
2026-05-09T21:45:29.766367,74G Retour,LES ROSES MOUROUJ 1,ARRET ESSAYDA ALLER,33.49576860167977,cloudy,28.069387728101074,none,33.325112016223216,5,4,11,18.702357914877375,6.523800106254391
2026-05-09T21:45:29.766367,5D Retour,TERMINUS 5D/ 51A,TERMINUS TUNIS MARINE BUS,26.28424010319766,clear,64.30007765908313,match_sport,23.024597291060278,6,5,17,66.30140615919542,8.837393284101932
2026-05-09T21:45:29.766367,17,RADES PLAGE 1,LES BUNGALOWS,17.457041296986873,rain,65.61384038616683,none,35.96399857667259,6,1,11,27.275550327879966,0.13998186424460712
2026-05-09T21:45:29.766367,60A,MOSQUÃ‰E IBN SIN,IBN SINA,15.822946524085626,clear,27.03552813244085,none,32.06811838539428,3,11,0,22.78035402807572,1.85826910676521
2026-05-09T21:45:29.766367,24H,FOUCHANA CENTRE,TERMINUS CITÃ‰ ENNASSI,19.97057988792675,clear,55.319228336069756,none,14.981578546984743,1,9,5,22.87643979087206,2.3815115981478865
2026-05-09T21:45:29.766367,5C Retour,MINISTÃ‰RE DU TOURISM,TERMINUS TUNIS MARINE BUS,37.055691243942235,cloudy,29.843887547327434,none,26.291444783454203,5,5,12,16.58583241136603,0.4481540667062758
2026-05-09T21:45:29.766367,50 Retour,Depart,Arrivee,49.387109415118495,clear,85.35134963996363,none,19.961859483744078,4,11,6,28.047368915399176,3.2871346175778826
2026-05-09T21:45:29.766367,18 Retour,MOSQUÃ‰E SIDI FRA,SHELL SOUKRA,29.88967204645491,cloudy,53.49648564696927,none,34.852691458264076,6,4,19,36.50160582467297,5.433418480496085
2026-05-09T21:45:29.766367,43,TERMINUS RABTA L ( 43B + 43 ),INSTITUT DE LA NUTRITION,11.290469643159087,cloudy,56.84044637487574,holiday,14.45893873164026,4,5,13,57.00252792012035,0.4117141770252435
2026-05-09T21:45:29.767368,10,AV DE FRANCE,CITÃ‰ EZITOUN,52.10826883251905,clear,16.946877720382115,none,12.062221240159126,5,9,13,13.68506408143902,3.325047932669192
2026-05-09T21:45:29.767368,66 Retour,LYCÃ‰E TECHNIQUE TEBOURB,E.P TEBOURBA,44.21571244626724,fog,22.8300899529804,none,25.751417705035337,2,12,17,42.80684079131989,1.8535198393642887
2026-05-09T21:45:29.767368,31A Retour,BOUDREYA,CHEBBI RETOUR,38.98095486140683,clear,98.9685988341136,none,38.96968760475152,6,5,5,34.11904429301069,3.996941595019152
2026-05-09T21:45:29.767368,16B Retour,DOUAR EL BEY,COOPÃ‰RATIVE CENTRA,40.87645575311558,clear,62.89273164587914,none,18.62356708584649,6,2,11,21.670690189442013,1.4831799983331706
2026-05-09T21:45:29.767368,32C,KHAZNADAR-RETOUR,BAB ABDESLEM-RETOUR,22.03352573785765,fog,84.75604843886121,none,20.778642566375122,2,7,18,69.14243807851201,3.637138051405387
2026-05-09T21:45:29.767368,5 Retour,MARCHE CITE EL KHADHRA-RETOUR,PLACE DES DROITS DE L'HOMME,49.957898555239105,clear,75.77833111985443,none,26.50751241972928,3,11,18,40.24163306493446,3.4637387313189434
2026-05-09T21:45:29.767871,714,LUSTRERIES,CITE OLYMPIQUE RADES,35.980583790150376,storm,22.169558234156924,festival,20.672030924339687,3,7,13,66.53710016037529,3.390091379112004
2026-05-09T21:45:29.767871,5 Retour,STATION LAVAGE CITE EL KHADHRA,PLACE DES DROITS DE L'HOMME,55.35209802075109,storm,28.748385100766615,none,29.415008957595735,2,7,10,37.373042723846474,4.420936624431945
2026-05-09T21:45:29.767871,32A,SIDI HSIN-RETOUR,BAB JDID-RETOUR,18.072891703212004,clear,59.81245985888649,none,14.723430173195258,6,8,18,55.094568856500175,7.9799470870016975
2026-05-09T21:45:29.767871,3AG,CHEBBI ALLER,BORTAL ALLER,12.165763662715598,cloudy,39.75049020756617,festival,21.196897934971716,1,8,20,44.80532886862737,1.2704166900424978
2026-05-09T21:45:29.767871,94 Retour,MARCHÃ‰ MORNAGIAA-ALLE,SONEDE AGBA-ALLER,55.59797920998166,clear,72.46156726951679,none,18.209442378631675,5,11,8,40.45088033399829,5.685441165177117
2026-05-09T21:45:29.767871,59A Retour,AVENUE DE LA GARE,STATION BARCELONE,46.730415035526754,clear,62.634503017521176,congres,13.581096547567984,0,8,2,29.066473475473995,0.7355903308379332
2026-05-09T21:45:29.767871,18 Retour,MONGI SLIM,PHARMACIE DE NUIT,23.77682835704256,clear,20.952577605400506,none,18.11448588298445,6,3,18,21.524955492257288,2.172324660158281
2026-05-09T21:45:29.767871,16B Retour,SAIDA,COOPÃ‰RATIVE CENTRA,55.6520733444928,cloudy,26.27066355061416,none,14.356626460716985,1,2,22,19.2061088869459,4.90613080482165
2026-05-09T21:45:29.767871,16/ Retour,RELAIS BARDO,BAB LAASSAL,40.77103899104177,clear,17.900941335234396,none,24.578479937291032,1,12,19,20.998905397702007,3.218216169528773
2026-05-09T21:45:29.767871,24A Retour,ZONE INDUSTRIELLE,RABATTEMENT MOUROUJ 2,50.59330620051899,clear,68.44409382129601,festival,33.55698497141237,0,3,3,40.57030383566811,2.296015949333251
2026-05-09T21:45:29.767871,60G Retour,MOSQUÃ‰E AL HAWA RETOU,KASBAH,54.295699774871245,rain,11.705086303691912,festival,14.668786355786612,2,9,8,42.733294549071736,0.6770310364980974
2026-05-09T21:45:29.767871,263 Retour,Depart,Arrivee,10.046470843498053,fog,12.215618545711473,none,21.320408982013035,1,12,4,97.62246734599488,11.612565894157031
2026-05-09T21:45:29.767871,79,LYCEE HRAIRIA RETOUR,CASERNE EZZOUHOUR RETOUR,58.828051166145215,cloudy,94.1089492643964,none,33.020509215900475,6,9,22,29.10223013933313,3.206254178710706
2026-05-09T21:45:29.767871,6B,EL ANBARIA,TERMINUS CITÃ‰ EL MALLAH,16.535866179487865,cloudy,75.63788204294856,none,14.61817258026868,2,10,5,31.237907999343122,0.6928516782182912
2026-05-09T21:45:29.768872,93  Retour,Depart,Arrivee,47.26073713454173,clear,46.4792824582258,none,14.356211643579812,0,4,15,27.992627241496294,12.130812246485837
2026-05-09T21:45:29.768872,18 Retour,PLACE SALA CENTRE,LA POSTE,42.885807363797674,cloudy,12.301281918076121,match_sport,36.903939363044174,2,8,21,35.81433853970712,0.41379882643305876
2026-05-09T21:45:29.768872,247,CARTHAGE PRÃ‰SIDEN,M.G. SIDI BOU SAID,25.123315873073484,rain,87.15078436328119,match_sport,12.69424364848581,1,7,23,56.73678072156706,1.2010033376034723
2026-05-09T21:45:29.768872,31,GOUEZINE 2,ARRÃ‰T EL KAAB,26.580842455391696,cloudy,68.11525390159483,none,11.838494135391034,3,3,1,55.33497398184129,15.237929355121562
2026-05-09T21:45:29.768872,20B,CITÃ‰ EL KHADHR,SIDI DAOUED (N9),53.56258136993263,clear,80.48939091910108,match_sport,39.570019651661134,5,4,7,62.990735431257114,10.713390148601828
2026-05-09T21:45:29.768872,18 Retour,TOUTA 10 DECEMBRE,10 DECEMBRE,41.91752887102159,clear,87.37116265722996,congres,14.966800415300849,3,7,6,39.756454646817964,0.3691754000671814
2026-05-09T21:45:29.768872,42B Retour,ESLAIAA,MAASRA,35.555681924475024,cloudy,51.48085043859237,manifestation,34.546006901857595,6,3,19,57.09293535254072,4.3496098842848845
2026-05-09T21:45:29.768872,262 Retour,Depart,Arrivee,33.43949402533954,cloudy,92.99727352461558,none,17.735739642470264,6,2,19,48.975188178132086,6.708892481686277
2026-05-09T21:45:29.768872,71,IMMEUBLE CHEFIA,BEN DAHA-32C,22.439589436958855,fog,36.84452088107105,match_sport,20.579897542626533,0,1,19,78.47431726214073,6.305178444402221
2026-05-09T21:45:29.768872,18,GOLFE DE CARTHAGE,EZOIDIA,36.37818244997099,clear,25.071377006618967,none,9.06457507741947,5,8,5,17.984222277400168,5.935081277618737
2026-05-09T21:45:29.768872,24D,FERAILLE 1,CITÃ‰ EL HIDHA,51.012665947244486,cloudy,47.707279640157196,none,16.212710629955065,3,5,1,10.1001153016879,2.5712705774707185
2026-05-09T21:45:29.768872,98,POMPAGE,CAFÃ‰ JALLOU TERMINU,59.78672260256615,clear,92.86222607007576,none,9.751446621599548,0,5,7,60.430392124462365,13.437219613146704
2026-05-09T21:45:29.768872,5 Retour,PLACE DES MARTYRS,ECOLE CITE EL KHADHRA RETOUR,18.39072978230143,clear,16.084427452514483,festival,37.721854742012326,0,8,0,40.12412579021929,0.5256611453890105
2026-05-09T21:45:29.768872,29,HAMMAM BELLEVUE,CAFÃ‰ EL QUOD,27.441595372931506,clear,65.91975617401366,festival,11.539315163941147,3,6,3,34.24829392331985,0.11266375049174293
2026-05-09T21:45:29.769874,20C,BYRSA1,BIRSA 2,14.058211223185726,clear,76.51822797936578,festival,34.08230722162582,6,2,16,35.78786459341575,0.20010855227362256
2026-05-09T21:45:29.769874,44,EJJBAL,LYCÃ‰E KALAATE AL ANDALOUS,36.748333670472206,clear,82.72610354044204,none,25.99773997177347,5,10,5,26.217731328638656,3.4826285020814076
2026-05-09T21:45:29.769874,20A,CITÃ‰ TAIEB MHIR,BHAR LAZREG1,45.3185998404998,clear,10.628403569231331,none,15.512141495199081,5,4,18,19.557687283965553,3.7418288933582406
2026-05-09T21:45:29.769874,86,RABATTEMENT MOUROUJ 2,ZONE INDUSTRIELLE,22.058260715388098,clear,16.136795778891642,none,25.777586236339836,3,3,22,8.463100900402676,2.3228686147400257
2026-05-09T21:45:29.769874,4G Retour,BAB SAADOUN RETOUR,HOPITAL DES ENFANTS,36.85206573709871,rain,40.539055209013995,festival,39.80108721210151,5,7,5,30.361969494868273,0.1482947435179902
2026-05-09T21:45:29.769874,48,INTILAKA,USINE LAZREG,45.89663454700509,clear,39.36539364120518,none,32.348351285488306,3,5,0,14.579619524722172,3.965603204493
2026-05-09T21:45:29.769874,43,HOPITAL DES ENFANTS,HOPITAL DE NEUROLOGIE RABTA ALLER,46.894020758437115,clear,49.60639675598486,none,14.793140533394922,3,10,0,16.73778438235417,1.2509982472183747
2026-05-09T21:45:29.769874,44D/,USINE DE CARRELAGE,MBARKA 1,50.98124347738224,fog,27.929771725336884,none,17.246992797473872,4,4,13,46.67352591045233,16.407747606096045
2026-05-09T21:45:29.769874,24H Retour,FERAILLE 1,LE SOUK DES VOITURES,18.378326965225327,clear,55.301061754553864,match_sport,31.663015463639272,0,6,19,60.13668825300027,0.5698940802912862
2026-05-09T21:45:29.769874,55 Retour,DÃ‰LÃ‰GATION DAOUAR HICH,BORTAL RETOUR,28.86815883983254,clear,13.583029550117844,none,38.580782952527656,2,10,11,19.41659465776563,2.231042949758777
2026-05-09T21:45:29.769874,20B Retour,CITÃ‰ EL HABI,IMPRIMERIE BEN MAHMOUD,48.175792183410614,clear,98.31318196521491,none,32.80750524476979,6,3,2,29.26320246129597,1.9973648704788227
2026-05-09T21:45:29.769874,94 Retour,AGBA SUPERIEUR-ALLER,PÃ‰PINIÃ‰RE-ALL,32.514124191576286,cloudy,77.11458995843086,manifestation,30.289964868609477,6,9,10,42.35732230966345,0.6492021092917213
2026-05-09T21:45:29.769874,527 Retour,ENKHILETTE,MONTPLAISIR,40.95840221215292,rain,71.99294532309884,none,15.7388222532913,1,3,0,38.528913175553924,7.000459041105605
2026-05-09T21:45:29.769874,44D RETOUR,FERME 2,HOPITAL MAHMOUD MATRI,39.325589051872434,cloudy,78.33797696351847,festival,14.181120269069847,1,2,17,90.12444343114292,21.38264292801162
2026-05-09T21:45:29.770874,14CG,RÃ‰SIDENCE YESMINE RETOU,NOGRA,30.618324363734054,clear,61.82072764969704,manifestation,31.209186699345768,2,5,15,45.38674379549077,1.9776562732585683
2026-05-09T21:45:29.770874,39,BIR ETTARRAZ,IMMEUBLE RADES FORET,17.358162554747267,clear,18.078355050414142,foire,8.19350538188731,0,4,23,42.168623046469214,2.7820325162737305
2026-05-09T21:45:29.770874,44 Retour,KIOSQUE AGILE,MNIHLA,14.047686805784405,fog,75.5982824039507,none,27.179935771903562,0,1,16,72.10888560347816,5.227091170421083
2026-05-09T21:45:29.770874,36,STEG JEANS JAURES ALLER,PLACE JEANS DARK ALLER,35.100409886959106,cloudy,62.10687882662239,none,18.04940182138984,3,5,14,37.96511763131825,1.4468062615740998
2026-05-09T21:45:29.770874,410B,CENTRE BEN AROUS,MUNICIPALITÃ‰ BEN AROU,32.24262164137704,clear,41.648488510771486,marathon,26.206575465019224,3,1,0,48.2711003245498,0.624840399427022
2026-05-09T21:45:29.770874,44A,ARRÃ‰T BAB HADI,METHALI,28.16276758379051,rain,94.68930903169934,none,31.732073198460444,4,6,15,96.73596985221344,28.16160980442911
2026-05-09T21:45:29.770874,62A,ECOLE NATIONALE DES PRISONS,SIDI AMOR,29.37332319108783,cloudy,51.7783554056914,none,23.369416281323385,0,11,6,25.110700013727804,3.4109156050789444
2026-05-09T21:45:29.770874,34,STADE MELLASSINE-RETOUR,RABTA,47.43043542909162,clear,29.442829635376498,congres,30.884000634140413,1,12,10,24.16479639814509,0.381944485106132
2026-05-09T21:45:29.770874,19C/,STATION BARCELONE,MOSQUÃ‰E MEDINA JEDID,40.9145399377394,cloudy,70.00583768718309,none,21.720457315669872,1,10,7,50.97934301566919,8.289174812968362
2026-05-09T21:45:29.770874,24A,TERMINUS CITÃ‰ ENNASSI,MOSQUÃ‰E CEBELET CHEIK,29.384757741950338,clear,76.43514434831593,manifestation,38.03886833196912,3,8,22,61.39295364536938,2.959904285863141
2026-05-09T21:45:29.770874,55,CHEBBI ALLER,USINE,54.86986591607931,clear,39.505855409723644,match_sport,27.11399610658278,6,3,18,41.83370023799308,3.8039120697841335
2026-05-09T21:45:29.770874,61,FIRMA-ALLER,RABATTEMENT SLIMEN KAHIA,52.5702873945737,clear,42.04837766497795,festival,16.771851642214422,1,5,2,46.05902173035256,17.962452375019765
2026-05-09T21:45:29.770874,635 Retour,CHARGUIA 2,ONAS,24.32368688722918,cloudy,77.32144690294622,manifestation,30.538730110629775,4,3,9,86.15135001383237,3.8271755759691963
2026-05-09T21:45:29.770874,265 Retour,Depart,Arrivee,57.65600571970689,cloudy,93.7148682576295,none,16.284936793380467,1,10,8,47.37243171556904,2.4193177945780895
2026-05-09T21:45:29.771874,60 Retour,LA CAGNA (SECTION),AVENUE DE LA GARE,18.72949256235932,cloudy,74.06001504918545,marathon,26.64595668974665,1,12,18,85.11201641866093,2.103644660190243
2026-05-09T21:45:29.771874,24/,MGHIRA,FOUCHANA CENTRE,19.18923325539506,clear,53.84908062297225,none,15.96220886463782,1,11,1,21.219038090134763,0.9101875037769975
2026-05-09T21:45:29.771874,4G Retour,LYCEE SAOUEB-RETOUR,HOPITAL DES ENFANTS,14.24831449447332,clear,69.24766955554557,none,16.856132222441875,3,2,20,37.17283872777267,2.7268316513533586
2026-05-09T21:45:29.771874,39 Retour,CENTRE RADES,KIOSQUE TOTAL,26.394199700912925,cloudy,13.304164913475997,none,18.762348616650673,5,10,22,17.782414787783324,5.179650915209309
2026-05-09T21:45:29.771874,714,SIEFCOL,STADE D'ATHLÃ‰TISME DE RADï¿½,58.62306950139511,cloudy,65.27676198871103,none,23.471938723417722,3,9,17,37.61310362296251,4.438487345005304
2026-05-09T21:45:29.771874,57A Retour,LYCEE CITE ERRAFEHA,INTILAKA,21.99099761032951,clear,55.44203061251253,match_sport,9.982288594527613,6,2,10,30.713472795306785,0.635380056766885
2026-05-09T21:45:29.771874,94 Retour,AGBA SUPERIEUR-ALLER,GARDE NATIONAL AGBA-ALLER,52.19967359710124,clear,47.95413557733247,none,22.370512452316028,4,6,17,21.040690627115833,0.24892482214982437
2026-05-09T21:45:29.771874,25C,CITÃ‰ BELLIL,CENTRE DES HANDICAPÃ‰,15.331180946829894,clear,18.95452019856682,match_sport,38.92077752794195,0,8,3,60.793081795140765,4.575135304090589
2026-05-09T21:45:29.771874,4A,BAB SAADOUN RETOUR,MOSQUÃ‰E ELBOR,34.100866988846626,rain,35.37265200375265,none,37.58853731611637,0,8,20,30.264556301328298,0.83824365250371
2026-05-09T21:45:29.771874,16,ERRIADH,EL HBIBIA 2,18.229963684978735,clear,38.56499650250967,none,24.489766015820056,1,11,11,27.219226920783623,3.904155980565303
2026-05-09T21:45:29.771874,60A,FACULTE 9 AVRIL ALLER,13 AOUT,56.62833543529805,cloudy,21.35037901378695,none,32.52311081934887,4,5,14,22.28193750180335,2.7029163681689616
2026-05-09T21:45:29.771874,87,BOUCHOUCHA-RETOUR,JARDIN THAMEUR,23.57752275887428,clear,86.04737682760913,none,29.43214243898393,6,4,2,27.979855963773915,3.072215978944051
2026-05-09T21:45:29.771874,14C,INTILAKA,CITÃ‰ ERRAFEH,57.21044191730538,storm,50.52491293974317,none,22.170539852298372,4,7,6,43.360154773703044,1.28075784086698
2026-05-09T21:45:29.771874,26B Retour,CITÃ‰ MILE,COMPTOIR SFAXIEN,51.93044437669811,rain,38.61142063959552,none,20.22825308243161,0,12,15,12.988598343073273,1.7951712013008212
2026-05-09T21:45:29.772874,57A Retour,SANHEJI,MNIHLA,51.47829157141843,clear,94.18550407010189,match_sport,38.12270056918085,1,11,15,56.372674057229254,2.3102610417294516
2026-05-09T21:45:29.772874,19A,GARE DJEBEL JELLOUD,2Ã‰ME ARRÃ‰T IBN JAZZ,41.425108511810194,clear,66.47211088894656,foire,39.920580197525595,0,6,10,49.385554466050706,5.344299621083764
2026-05-09T21:45:29.772874,14A Retour,FOYER BARDO 1 ALLER,ALI BALAHOUAN,55.92608013852589,clear,40.493171944436334,none,15.648465109310187,2,9,4,10.443148883304639,2.774709855155602
2026-05-09T21:45:29.772874,21 Retour,BEN YOUSEF,LA COOPÃ‰RATIV,47.04346341926089,cloudy,68.82280930399779,none,26.977798078955445,6,2,8,30.57687180340064,1.710202272615323
2026-05-09T21:45:29.772874,23F,GARDE NATIONAL AGBA-RETOUR,ABDELMOULA-RETOUR,33.715433243421515,clear,41.93175606907498,none,9.836538998024754,5,10,2,18.164148321239615,1.0399395875693571
2026-05-09T21:45:29.772874,58 Retour,P.T.T OUED ELLIL,RABATTEMENT KHAIREDDINE MANNOUBA,39.8904006700757,cloudy,47.74012123773595,festival,21.143409391712385,6,2,6,31.080665789036832,3.3956874800450603
2026-05-09T21:45:29.772874,3A,MEFTEH SAADALLAH ALLER,ARRÃ‰T ETTADHAME,35.09727025659208,fog,74.55356882791807,none,33.529749802914324,2,4,14,59.40717200138374,5.685375286370633
2026-05-09T21:45:29.772874,45 Retour,FRIGO,HOPITAL TEBOURBA,14.161153310403614,rain,53.250394675264126,none,25.590952165225954,3,12,23,47.20214200318248,2.983471194596877
2026-05-09T21:45:29.772874,247 Retour,Depart,Arrivee,12.730515160673452,storm,56.135371969287995,none,23.02101894365626,2,2,12,73.43625181597801,3.45940939938275
2026-05-09T21:45:29.772874,77,NAHLI,TOBYAS,20.07031546066761,clear,16.777129023862276,none,34.257428727871584,1,10,22,52.05799824553485,16.118544211049745
2026-05-09T21:45:29.772874,14A Retour,FOYER BARDO 1 ALLER,SIDI ALOUI,59.185579160457586,clear,18.702510380881044,festival,17.018400105455104,5,5,20,15.953193768285885,2.2764326499729624
2026-05-09T21:45:29.772874,19G Retour,SOCIÃ‰TÃ‰ NO,POSTE POLICE RUE DU SAHEL,48.72428015598955,clear,52.09485543740358,none,21.70725761820308,3,2,18,38.05000916200755,6.41641973327717
2026-05-09T21:45:29.772874,71,BOUCHOUCHA-RETOUR,MOSQUÃ‰E SIDI BECHI,55.44327031595018,rain,53.86656727907268,congres,9.8315741925379,6,4,13,44.96407795743107,3.3511663295048493
2026-05-09T21:45:29.772874,44,OUED MAJERDA,ERRMILA,23.13604717806514,clear,39.189599122326996,congres,34.356659032098904,0,3,0,38.63591191525345,6.198163045657093
2026-05-09T21:45:29.773874,19,CENTRE DE COORDINATION OUARDIA,SALLE DE SPORT,35.523006567322064,clear,38.481141778697456,none,17.703033083016017,6,6,22,25.084214053003745,7.277853341746431
2026-05-09T21:45:29.773874,24A,MGHIRA,OUEDHNA (TERMINUS),41.26080625157191,fog,71.17343007191505,none,27.526272287546703,0,1,19,69.58776361580189,12.47655148222309
2026-05-09T21:45:29.773874,21A,CITÃ‰ ABAA,ERRISSALA,46.65801890683998,storm,35.876007944538316,none,25.06635353150736,4,4,3,37.848148253683625,2.627458088769577
2026-05-09T21:45:29.773874,45B Retour,BIR ZITOUN,TERMINUS TEBOURBA,40.16227113420149,clear,58.940836335257224,festival,24.48534490837084,3,2,18,52.67013155087033,0.7550528526865463
2026-05-09T21:45:29.773874,251 Retour,Depart,Arrivee,10.68308427353047,fog,12.604988506903036,none,9.036452408831842,5,11,2,58.65240816329897,5.788972085205775
2026-05-09T21:45:29.773874,23F,FIRMA-ALLER,GUITOUNI-ALLER,19.37522285594902,rain,31.23969453183138,none,13.933083211969738,3,6,6,25.08679146193513,1.1257621754470506
2026-05-09T21:45:29.773874,16C Retour,CHAMP DE COURSE KSAR SAID RETOUR,BAB SAADOUN RETOUR,53.62599759146812,clear,50.50988728165267,foire,29.11979040433015,1,12,3,34.579681386005625,4.110672656444901
2026-05-09T21:45:29.773874,18C,BYRSA1,BIRSA 2,39.06077387446916,cloudy,21.197969816670415,none,25.611240922840032,3,4,13,16.21409061961917,0.20010855227362256
2026-05-09T21:45:29.773874,47,EL ANBARIA,RAS EJDIR,18.651193487558217,clear,20.757778259237003,none,11.405176412891027,0,1,14,40.23835194190027,6.721605343455352
2026-05-09T21:45:29.773874,31 Retour,CASERNE OUED ELIL 1,BAB SAADOUN RETOUR,57.42601637569576,cloudy,10.61168937275006,match_sport,24.45062146451793,1,12,1,35.09952566353161,8.075893156274347
2026-05-09T21:45:29.773874,5D,HEDI NOUIRA,TERMINUS 5D/ 51A,34.802136300829154,clear,54.288280931508815,greve_transport,16.90456514620063,3,6,1,79.41385708648373,0.12068692018023341
2026-05-09T21:45:29.773874,42B Retour,MOSQUÃ‰E EL EL BATTA,POMPAGE,25.483443520064625,fog,70.94304700045024,none,10.205692100308756,0,7,15,72.819374884071,14.830301043583237
2026-05-09T21:45:29.773874,31B,SONED,LYCÃ‰E KALAATE AL ANDALOUS,21.937588554301204,clear,47.002990283198834,festival,14.95849383095155,4,8,18,89.0161689952252,16.8077786469685
2026-05-09T21:45:29.773874,10C,SIDI MOSBAH,YASMINET CENTRE,50.006879137603796,clear,16.12335826825027,none,16.537425581882587,0,8,11,5.0,0.8042387905848827
2026-05-09T21:45:29.774874,31C Retour,SECTION MANOUBA,BORTAL RETOUR,44.361717173034144,clear,15.481498891166444,festival,8.314481682233211,1,4,19,44.24398837249086,4.221668981178546
2026-05-09T21:45:29.774874,97,CANAL MAJERDA,CITÃ‰ ENNASSI,53.311643513383515,clear,22.334752254533992,manifestation,34.114955293256365,4,4,11,35.01606771634828,0.740133446804693
2026-05-09T21:45:29.774874,14CG,CENTER DE FORMATION RAS TABIA ALLER,ETTAHRIR SUPÃ‰RIEU,17.818107082243753,rain,61.14417546418915,none,23.18191725270957,1,11,4,31.87571301614156,1.0934280011818318
2026-05-09T21:45:29.774874,85 Retour,NASSEN 1 L 85-SECTION,FERME GAMMOUDI,45.72298419428909,clear,12.437302030304593,none,17.4862364078129,0,4,5,8.619093798982611,6.3624306459795115
2026-05-09T21:45:29.774874,46 Retour,ELMELASSINE,PASSAGE TKAYA,32.753781776019224,clear,37.371146452123256,none,17.657601787556963,3,9,21,9.696238125340473,0.556967153283729
2026-05-09T21:45:29.774874,89,CHARLE NICOLE-RETOUR,BAB ABDESLEM-RETOUR,51.71623978746993,cloudy,68.17666377052801,none,24.918634236289684,1,6,6,15.60896403682175,0.728537042304044
2026-05-09T21:45:29.774874,24,CITÃ‰ EL OUIFAK (GN,CITÃ‰ TRABELS,44.58217009866591,rain,24.701900476884084,none,12.656495449195493,5,9,1,20.36400804282919,4.798750925785103
2026-05-09T21:45:29.774874,80 Retour,NAHLI,LA FAYETTE ALLER,31.783603306114518,clear,76.80688810605498,none,18.103788879489187,2,10,12,50.51310493578553,11.279712306596307
2026-05-09T21:45:29.774874,20A Retour,AIN ZAGHOUEN,CHARGUIA,57.149139203556786,cloudy,85.14764071146661,festival,11.600100176852216,4,6,8,62.72467794772782,7.99466138817763
2026-05-09T21:45:29.774874,26C Retour,BATA,SONED,33.20002140982132,rain,64.26035943448917,festival,39.942397045299764,2,1,10,57.98488561844394,2.3488251972813927
2026-05-09T21:45:29.774874,44D/ Retour,MBARKA 1,MÃ‰DECINE VÃ‰TÃ‰RINA,42.509358322282665,storm,92.06367125855023,none,9.278335145155019,1,2,18,79.17654664129884,2.3675273030813457
2026-05-09T21:45:29.774874,27,LA PETITE ARIANA,LYCÃ‰E RAOUE,12.755076757941556,clear,52.212244574609514,foire,28.514755314629102,3,6,11,81.90344632977806,8.534774432809783
2026-05-09T21:45:29.774874,42B,COOPÃ‰RATIVE CENTRA,CITE ENAJET1,43.09053642872124,rain,77.45910077989767,festival,17.821794335399442,4,11,7,75.39587085547659,7.578910806402915
2026-05-09T21:45:29.774874,32,JARDIN THAMEUR,TERMINUS ZAHROUNI ( L : 32+65+515B+515A ),39.88411677617295,rain,90.17489334606702,none,22.69771802281836,1,6,20,62.403991974704766,11.315570380521057
2026-05-09T21:45:29.775874,410B,SNTRI,CROISEMENT MARCHÃ‰ DE GRO,27.59648853658884,clear,70.44942078981089,none,16.136293151645777,6,5,21,27.788651731822082,4.9497592934898265
2026-05-09T21:45:29.775874,59A,LYCÃ‰E OUARDI,COMPLEXE COMMERCIAL MOUROUJ 1,52.186439635512876,clear,40.81556109662736,none,10.923303767153786,4,6,9,29.282324154285135,5.6731463353336835
2026-05-09T21:45:29.775874,18B Retour,CLUB DE LA POLICE NATIONAL,LA POSTE,39.38992246858424,rain,11.574839258864975,none,26.328648853982266,4,1,13,27.334692975300392,4.828520877665243
2026-05-09T21:45:29.775874,23C,CANAL AGBA-RETOUR,PÃ‰PINIÃ‰RE-RETO,23.710644456207348,clear,76.17056662914365,none,26.58419196978109,4,5,22,26.230051918425794,0.9555295389126712
2026-05-09T21:45:29.775874,68,CAFÃ‰ LA PAI,CITÃ‰ SFA,25.290675564183196,rain,65.77730690424093,none,24.410731597924546,4,3,21,33.37403553964451,0.6940573426845802
2026-05-09T21:45:29.775874,116,FACULTE 9 AVRIL ALLER,UNIVERSITÃ‰ IBN CHARAF ALLE,13.539571800558722,cloudy,82.82753232910672,festival,23.911334240639864,3,1,23,52.49500184905622,0.4598451204136418
2026-05-09T21:45:29.775874,263 Retour,Depart,Arrivee,11.671178621775187,cloudy,24.98531923445636,festival,13.628489069397187,3,10,21,74.42003633405244,7.770044199854144
2026-05-09T21:45:29.775874,16B,OUED CHAFROU,STADE EJDAIDA,58.80430120997858,clear,28.72954311367355,match_sport,16.108140762538703,6,9,14,31.57875638005676,1.575471449398794
2026-05-09T21:45:29.775874,514A Retour,ROUTE ELBASATINE,PLACE SALA CENTRE,56.40071183646905,clear,10.209106551873724,greve_transport,36.996401156079344,6,7,17,74.54187740905823,8.903261097479923
2026-05-09T21:45:29.775874,80 Retour,CITÃ‰ POPULAIRE ENNAHL,MARBRERIE,22.94808025124876,fog,27.700050915127655,congres,14.579887606378914,3,4,6,40.60772255158912,1.2714834213923636
2026-05-09T21:45:29.775874,16D,SECTION MANOUBA,CASERNE OUED ELIL 1,33.45298721950595,clear,83.64770359077727,none,26.386630321660146,1,3,15,25.351384128243158,0.25963415898221953
2026-05-09T21:45:29.775874,21B Retour,CITÃ‰ OUSFAN,EL HOUEMED 2,16.516021658616793,cloudy,27.746468377125964,none,13.339154502578484,3,5,3,22.900032346134793,3.0864323058016856
2026-05-09T21:45:29.775874,252 Retour,Depart,Arrivee,44.13355762313797,cloudy,33.94912316835777,none,22.57813702368348,3,3,15,28.4956291892618,12.65347458382671
2026-05-09T21:45:29.775874,19G Retour,CIMETIÃ‰RE SIDI MOSBE,DJEBEL JELLOUD GP1,58.997772367913925,storm,71.80107505517165,none,33.55378682017917,0,3,18,66.3196412459666,6.810155511687386
2026-05-09T21:45:29.775874,31C,GOUEZINE 2,LYCÃ‰E SIDI THABE,20.887435241701098,clear,61.6088642820095,none,22.376785502612794,0,5,10,37.06408704729903,6.134055602853987
2026-05-09T21:45:29.775874,74B,POSTE POLICE RUE DU SAHEL,IMMEUBLE OASIS,41.20567100228272,clear,88.81166148274954,none,8.11847701863734,5,9,17,48.85697491441741,6.1284529048159175
2026-05-09T21:45:29.775874,36,SCHILING,TERMINUS TUNIS MARINE BUS,24.977815980744865,clear,18.600319356250168,marathon,37.93359438235309,2,2,2,51.82319744019229,2.556717505642805
2026-05-09T21:45:29.775874,21A,EL HOUEMED 2,AIN CHARCHARA,10.845639996080367,fog,34.26670078904645,match_sport,39.979209615110406,4,4,5,91.75597692537777,4.030633889174977
2026-05-09T21:45:29.775874,20A,BANQUE DE L'HABITAT,AIN ZAGHOUEN,35.14377600327924,rain,22.217126778991094,greve_transport,38.85930348915157,5,3,0,82.46474278403468,10.096504294110739
2026-05-09T21:45:29.775874,17,LAC DE RADES,KOCHBATI,20.18777429249719,clear,18.32756989300472,none,21.405735165997406,0,3,3,14.38387176097376,3.33153918896178
2026-05-09T21:45:29.775874,72 Retour,TOUTA BARDO,FOYER BARDO 1 ALLER,22.185410595217135,clear,53.48211810089495,none,27.556528742759877,2,9,23,18.311362734672105,1.0290925022849642
2026-05-09T21:45:29.777376,38B,LA FAYETTE ALLER,CLINIQUE TAOUFIK ALLER,16.390592218019137,cloudy,36.98868415996584,none,28.3177513637678,4,6,23,37.087348955123765,4.751663866013929
2026-05-09T21:45:29.777376,73 Retour,Depart,Arrivee,50.680440668367794,cloudy,32.391735737783314,foire,12.941304241254816,3,12,3,47.31032770280137,13.229479699433005
2026-05-09T21:45:29.777376,44B Retour,BEN ARFA,BORJ JEBBES,46.80177002130328,clear,55.54402231706529,none,38.71186308678301,0,3,19,45.61601550229314,1.2690875523234126
2026-05-09T21:45:29.777376,86,CROISEMENT MOUROUJ 2 L24,GARDE NATIONAL Z.I MGHIRA,57.274743027975006,cloudy,49.17634517688707,none,14.388121845117361,3,9,6,16.384332401582757,3.024632949565831
2026-05-09T21:45:29.777376,6P,PLACE PASTEUR,MINISTÃ‰RE DE L' Ã‰QUIPEME,23.459486973665264,storm,44.461271263352124,none,19.255043563060873,3,5,9,54.92835172072705,0.9818363402985169
2026-05-09T21:45:29.777376,16A,CITÃ‰ TORJME,CROISEMENT SANHAJA,11.458494614537164,cloudy,14.761668994359795,festival,9.783295542431503,4,7,15,52.37700300115432,2.1191376140718408
2026-05-09T21:45:29.777376,34,USINE DE BALLES-RETOUR,KIOSQUE-RETOUR,16.53363152066312,clear,88.20631945188066,marathon,8.023926667856994,2,9,17,87.47891897020472,1.6631696280752095
2026-05-09T21:45:29.777376,59 Retour,Depart,Arrivee,20.88624493994511,clear,84.85521681745807,none,23.57850278211958,2,6,11,64.36810578685349,13.581347821737294
2026-05-09T21:45:29.777376,256 Retour,Depart,Arrivee,14.957305613881196,cloudy,50.2186775680395,match_sport,15.055055391979835,3,2,14,103.15542475110774,12.943794406743311
2026-05-09T21:45:29.777376,26A,GARE DJEBEL JELLOUD,CITÃ‰ MILE,15.4741183034497,storm,25.730648909502932,none,15.854542801245774,4,1,3,180.0,38.86553701199537
2026-05-09T21:45:29.777376,24E,CITÃ‰ ESSAADA (MHAMDIA,SIDI FREDJ 1,26.54573828900976,clear,98.92125658588795,none,31.44360637569276,1,3,22,37.47233805041267,3.989506792390131
2026-05-09T21:45:29.777376,98 Retour,CITÃ‰ RT,DOUAR EL BEY,10.98257413734239,fog,96.90488482427956,none,18.83222014161513,1,6,22,93.89159656019176,7.072569703101269
2026-05-09T21:45:29.777376,17A,LES SALINES,KOCHBATI,59.013060390824954,cloudy,76.78202066917842,none,11.891368299137827,1,2,21,27.72110303644419,0.816682724969727
2026-05-09T21:45:29.777376,59A Retour,MOUROUJ 1,CROISEMENT MOUROUJ 2,52.20929479120408,clear,56.82087644536229,none,10.581432556517676,6,11,16,11.105790748855144,1.51887481850245
2026-05-09T21:45:29.778378,3A,BORTAL ALLER,ARRÃ‰T ETTADHAME,20.78048826215224,rain,29.53929065229013,none,38.982682907612975,0,5,4,31.924830904082288,1.6221959899729823
2026-05-09T21:45:29.778378,3710,BOU KARNINE,CENTRE RADES,10.848456465773323,storm,14.01292834607296,none,8.448464560833823,2,3,8,97.32035046916286,7.352984845122727
2026-05-09T21:45:29.778378,104,UNIVERSITÃ‰ IBN CHARAF ALLE,CHEBBI ALLER,51.13287342402137,clear,58.781376863175346,none,23.966974215065378,3,2,5,19.155967105259585,2.988357226114104
2026-05-09T21:45:29.778378,16C,CHEBBI ALLER,CASERNE OUED ELIL 2,17.469081811321605,cloudy,25.51477258946496,marathon,27.61971965021573,2,12,18,83.73042266797316,6.251023061057928
2026-05-09T21:45:29.778378,24F Retour,CENTRE DE FORMATION MGHIRA-RETOUR,GARDE NATIONAL Z.I MGHIRA,41.341645220753364,clear,82.33241066895722,match_sport,39.32631538734918,5,1,4,43.72952572789114,0.7950078414830872
2026-05-09T21:45:29.778378,15 A,CASERNE EZZOUHOUR RETOUR,CENTRE DE FORMATION ZOUHOUR-RETOUR,30.899204275345678,rain,87.05382597951943,none,10.903068247930587,6,12,23,28.979424227144893,1.7225713580234192
2026-05-09T21:45:29.778378,31A Retour,BOUDREYA,CHAMP DE COURSE KSAR SAID ALLER,10.79601336313993,cloudy,96.47464753721695,marathon,30.29615407793294,6,5,16,77.81078857661926,2.3530854744158844
2026-05-09T21:45:29.778378,66B,ECOLE EL HAWARIA,LANSARINE,29.255306149496022,clear,14.00581353485542,none,22.441125669684478,4,7,17,17.1822025807252,0.42888801903603024
2026-05-09T21:45:29.778378,58,RABATTEMENT KHAIREDDINE MANNOUBA,CROISEMENT SANHAJA,50.73125280129586,fog,56.2166080067593,congres,25.142047054592954,5,3,19,45.4522821539119,2.1488443122899836
2026-05-09T21:45:29.778378,33A/,MIZANETTA-RETOUR,OFFICE DE L'HUILE-RETOUR,51.597077084402606,clear,39.99698738834725,none,26.32872031158749,2,8,5,13.07961499546597,0.6498809319945522
2026-05-09T21:45:29.778378,253 Retour,Depart,Arrivee,36.38810326682238,cloudy,98.0497726909523,match_sport,11.400508953356667,1,1,15,56.334009325243926,1.4922295037967181
2026-05-09T21:45:29.778378,14C Retour,CAFÃ‰ SIRIN,ROUTE ELBASATINE,43.61809289660972,clear,35.03009507984231,none,23.920525659981873,0,2,19,20.634839207692618,0.7080132091457882
2026-05-09T21:45:29.778378,31A Retour,ECOLE PRIMAIRE,BAB SAADOUN RETOUR,11.057491167470815,clear,79.82785586825082,none,26.039587246252783,4,2,5,112.88206834167687,15.001578688488664
2026-05-09T21:45:29.778378,26A Retour,EL KHELIJ,DJEBEL JELLOUD GP1,53.71990158541654,clear,75.04152170270379,none,36.98917347950872,0,8,9,74.82920477757787,22.54420243731753
2026-05-09T21:45:29.779378,60,IMMEUBLE MILITAIRE IBN SINA,RUE 10800 (2),39.16380985695483,cloudy,38.93797079545067,none,12.071196381984343,1,9,4,20.268717527327787,1.9457943552142858
2026-05-09T21:45:29.779378,20A Retour,BHAR LAZREG1,BANQUE DE L'HABITAT,59.97303405298366,rain,80.80507132601868,none,17.602146652974078,6,11,11,32.90859534977504,11.46923055076485
2026-05-09T21:45:29.779378,253 Retour,Depart,Arrivee,20.03564214568961,fog,27.549706376891777,none,27.857819104750675,3,6,19,83.88306541481157,14.064700838686257
2026-05-09T21:45:29.779378,87 Retour,Depart,Arrivee,33.56608970525342,storm,76.63404672469177,none,32.2092533512397,5,6,17,63.87345801565526,6.650762533778559
2026-05-09T21:45:29.779378,44D RETOUR,FERME 2,INPFCA,12.516146646733198,clear,26.861211219411,none,31.787292658240396,6,3,10,31.57807561436502,3.7954849874416094
2026-05-09T21:45:29.779378,75 Retour,SIDI FATHALLAH1,DUBOSVILLE,22.733188294498092,clear,46.66670932192169,greve_transport,9.789643204103221,0,8,17,106.04452088746694,2.176791020308068
2026-05-09T21:45:29.779378,57A,INTILAKA,LYCEE CITE ERRAFEHA,51.821986868806164,cloudy,57.43068621233803,none,13.466038601798743,1,2,12,26.152017257156007,0.6353800567668848
2026-05-09T21:45:29.779378,31 Retour,CASERNE OUED ELIL 2,IMMEUBLE CHEFIA,29.475801297270433,clear,11.412631503665168,none,10.874308141619352,4,8,17,40.48578684674394,8.192637861059989
2026-05-09T21:45:29.779378,66B,ROUTE CHOUIGUI,FORET DE TEBOURBA,59.99246222432001,clear,67.48053725083648,none,37.460100374744826,0,11,11,28.577762911532343,2.730213755412172
2026-05-09T21:45:29.779378,38B,SONED,FOYER OMRANE SUPÃ‰RIEU,23.13348676652423,rain,93.3998998498183,none,18.097711182179548,1,6,23,44.69488504551431,3.062510633221766
2026-05-09T21:45:29.779378,54D Retour,CITÃ‰ AF,MOUROUJ 5,30.048516334417588,clear,79.55560750838531,match_sport,12.909212236450816,6,10,6,36.84226007504392,0.303517943045879
2026-05-09T21:45:29.779378,27 Retour,ORANGE,LA POSTE,50.46847722184729,clear,14.250238884527935,none,38.588901516421835,1,12,9,29.998313835278182,5.936846752439967
2026-05-09T21:45:29.779378,26,SOMAG,POSTE POLICE MORNAG,34.664041366928004,clear,55.10464583117413,none,39.10653873518583,3,11,18,38.075374852087755,2.345495812347039
2026-05-09T21:45:29.779378,44C Retour,SIDI MAROUEN,INTILAKA,21.053577640699594,cloudy,55.02614668103617,none,13.414497653672058,1,9,12,40.72744802201692,6.064392090604106
2026-05-09T21:45:29.780379,23T,ECOLE HATTAB-ALLER,AVENION-RETOUR,54.593656500420494,clear,39.49725033065153,none,20.43619025942729,6,12,18,36.75481717882236,13.436256714602084
2026-05-09T21:45:29.780379,56,DÃ‰LÃ‰GATION DAOUAR HICH,MOSQUÃ‰E AVENUE CHEBB,52.57685859489628,clear,97.72840732025757,manifestation,24.028051388467173,5,11,21,48.25257494653505,1.5630221301076244
2026-05-09T21:45:29.780379,5C Retour,CITE MAHRAJENE,KHEIREDDINE BACHA,41.91122075203057,clear,93.55352967827126,none,25.581178625950866,3,7,1,31.69634482594084,1.3254740561586815
2026-05-09T21:45:29.780379,25D,PROTECTION CIVILE,FERME AMOR TOUIL,35.444262758712284,clear,44.55523080137397,none,12.53175183957175,5,8,16,39.20242019083157,14.532270783126435
2026-05-09T21:45:29.780379,250 Retour,Depart,Arrivee,25.1472583945042,cloudy,96.79889616111826,festival,39.76401755049184,0,3,17,84.7885381810042,5.902611340647455
2026-05-09T21:45:29.780379,74B Retour,RUE DU SAHEL,GORJANI ALLER,45.159989238774344,clear,66.8069270254064,none,26.099312887937387,2,12,4,20.168409450670104,1.0247524769274836
2026-05-09T21:45:29.780379,72,MOSQUÃ‰E SIDI BECHI,DÃ‰LÃ‰GATION DAOUAR HICH,50.43997222505754,clear,57.182924848396304,festival,16.62206228171696,0,12,8,55.48016456698821,8.83190392507996
2026-05-09T21:45:29.780379,44B,MÃ‰DECINE VÃ‰TÃ‰RINA,CITÃ‰ MONJI SLIM TERMINUS 44B 44D,11.46497215517092,cloudy,55.855798590178175,none,19.501562458586147,1,9,13,50.87406976920304,3.2325346096983694
2026-05-09T21:45:29.780379,54B Retour,CROISEMENT MOUROUJ 2,CITÃ‰ AF,33.334157791543205,clear,13.380960658958253,festival,25.21902925187556,4,10,6,31.372170606672412,4.4229723139087
2026-05-09T21:45:29.780379,5D Retour,ï¿½TAT UNIS,LA FAYETTE ALLER,15.260977761908485,cloudy,67.18851286326748,match_sport,34.407957332869785,5,11,6,50.309588685031166,3.222195056820132
2026-05-09T21:45:29.780379,53 Retour,Depart,Arrivee,23.412517946115535,storm,25.780081723917394,none,12.761878864581632,1,10,6,56.690954372456524,8.567737455444938
2026-05-09T21:45:29.780379,71,JAYARA-ALLER,BAB JDID-RETOUR,55.30095355221816,cloudy,66.64813400053905,none,33.62568601531279,6,8,14,34.86982234171895,11.670452989002461
2026-05-09T21:45:29.781379,17B,AVENUE DE LA RÃ‰PUBLIQUE ,EL AFRANE,43.200611403380115,clear,94.19707204829714,foire,14.69914878029116,6,5,12,56.70802548401029,8.27318285164614
2026-05-09T21:45:29.781379,78,KASBAH,FOYER OMRANE SUPÃ‰RIEUR ALLE,36.50261696061904,clear,32.199080216030005,none,28.11212480267417,5,7,2,18.57265752169969,6.397421338161314
2026-05-09T21:45:29.781379,18B Retour,SHELL SOUKRA,MONOPRIX,31.33951860969597,cloudy,75.45416234071907,none,12.496233699474985,5,11,11,21.501211149714084,1.559049758699858
2026-05-09T21:45:29.781379,21B,PRISON CIVILE,DOUAR SALEM,43.01679152570638,cloudy,12.123277100271627,none,17.575949416325134,1,12,3,5.0,0.5147128003029682
2026-05-09T21:45:29.781379,88,AGBA SUPERIEUR-ALLER,OUED GUERIANA L71-RETOUR,19.95784487985335,clear,44.69972513425024,foire,32.38190002377911,1,12,5,46.921777547975225,5.8342998230648515
2026-05-09T21:45:29.781379,54A/,MHAMDIA CENTRE,CELLULOSE (SILOS),29.362302410173747,rain,54.36066570261425,none,31.51237796337102,0,12,9,63.267407862499546,10.82616746006888
2026-05-09T21:45:29.781379,24E Retour,CEBALET CHEIKH,CROISEMENT MOUROUJ 2 L24,37.635194502277,clear,21.352389221453684,none,16.60356943932821,2,4,7,38.76782632712471,10.727798655913736
2026-05-09T21:45:29.781379,42B Retour,BEN DHEFALLAH,MOSQUÃ‰E BEN SASS,41.11879657365871,clear,35.934807059555624,none,9.586992263042756,5,7,16,23.583227652145247,8.382193741777055
2026-05-09T21:45:29.781379,19D,STOA,AVENUE DE LA GARE,13.123988067891043,cloudy,30.735556436310794,festival,39.42070848112786,5,1,11,53.13355729290079,4.027875714519702
2026-05-09T21:45:29.781379,19C/ Retour,CENTRE DE COORDINATION OUARDIA,AVENUE DE LA GARE,13.52750318549473,fog,78.97161525016512,festival,34.36468421198926,5,11,5,58.9713479913953,1.7642363431333727
2026-05-09T21:45:29.781379,44D,GOUEZINE 1,ECOLE PRIMAIRE,35.856594600531906,clear,57.53599492807154,none,26.95979133364496,4,3,17,37.03817694219256,2.1405708168479016
2026-05-09T21:45:29.781379,635A,CHARGUIA1,DEPOT CHARGUIA,29.180452017757922,clear,74.322648010596,none,17.565636803146663,6,1,13,26.5494694065278,1.2408437267674546
2026-05-09T21:45:29.781379,19G Retour,CAFÃ‰ EL QUOD,POSTE POLICE RUE DU SAHEL,54.56569678032278,clear,23.070251792372417,none,38.814655828756145,0,7,6,13.315876208413808,2.01528254312381
2026-05-09T21:45:29.781379,14C Retour,CAFÃ‰ SIRIN,BAB LAASSAL,24.338343877894182,cloudy,35.14106718381039,none,37.54139877613374,0,12,23,48.48304590015035,10.945576629567443
2026-05-09T21:45:29.782379,6P Retour,LYCEE ARIANA,LE PASSAGE,35.4239517654013,clear,86.0796978119854,festival,39.38435758044325,1,7,10,56.297468788753605,5.303480477295947
2026-05-09T21:45:29.782379,15 A,STADE MELLASSINE-ALLER,OFFICE DE L'HUILE-RETOUR,55.3875400120619,cloudy,76.19171757379148,none,19.502867899326194,1,9,4,35.261761992765315,5.182933554397931
2026-05-09T21:45:29.782379,46B Retour,CITÃ‰ ENNOU,TERMINUS TEBOURBA,10.4549090640388,clear,32.53228566137699,festival,36.42471028836819,1,3,6,77.81167971913845,5.686876259645016
2026-05-09T21:45:29.782379,79 Retour,Depart,Arrivee,58.36640556767349,clear,54.53433564404917,none,25.89237300681499,5,2,18,34.67015562414096,11.410435245848648
2026-05-09T21:45:29.783379,31B Retour,GARDE NATIONAL MBARKA,FERME 2,36.091543765259466,cloudy,10.764602074648856,match_sport,30.816457339575706,6,4,16,20.018977128848633,1.2100311503169934
2026-05-09T21:45:29.783379,94  Retour,Depart,Arrivee,17.742069732372748,clear,72.73117125408368,none,20.366802058493928,6,4,22,42.760499458529665,7.332942538702027
2026-05-09T21:45:29.783379,20C,MAISON BLANCHE,BANQUE DE L'HABITAT,13.893949454564538,cloudy,92.80343476981473,none,19.855725985904456,2,9,23,41.94069428185617,0.4249385517669395
2026-05-09T21:45:29.783379,249 Retour,Depart,Arrivee,14.330988042734703,cloudy,46.92733496853958,none,9.572748491045665,2,9,12,68.43738632522782,7.355423662670037
2026-05-09T21:45:29.783379,33B,BAB ABDESLEM-ALLER,CENTRE DE FORMATION ZOUHOUR-RETOUR,29.516288963077734,fog,12.621140649019475,match_sport,36.86110629596444,0,5,7,91.55315022855143,17.16583672626564
2026-05-09T21:45:29.783379,46B Retour,PONT RACHED,CITÃ‰ AKACH,33.73605635641064,clear,83.67339073357971,marathon,33.02184255322268,6,11,22,52.99208164669061,0.6866425942116603
2026-05-09T21:45:29.783379,44B,CITÃ‰ MONJI SLI,CITÃ‰ MONJI SLIM TERMINUS 44B 44D,22.390622145345343,clear,19.166253862814447,festival,14.389431617300694,1,8,14,28.063735698366173,0.38698715760833124
2026-05-09T21:45:29.783379,5D Retour,CENTRE IKRAM,MONOPRIX MENZEH 6,37.041353198576985,rain,25.45103755388952,match_sport,30.17210968629287,1,7,9,55.654117854728185,1.2435350257708104
2026-05-09T21:45:29.783379,31B Retour,FERME ELGOUEZINE,CHAMP DE COURSE KSAR SAID ALLER,37.46631825930075,fog,95.3077097799162,none,22.605230070797578,4,9,22,70.95894395220314,13.91520090181723
2026-05-09T21:45:29.783379,635 Retour,CHARGUIA 2,AÃ‰ROPORT PÃ‰LERI,34.729852638187936,fog,34.090159347486775,none,36.75510113820704,5,9,9,40.61996648733519,2.7183329265612413
2026-05-09T21:45:29.783379,20,PARC SAADA,LAHWECHE,31.901089817516468,clear,48.60270635443393,none,24.6775591972332,5,10,6,13.917190285619045,0.5034132066837422
2026-05-09T21:45:29.783379,60 Retour,RUE 10800 (2),IMMEUBLE MILITAIRE IBN SINA,47.3226064428557,fog,78.11103006121573,none,31.822149370801718,0,1,17,60.91650864714606,1.945794355214287
2026-05-09T21:45:29.783379,66B,ELMELEHA,LANSARINE,22.317412362115093,clear,21.853858168571957,manifestation,28.281065111913204,5,10,23,41.28483829597317,4.085802642292194
2026-05-09T21:45:29.783379,38B Retour,CHEDLY ZOUITEN,STEG JEANS JAURES ALLER,44.70658269881184,clear,43.53914169047325,none,25.391501714656464,1,11,19,33.611656574615694,2.964413010673759
2026-05-09T21:45:29.784379,47,CIMETIÃ‰RE DAR FADHA,KHEREDINNE,50.16060616220466,cloudy,76.6794886049787,festival,19.376953508864244,1,1,9,68.68426935484966,9.162018741155988
2026-05-09T21:45:29.784379,77,PÃ‰AG,GESSIR 2,30.320314340049773,rain,81.86358186373829,none,15.825294175497579,4,4,7,77.79171841518296,13.574697737407096
2026-05-09T21:45:29.784379,257 Retour,Depart,Arrivee,31.933388601578773,clear,21.740626894925622,none,12.926823637328123,5,7,15,22.22056950834669,7.560425341701137
2026-05-09T21:45:29.784379,4G,IMMEUBLE CHEFIA,CASERNE MANNOUBA - ALLER,39.80319655502976,clear,40.36231705215516,none,38.7693991321955,3,12,14,37.17242430768608,5.574757564781613
2026-05-09T21:45:29.784379,24/ Retour,CITÃ‰ EL OUIFAK (GN,LE SOUK DES VOITURES,30.831801870687528,clear,69.80055913839337,festival,13.692153454740115,1,1,23,46.15391782822168,4.126182297596535
2026-05-09T21:45:29.784379,18 Retour,LYCÃ‰E KHEREDINN,10 DECEMBRE,33.85549088469631,storm,71.12545295841934,none,39.770628213823215,0,10,4,58.57596423935665,1.2684772157129878
2026-05-09T21:45:29.784379,81B Retour,AV EL BORHENE,14-janv,32.47916764601311,rain,61.50836670670689,holiday,17.1790926607104,0,3,16,39.64963975017295,1.704084876753353
2026-05-09T21:45:29.784379,3A Retour,MEFTEH SAADALLAH ALLER,SIDI ALOUI,37.98978610898821,cloudy,64.96586016801581,none,17.191723135194906,3,4,20,24.778838770762064,1.1605453710308327
2026-05-09T21:45:29.784379,48 Retour,MESS DES OFFICIERS,BOUDRIA RETOUR,24.36288474385338,cloudy,50.80746075618413,greve_transport,9.751839432307044,0,7,17,108.80310797750333,1.6532519277057016
2026-05-09T21:45:29.784379,44C,KIOSQUE,JABBES ELBORJ,56.93596509889315,rain,86.55221775759395,none,34.42842324565807,3,1,21,44.57787237876255,7.7608996631125
2026-05-09T21:45:29.784379,88 Retour,Depart,Arrivee,25.845650690927215,clear,35.70216546147727,congres,18.01102809618138,0,1,10,33.81324142586398,2.3815931886388886
2026-05-09T21:45:29.784379,251 Retour,Depart,Arrivee,36.77066677557339,rain,83.62937514895735,congres,34.376575549531985,2,2,12,77.88076170860437,11.835931222116127
2026-05-09T21:45:29.784379,17,MONGIL,RADES PLAGE 2,49.7772195963324,clear,21.779302469821836,none,37.84012649911624,0,6,2,25.21540892217447,7.751153224722572
2026-05-09T21:45:29.784379,98,JALLOU,CAFÃ‰ JALLOU TERMINU,20.763452289291713,rain,27.751839955031514,none,29.634977093266457,1,5,20,19.52508786902078,0.3952984110299269
2026-05-09T21:45:29.785379,12,TERMINUS L12 ZAYATINE,CIMETIERE SIDI YAHIA RETOUR,17.82646067078706,clear,65.72092600420265,none,38.97670950546364,1,9,20,36.93347128045542,1.103460183249755
2026-05-09T21:45:29.785379,460 Retour,TOUTA 10 DECEMBRE,LYCÃ‰E KHEREDINN,25.493282470424234,cloudy,46.112732488335524,manifestation,21.82139299666652,0,3,6,51.537911461215565,0.8993018156458064
2026-05-09T21:45:29.785379,43,HOPITAL DES ENFANTS,INSTITUT DE LA NUTRITION,41.39793676714539,clear,91.86280255483996,none,10.30101495412626,0,3,21,28.48324464957391,1.8140708650051465
2026-05-09T21:45:29.785379,16A Retour,INOPLAST,GAALOUL,25.747603095937976,clear,23.706122236088973,none,21.680241842964787,5,2,20,9.38694800758963,0.7217867448899629
2026-05-09T21:45:29.785379,80 Retour,CITÃ‰ EL GHAZEL,PATISSERIE BEN YEDER,19.64198044711228,clear,79.18877626490443,none,32.55146861309514,1,7,8,62.74859887641504,6.575647747044323
2026-05-09T21:45:29.785379,87 Retour,Depart,Arrivee,56.83306522923405,clear,85.77851752524036,none,29.099436392923007,2,2,8,51.478886491571394,12.688591997101481
2026-05-09T21:45:29.785379,635,CHARGUIA1,FOIRE LA CHARGUIA,54.81181245730666,rain,10.329068021018434,none,21.49677574195603,3,8,18,21.984992417365675,0.7571194830325623
2026-05-09T21:45:29.785379,94  Retour,Depart,Arrivee,21.54896552640318,rain,86.6340263481892,none,21.314261453077957,2,4,4,49.54953022642068,4.015029959964519
2026-05-09T21:45:29.785379,42,BOUDREYA,GARDE NATIONAL OUED ELLIL,43.61634049968206,cloudy,18.898600839638622,match_sport,35.712742101779995,3,4,20,45.14528715377683,5.866460065853498
2026-05-09T21:45:29.785379,23C,GARDE NATIONAL AGBA-ALLER,MOSQUÃ‰E MORNAGIAA-ALLE,24.0895823754633,cloudy,87.56876341142274,festival,24.370899540689575,2,1,18,80.64642385215802,7.337326637669424
2026-05-09T21:45:29.785379,23H,GARDE NATIONAL AGBA-RETOUR,ABDELMOULA-RETOUR,38.46673159536125,clear,78.14702077137726,none,26.975446430957827,4,4,13,32.483319819623446,1.0399395875693642
2026-05-09T21:45:29.785379,33B,MIZANETTA-RETOUR,JARDIN THAMEUR,58.66832830761437,rain,31.865082551833954,marathon,10.979429008268482,3,11,11,56.3583247222572,5.854859454419568
2026-05-09T21:45:29.785379,42B,STIL,ZOUITINA,36.566997661830456,clear,95.83332638425371,none,17.54081140084978,5,1,22,44.444128299351235,13.565278352899918
2026-05-09T21:45:29.785379,635 Retour,CENTRE DE TRI POSTAL,AÃ‰ROPORT PÃ‰LERI,40.084330431023254,clear,47.2008213884073,none,21.95350317179453,5,8,19,28.078930837083245,0.9491982054408661
2026-05-09T21:45:29.786379,79 Retour,Depart,Arrivee,43.614132625657604,cloudy,74.90104805032897,none,18.422470770486473,4,7,22,26.104647671290188,1.5639382942757247
2026-05-09T21:45:29.786379,262 Retour,Depart,Arrivee,50.110150441792825,clear,72.44888817894544,none,36.68100966924122,0,2,14,54.74294754079999,13.762076421682735
2026-05-09T21:45:29.786379,19G Retour,LYCÃ‰E IBN MANDHOU,SALLE DES FÃ‰TES KERMES,43.06750699384977,clear,43.18326316035652,festival,20.3898647729899,2,5,14,52.8409324762981,11.476196828920846
2026-05-09T21:45:29.786379,27C Retour,MOSQUÃ‰E CITÃ‰ CHAKER RAOU,EL GHAZELA,23.98369282732216,clear,55.383711471372834,manifestation,15.723190522799996,3,1,18,75.28464821825413,6.2775803065327
2026-05-09T21:45:29.786379,18C,LYCÃ‰E KHEREDINN,LA POSTE,25.486662447300603,rain,73.04093788819222,none,10.441678533570546,5,4,11,23.24196395672132,0.37340395861243225
2026-05-09T21:45:29.786379,27A,ENKHILETTE,SALON BADER,22.969986940092692,cloudy,50.87929777887227,manifestation,37.342755619279636,4,4,11,58.65673620775036,1.3223071713434242
2026-05-09T21:45:29.786379,16B Retour,STADE DJEDAIDA,ZONE F,29.740364143912803,cloudy,23.55498577616672,foire,20.257881805472113,0,1,19,50.895440386080054,4.114754968654173
2026-05-09T21:45:29.786379,84 Retour,MHAMDIA CENTRE,CENTRE DE FORMATION MGHIRA,56.493524114693955,clear,54.140418706235494,none,33.684999812871034,5,1,13,18.793091036806892,4.786590975472905
2026-05-09T21:45:29.786379,96,CITÃ‰ SNIT MANOUB,GOBAA TERMINUS 96,33.005859160166274,clear,35.537095896441045,none,28.281503231767324,6,3,14,11.719252308391058,0.5329217434186563
2026-05-09T21:45:29.786379,23D,ENTREE FEJJA-ALLER,POULAILLER MENZEL HBIB-ALLER,58.64808174760208,clear,82.50474599328832,none,37.477207574225574,0,10,0,31.649836708756006,3.6291116106758494
2026-05-09T21:45:29.786379,91,CITE HASSEN BELKHOUJA2-ALLER,MUNICIPALITE MANNOUBA-RETOUR,22.890543701166877,clear,51.40577050728056,none,9.05433178385696,2,11,12,35.48686707670131,2.703830978285153
2026-05-09T21:45:29.786379,27A,TUNISIE TÃ‰LÃ‰COM EL GHAZE,MAGAZIN AZIZA,16.35513068853702,clear,63.32346945114368,manifestation,9.397149718816273,6,1,5,47.84992783994113,0.14921985906557556
2026-05-09T21:45:29.786379,23/,POULAILLER MENZEL HBIB 23D-23/,ECOLE FEJJA-ALLER,20.069955139694372,storm,65.2061661869954,none,10.143715020667123,1,10,8,67.01555064695954,2.7078805925371974
2026-05-09T21:45:29.786379,36 B,FOYER BARDO 2 RETOUR,FOYER BARDO 2 ALLER,15.254877510681915,cloudy,24.26071961626867,match_sport,17.953173352330783,0,7,14,59.41085840586426,3.185103231710459
2026-05-09T21:45:29.787379,24E Retour,FERME LOUKIL,RABATTEMENT MOUROUJ 2,16.12407084251486,cloudy,89.1516424160703,none,23.423837367451746,5,1,15,30.964853114356586,1.9699231262494958
2026-05-09T21:45:29.787379,85 Retour,CENTRE DE FORMATION MGHIRA,BAB SAADOUN RETOUR,43.56522117821399,clear,53.7798148427687,festival,35.73936681686611,6,7,8,83.32174105837423,29.237330929949053
2026-05-09T21:45:29.787379,63 Retour,CITÃ‰ EZHEN,BORJE LOUZIR2,16.62870387422412,rain,33.83346896004869,foire,31.038705259823345,5,5,23,38.94942988428976,0.33057618097084485
2026-05-09T21:45:29.787379,53 Retour,Depart,Arrivee,21.962943137573195,clear,83.8422114724768,none,24.27287781675432,5,4,14,42.003775299965156,5.028058082860411
2026-05-09T21:45:29.787379,16C,GARDE NATIONAL OUED ELLIL,ARRÃ‰T PHARMACI,34.978323168796635,clear,64.99210703877321,none,12.225125660479858,3,10,13,29.20484158285339,1.1815658834382923
2026-05-09T21:45:29.787379,23F,CROISEMENT SIDI ALI HATTAB-RETOUR,PÃ‰PINIÃ‰RE-RETO,50.38696466003572,clear,19.085291347243654,congres,28.88326448689408,3,4,17,39.33196795254508,12.147498239350448
2026-05-09T21:45:29.787379,635A Retour,DEPOT CHARGUIA,TERMINUS TUNIS MARINE BUS,59.07237977145647,clear,38.332455302851145,none,23.295985441737965,6,2,2,11.485688324849136,4.49974361462232
2026-05-09T21:45:29.787880,67 Retour,Depart,Arrivee,55.7263076901028,clear,78.16825930359923,match_sport,33.91265292471239,6,4,2,28.24805027403426,2.8351180638658433
2026-05-09T21:45:29.787880,76 Retour,Depart,Arrivee,33.27528332637399,clear,76.08789900847968,none,35.99960601768485,5,1,5,48.31197384378511,14.07582385917664
2026-05-09T21:45:29.787880,46 Retour,LYCÃ‰E TECHNIQUE L'ANGALIN,CITÃ‰ ERRAJE,31.016665471592127,fog,91.2280494374718,marathon,10.280266644743293,5,9,5,61.430962288040014,0.9047075866006082
2026-05-09T21:45:29.787880,68,MESS DES OFFICIERS,CITÃ‰ SFA,45.735115819112885,fog,92.10291049910401,congres,15.83089910475843,3,10,10,54.53507027335153,0.16700958568397972
2026-05-09T21:45:29.787880,48 Retour,TERMINUS CITÃ‰ ELBASATIN,INTILAKA,12.30345848377338,cloudy,40.469862469334615,none,27.621451543779745,5,10,22,43.428163898077315,4.529383892183438
2026-05-09T21:45:29.787880,514A,ROUTE ELBASATINE,USINE LAZREG,50.97139268351825,fog,20.77839697889775,none,17.104382711758213,5,11,5,24.35241059265284,1.255611953140825
2026-05-09T21:45:29.787880,21B Retour,CROISEMENT PRISON CIVILE,CITÃ‰ SNIT MORNA,32.01108631280826,rain,93.64668094631863,none,20.638245952686788,3,8,16,55.70680640299042,11.883389893068786
2026-05-09T21:45:29.787880,25D,CITÃ‰ BELLIL,KHLÃ‰DIA GAR,49.283457493890964,clear,83.53004351478675,none,18.456739140961446,4,11,21,26.234730824419046,6.407309534187254
2026-05-09T21:45:29.787880,84 Retour,CITÃ‰ ESSAADA (MHAMDIA,IMMEUBLE CHEFIA,42.07898406216971,clear,48.715831759988184,marathon,17.646597965141375,0,1,12,81.44659896425381,17.198808946093106
2026-05-09T21:45:29.787880,55 Retour,CITE ENAJET1,INEPS,12.522778531006187,clear,89.2903676333237,none,34.39478910066368,0,8,16,114.69071302598071,16.16698898682487
2026-05-09T21:45:29.787880,24D,RABATTEMENT MOUROUJ 2,LE SOUK DES VOITURES,18.035667459549284,storm,24.26682106246685,none,19.651873818928173,0,8,1,39.98565918412379,0.9269480339413856
2026-05-09T21:45:29.787880,32 B,SOUK MELLASSINE-RETOUR,MOSQUÃ‰E ELBOR,54.387576233584404,clear,92.23547446058133,manifestation,17.522262926106094,0,2,3,56.94945926326734,2.592981723802769
2026-05-09T21:45:29.787880,90,TERMINUS CITE BEN YOUNES,RABATTEMENT SLIMEN KAHIA,13.320267673024869,storm,13.536275063562321,festival,22.167549686606666,0,6,23,56.12551790867592,1.6729761232759297
2026-05-09T21:45:29.787880,47,CITÃ‰ TAIEB MHIR,LE KRAM,30.133560412699893,clear,83.20662042082117,festival,29.170914110696494,5,9,11,47.93638873568796,7.974592065321602
2026-05-09T21:45:29.788882,78,STADE IBN KHALDOUN ALLER,MOSQUEE IBN KHALDOUN RETOUR,16.409255514954893,clear,65.76114023007936,festival,32.87464045063018,5,1,4,48.14913568197958,5.577503313764819
2026-05-09T21:45:29.788882,18 Retour,PARC SOUKRA,MONOPRIX,37.22306660745843,clear,78.441814564846,greve_transport,38.26479094427075,6,10,21,83.31000514662252,7.701760250537168
2026-05-09T21:45:29.788882,82 Retour,MEDINA JADIDA 1,GARE DJEBEL JELLOUD,28.660368455256343,clear,62.12168236315442,none,36.8290473685437,1,12,1,33.73280936935777,4.674180211128034
2026-05-09T21:45:29.788882,23B,BIR ED DROUJ-ALLER,OUED GUERIANA L23,23.1512917871392,clear,42.64904198237283,none,29.869903585725346,4,6,18,72.87185414354454,15.270026955686362
2026-05-09T21:45:29.788882,46B Retour,TERMINUS LAAJEMA,CITE ERRIMEL,24.31295176915916,clear,68.48775295323175,none,33.928292176553185,5,12,14,59.11409361060191,13.972588092936569
2026-05-09T21:45:29.788882,259 Retour,Depart,Arrivee,50.63063195440859,clear,11.654289079771784,festival,17.644537464523495,6,12,16,17.924341961338946,9.013708163548712
2026-05-09T21:45:29.788882,20G Retour,LAHWECHE,MARSA,58.53340138969352,clear,63.740495801395305,none,22.294039095829277,0,5,11,13.477586779934388,0.9402879970334357
2026-05-09T21:45:29.788882,16/ Retour,GAALOUL,INEPS,53.197741100475525,clear,27.368560714512572,none,27.720129298266,4,4,14,10.767780284143582,1.509031262691197
2026-05-09T21:45:29.788882,20 Retour,MOHAMED V,JARDIN THAMEUR,36.35741908126323,cloudy,14.959867594660007,marathon,30.495735236698224,2,5,0,39.84515882917185,1.6674983466386593
2026-05-09T21:45:29.788882,44B,KIOSQUE AGILE,SABALET BEN AMAR,54.83732749538723,clear,30.478048924281698,none,12.077058294253728,0,2,3,5.0,1.184816949879706
2026-05-09T21:45:29.788882,94,CITÃ‰ AOUINE ,CITÃ‰ ELMHERIN,42.541397524466404,clear,58.27693447720274,none,16.571954650158105,2,9,23,26.734481296260412,3.947842391880606
2026-05-09T21:45:29.788882,16D Retour,JALLOU,KIOSQUE AGIL JALLOU,58.03573758349087,clear,99.66671238207033,manifestation,27.55070398183215,3,1,13,69.12680285481275,0.8945215622611711
2026-05-09T21:45:29.788882,20B Retour,MONTPLAISIR,BANQUE DE L'HABITAT,24.570756933802432,clear,37.762229132441774,none,26.642205094873958,4,4,0,12.30747141441124,0.868675265931941
2026-05-09T21:45:29.788882,31B,BEJAWA 2,SIDI THABET CENTRE,37.20915744884009,clear,18.558428293965655,none,31.215297088495582,6,1,18,31.89475779619696,9.249188675789384
2026-05-09T21:45:29.789882,26A,CENTRE DE COORDINATION OUARDIA,CENTRE DE FORMATION SNT,15.467795155473942,clear,40.31629313024374,none,35.555632641965616,4,7,23,41.26003890177769,3.890569107468175
2026-05-09T21:45:29.789882,25,CENTRE DES HANDICAPÃ‰,ARRÃ‰T JARDIN D'ENFANT,20.64250430191787,cloudy,58.85903191247247,manifestation,12.002845114764913,5,2,4,43.918921538217035,0.43200784358806743
2026-05-09T21:45:29.789882,18C Retour,HAMADI ABID,MONOPRIX,56.52243002725155,rain,99.59352496598979,none,11.611460630808391,1,4,22,34.54264489833265,0.848267738728282
2026-05-09T21:45:29.789882,19A,CAFÃ‰ AYE,TERMINUS CITÃ‰ CHAKE,49.34878996906004,clear,43.24443828243266,none,25.93115757921035,1,3,23,28.69589536419222,11.127525643968998
2026-05-09T21:45:29.789882,46 Retour,EZENGA,TERMINUS TEBOURBA,15.963583601987171,clear,55.01781419705067,manifestation,30.441386946828292,3,8,6,76.47107832970924,7.065096112160756
2026-05-09T21:45:29.789882,73 Retour,Depart,Arrivee,51.53836942973803,clear,88.74075111381336,match_sport,21.3730394814531,1,6,8,64.65241917838243,7.4255760529148835
2026-05-09T21:45:29.789882,92,GOUVERNORAT MANOUBA-ALLER,CITE ORANGERS 2-RETOUR,36.534759488176064,clear,70.80796574783997,none,15.457428104539918,5,3,23,21.3994671957489,2.2641846041924154
2026-05-09T21:45:29.789882,18B Retour,TOUTA 10 DECEMBRE,10 DECEMBRE,27.479259789219604,clear,45.33289753250001,none,34.63165141467013,3,6,5,18.827387799112834,0.3691754000671814
2026-05-09T21:45:29.789882,24 Retour,CITÃ‰ TAYAR,CITÃ‰ EL HIDHA,55.83215513469581,cloudy,70.46013432293793,none,8.041101616857645,2,1,8,49.47108753890102,5.319739964044665
2026-05-09T21:45:29.789882,74B,SALLE DES FÃ‰TES KERMES,14-janv,46.533950576419514,cloudy,16.675857603488097,none,34.87994314380617,1,1,15,16.87256657667698,9.201879030160574
2026-05-09T21:45:29.789882,24H,RABATTEMENT MOUROUJ 2,CITÃ‰ AYAR,26.00905837142193,cloudy,26.911322991857485,none,18.766411258160325,5,11,6,31.087942990289985,8.961354487305574
2026-05-09T21:45:29.789882,81B,CENTRE CHALLAKH EL MOUROUJ 4,JARDIN D'ENFANTS MOUROUJ 5,11.95393430009776,cloudy,14.553716830892355,foire,38.77220021200982,4,12,12,59.7528205854594,1.4532830792804263
2026-05-09T21:45:29.789882,5 Retour,INSTITUT NATIONAL DE LA MÃ‰TÃ‰OROLOG,MINISTÃ‰RE DE L'AGRICULTUR,54.48437062858325,clear,91.10598608956201,match_sport,23.635357628095512,1,3,16,44.36868131262502,2.3798902262544646
2026-05-09T21:45:29.789882,45B Retour,ROUTE CHAOUAT,CITÃ‰ BOUSABA,56.10244010635537,clear,21.587248258814178,none,36.60712538958174,0,2,12,26.909218936232584,10.284088696487895
2026-05-09T21:45:29.790883,249 Retour,Depart,Arrivee,44.457167849016884,cloudy,28.013879012443013,none,26.93785304522643,1,5,23,27.78772604740182,13.466574035774457
2026-05-09T21:45:29.790883,3AG Retour,TELECOM,KASBAH,50.59545574799523,rain,27.086739424387222,none,31.081192607162453,2,7,8,32.95798920155119,0.5070961927396667
2026-05-09T21:45:29.790883,23,ZONE INDUSTRIELLE-ALLER,GARDE NATIONAL AGBA-RETOUR,27.875666421361846,clear,67.85218451458742,festival,35.87096319560136,4,8,14,113.93052389531199,28.38618500468035
2026-05-09T21:45:29.790883,4A,BOUCHOUCHA-RETOUR,BAB ABDESLEM-RETOUR,56.71348957319385,cloudy,36.24293153450416,none,37.74418257178076,6,4,2,15.245239708595243,1.1747052948456194
2026-05-09T21:45:29.790883,97 Retour,POMPAGE,CITÃ‰ TORJME,47.361232254429346,clear,37.56153207055604,manifestation,10.315432247722452,2,4,18,65.33099176491717,1.4986901720181915
2026-05-09T21:45:29.790883,74,JARDIN D'ENFANTS MOUROUJ 3,FOYER UNIVERSITAIRE MOUROUJ 3,43.906125076832325,clear,72.05807880148737,none,16.872269323173956,4,5,0,22.120238405244695,0.2285389700406526
2026-05-09T21:45:29.790883,256 Retour,Depart,Arrivee,12.458041457752408,clear,59.876312990391895,match_sport,25.196134094203362,4,7,8,81.34295326400985,4.318985476438493
2026-05-09T21:45:29.790883,78,FOYER BARDO 1 ALLER,BAB JDID-RETOUR,57.70658207855363,clear,93.00769979352263,none,39.53677226416698,3,3,17,64.88832149372709,14.18378798587608
2026-05-09T21:45:29.790883,18C,SOUKRA,SIDI DAOUED,31.228630359297778,fog,58.814790417139484,none,12.5160357855783,0,10,7,56.13505352046923,4.236838816755837
2026-05-09T21:45:29.790883,90,TERMINUS CITE BEN YOUNES,RABATTEMENT SLIMEN KAHIA,55.73082272575957,clear,69.87455526132197,none,27.320164602803615,1,8,4,17.975676472068756,1.6729761232759297
2026-05-09T21:45:29.790883,44C Retour,CAFÃ‰ JABBE,CITÃ‰ ERRAFEH,43.11859299563768,clear,71.93058932857153,none,21.611407880639476,1,6,0,36.37966951932505,10.792762303259812
2026-05-09T21:45:29.790883,95 Retour,DAR MOCENNINE-ALLER,RABATTEMENT SLIMEN KAHIA,54.59101057033064,clear,65.24613505069519,none,20.529187187252134,0,2,6,15.146197443786455,0.9287949816085161
2026-05-09T21:45:29.790883,63 Retour,10 DECEMBRE,PLACE JEANS DARK ALLER,35.19443983956367,cloudy,32.40491723171855,none,18.69489079232367,1,3,22,12.946655003983372,2.692576223727978
2026-05-09T21:45:29.790883,253 Retour,Depart,Arrivee,50.16522867590167,fog,56.63964840723347,none,8.986387798379848,3,8,11,43.32136998228365,5.110853484638239
2026-05-09T21:45:29.791883,5D Retour,PASSAGE JEANS JAURES ALLER,STEG JEANS JAURES ALLER,29.59838701372315,clear,95.91761446446083,none,37.886442834646985,2,12,8,51.18788488297415,0.1622832098226663
2026-05-09T21:45:29.791883,23/,CROISEMENT BORJ AMRI 23D-23/,STEG MENZEL HBIB 23D-23/,21.67902171111796,clear,13.403812289683177,none,39.56319753421319,6,12,12,19.652345397576205,1.2677136575239025
2026-05-09T21:45:29.791883,34A,CROISEMENT MORNAGIAA-ALLER,DEPOT SNT SIJOUMI,12.825784539837866,clear,48.83573078628781,none,24.51026811281355,0,7,1,158.57153408845423,29.98454100779605
2026-05-09T21:45:29.791883,54C  Retour,SOCIÃ‰TÃ‰ NO,SIEFCOL,29.057344101736778,clear,75.48213899214497,none,35.41535828818871,2,12,2,28.912911528682994,0.44567495812043134
2026-05-09T21:45:29.791883,37 Retour,STEG,BOUCHERIE EZZAOUIA,50.680786299035965,clear,57.54039469544412,festival,14.63902201788407,5,1,21,47.559533789126,20.06312757373744
2026-05-09T21:45:29.791883,47A,EL MENZAH 6,LA POSTE,21.828396260555003,cloudy,21.856941966876775,festival,34.95862355578923,5,2,18,46.296909259760355,4.148211443113009
2026-05-09T21:45:29.791883,635 Retour,ONAS,DEPOT CHARGUIA,34.78269604416236,clear,46.94705059162851,none,12.363875360942668,6,10,10,8.811439761145706,0.4482858685818707
2026-05-09T21:45:29.791883,527,TUNISIE TÃ‰LÃ‰COM EL GHAZE,ECOLE ABU EL KACEM ECHEBI,10.460044881268972,cloudy,38.47378666489146,greve_transport,14.198945624841532,3,9,17,105.81254056259027,0.7945713613444596
2026-05-09T21:45:29.791883,25C,COLLÃ‰GE MOUROUJ ,MONCEF BEY RETOUR,29.35250059674435,cloudy,14.029154981963819,none,22.63137342782542,3,3,16,26.68939424165529,8.100767879556743
2026-05-09T21:45:29.791883,17A,VILLAGE D'ENFANTS,LES SALINES,46.59366265313601,clear,95.04703572760685,none,26.278845107673522,0,11,16,33.104655383339086,4.183510005344482
2026-05-09T21:45:29.791883,18 Retour,SOUKRA,CLUB DES AVOCAT,34.522720425989235,clear,89.643407216047,none,15.076723523542189,6,12,22,30.386645958350456,2.7399087479506656
2026-05-09T21:45:29.791883,44D/ Retour,CITÃ‰ POPULAIRE ENNAHL,PLACE SALA CENTRE,24.615152327741875,rain,17.881801607455724,match_sport,29.413876870372576,2,1,10,48.32170052100946,4.127281664046059
2026-05-09T21:45:29.791883,460 Retour,CITÃ‰ SPORTIV,TOUTA 10 DECEMBRE,16.063244667956837,clear,46.9864547232313,none,30.786303751933776,3,7,21,26.460536513927018,0.7671045705967092
2026-05-09T21:45:29.791883,20 Retour,CITÃ‰ EL KHADHR,MOHAMED V,41.67320596178863,clear,66.5689627790975,none,11.038516717386592,4,7,3,17.060338607727587,1.5088600054704546
2026-05-09T21:45:29.792883,3710,TERMINUS BORJ CEDRIA,SOCIÃ‰TÃ‰ DE CHAUSSETT,35.487853345043575,cloudy,42.34050914642085,none,19.632462635816534,5,9,9,42.39669486008207,8.76263297388845
2026-05-09T21:45:29.792883,54D,DÃ‰LÃ‰GATION MOUROUJ,PROTECTION CIVILE,56.59563662987279,clear,95.51900852788872,none,27.29644362766682,5,3,23,28.25393823712689,5.0359527141996985
2026-05-09T21:45:29.792883,52,BEN MAHMOUD,NACER,54.89490523871261,clear,12.354250809107786,festival,27.332180123409124,1,5,18,31.02945656494533,2.4215562195261957
2026-05-09T21:45:29.792883,52 Retour,M.G. SIDI BOU SAID,CITÃ‰ EL KHALILL,11.79463755944662,fog,41.68149242516905,none,8.587892945219341,6,6,12,64.17054694538113,5.046625324174563
2026-05-09T21:45:29.792883,24E,SIDI FREDJ 1,TERMINUS SIDI FREDJ,20.986137505519842,clear,80.38016430345472,match_sport,22.50437672082751,4,9,21,43.39478074230056,0.3949457555676421
2026-05-09T21:45:29.792883,33,ECOLE ZOUHOUR4-ALLER,CITE ESSALAMA,37.99276900172386,storm,66.46568997842618,none,17.356512763127693,3,9,17,64.7371575711221,1.2164028708597998
2026-05-09T21:45:29.792883,52,M.G. SIDI BOU SAID,TERMINUS 52/52B,56.12862024529,cloudy,42.73529690221158,match_sport,16.23569466885229,6,11,23,30.885073829475637,1.165177479016692
2026-05-09T21:45:29.792883,27C,CITÃ‰ 26/2,CITE EL BOKRI,32.408542351065925,cloudy,29.91140378260153,festival,32.711688828584855,5,6,1,32.792372981338985,4.50571729900388
2026-05-09T21:45:29.792883,46B,CITÃ‰ ENNOU,MAHFOURA 1,26.823058128860612,cloudy,50.898008724358704,festival,14.834153610758154,4,8,19,55.15513570547607,3.2205574119972216
2026-05-09T21:45:29.792883,23/ Retour,STEG MENZEL HBIB 23D-23/,AALOUINE2,27.67387375641894,cloudy,32.10684166439331,none,33.4202952029714,2,2,13,34.16275536287672,5.121281455609418
2026-05-09T21:45:29.792883,14C Retour,LYCEE CITE ERRAFEHA,INTILAKA,32.84694249491245,fog,89.90734147619975,none,31.812053942859848,6,3,4,32.94108924322775,0.6353800567668846
2026-05-09T21:45:29.792883,44D/ Retour,MREZGEYA,USINE DE CARRELAGE,16.932626455665186,clear,25.81050681717261,congres,30.181419528123072,3,1,12,74.4089666662808,13.06498732951485
2026-05-09T21:45:29.792883,29 Retour,BELLEVUE,AVENUE DE LA GARE,37.591436676708426,cloudy,33.140665359882505,congres,13.432271942628347,0,2,4,27.66127474772743,2.6307929592385593
2026-05-09T21:45:29.792883,61 Retour,Depart,Arrivee,26.668391905828138,clear,61.359812108271015,none,21.27509920965104,4,7,1,34.59870338193202,4.954982172693503
2026-05-09T21:45:29.793883,62A,NAHLI,MOSQUÃ‰E CITÃ‰ CHAKER RAOU,34.30287709513405,clear,22.765995785528666,none,11.376436684838435,3,3,15,25.00606232032243,9.70146325784097
2026-05-09T21:45:29.793883,25,ARRÃ‰T JARDIN D'ENFANT,DUBOSVILLE,21.485115768106716,clear,43.53445932193718,none,25.952218765277465,4,3,10,32.41904724298352,4.721452991175795
2026-05-09T21:45:29.793883,54C  Retour,CENTRE DE FORMATION SNT,CELLULOSE (SILOS),12.370781807004246,rain,64.39426471745273,none,23.834510611885445,1,5,1,47.57081248509572,2.765427396059909
2026-05-09T21:45:29.793883,75 Retour,CAFÃ‰ YASMINE,AVENUE DE LA GARE,49.3241517147953,clear,53.445554872910506,none,31.68969791677069,3,3,8,41.132828457613776,8.014082512716687
2026-05-09T21:45:29.793883,64,CENTER DE FORMATION RAS TABIA ALLER,TERMINUS 64/30,43.95791728717784,storm,12.595269422953482,none,11.451304465993893,2,2,3,28.261144843436874,2.446505007787547
2026-05-09T21:45:29.793883,47,EL ANBARIA,MONOPRIX,58.545235572493475,clear,71.33145512654542,none,20.67991509812499,4,6,8,39.72392221231746,3.306052409148992
2026-05-09T21:45:29.793883,26C Retour,TOUATI,SONED,42.24280217148634,clear,95.58472166792508,none,17.719163252218426,2,9,23,38.74953483921035,7.620532620396989
2026-05-09T21:45:29.793883,44B Retour,SANHEJI,BORJ JEBBES,51.1900874960269,clear,94.87186386811625,match_sport,13.800008177649662,1,4,9,62.41496945997867,0.7107750020176855
2026-05-09T21:45:29.793883,20G Retour,SCHILING,TAIEB MHIRI,16.332793642359697,clear,53.28474472758732,none,19.6220519589192,6,3,22,18.53504276256322,1.2468064304508246
2026-05-09T21:45:29.793883,81A Retour,CROISEMENT MOUROUJ 3,CITÃ‰ AF,19.739690132196337,rain,82.23046733364652,none,17.550421156728337,0,8,5,39.686367532848514,1.8969068269646017
2026-05-09T21:45:29.793883,66B Retour,HOPITAL TEBOURBA,TERMINUS TEBOURBA,24.735742342823436,clear,30.143627745078597,none,39.71155742389393,6,1,23,18.757906882196657,2.473173420764649
2026-05-09T21:45:29.793883,5D Retour,SNIT MENZEH 6,STEG JEANS JAURES ALLER,16.759152708571502,cloudy,20.822588791366115,none,19.22359354893788,4,8,7,51.02553994238734,4.867710017616468
2026-05-09T21:45:29.793883,18 Retour,MONGI SLIM,HAMADI ABID,15.546011543740326,clear,79.39345332203693,none,38.29896165336051,6,10,1,65.13243187100228,8.656085989114848
2026-05-09T21:45:29.793883,27A,LA POSTE,SALON BADER,48.0379654193475,clear,60.2029113161891,none,24.20959999707351,2,10,15,21.627722714374972,4.053626242283944
2026-05-09T21:45:29.794883,635 Retour,PLACE SALA CENTRE,CENTRE DE TRI POSTAL,39.08256663365034,storm,78.53129500925428,none,8.144143391369237,4,7,23,56.4345267132426,3.1819072561346475
2026-05-09T21:45:29.794883,26A Retour,USINE DE TOMATE,CENTRE DE FORMATION SNT,15.087726425050787,clear,10.478275223937585,none,29.132378822428436,4,6,1,23.097080692151664,4.3363263420679345
2026-05-09T21:45:29.794883,71 Retour,Depart,Arrivee,39.54359614871292,fog,81.80221349877469,foire,39.31219094184608,1,4,17,91.50087126304197,4.460871665028865
2026-05-09T21:45:29.794883,34,USINE DE BALLES-RETOUR,CITE BERHOUMA-RETOUR,19.03313494512047,clear,39.4889467315254,none,23.926014705528708,6,12,11,52.19953444224582,12.406690085199457
2026-05-09T21:45:29.794883,74G Retour,JARDIN D'ENFANTS MOUROUJ 3,PONT MOUROUJ 2,13.13610857072294,rain,54.52788163921333,none,36.34246123329528,1,3,3,57.449475638397786,4.346849728096243
2026-05-09T21:45:29.794883,44A,GESSIR 1,GESSIR 2,29.904358911811542,clear,40.20014815269914,greve_transport,35.95377843926684,5,2,6,63.96181884396425,0.4727855541996959
2026-05-09T21:45:29.794883,21 Retour,CITÃ‰ SNIT MORNAG L2,STATION DE BUS MORNAG,43.613941473704,fog,50.24444540775972,none,33.105168597916645,4,5,23,31.587518321828956,0.5011125582005551
2026-05-09T21:45:29.794883,5D Retour,ï¿½TAT UNIS,STEG JEANS JAURES ALLER,40.884729309429545,cloudy,12.550370534504617,manifestation,33.224806661466545,5,6,8,45.39724445114689,3.7967760802569
2026-05-09T21:45:29.794883,64 Retour,CITE KSAIR SAID,CENTER DE FORMATION RAS TABIA ALLER,40.823043911439875,storm,67.59607466031133,manifestation,38.26510867971058,2,7,22,84.49064741455311,1.8285057032308334
2026-05-09T21:45:29.794883,24D,ENTRÃ‰E FOUCHAN,CHEBEDDA,34.74913973562305,clear,72.65992925091452,none,22.119349410934937,2,5,20,27.574142189860805,3.533165338219998
2026-05-09T21:45:29.794883,21A,COOPÃ‰RATIVE ERRISSAL,ANCIENNE GARE AHMED ZAIED,50.15378211688724,clear,80.7227635819915,none,38.110905210969406,0,2,10,37.91753199982592,4.484083372170414
2026-05-09T21:45:29.794883,94,EL KALATOUS,PONT RACHED,18.18120001051169,clear,12.400908634798528,none,36.15393394302993,6,6,15,21.704470808341625,3.2385673063235885
2026-05-09T21:45:29.794883,25A,STEG NASSEN,DJEBEL JELLOUD,58.115149158713834,rain,54.07336286720695,match_sport,34.66808398181324,2,9,18,64.41770532503709,7.48539676375184
2026-05-09T21:45:29.794883,43 Retour,Depart,Arrivee,33.52366598385784,cloudy,99.97368740396479,manifestation,19.57664018473536,5,5,15,64.21489269039799,8.239692433586626
2026-05-09T21:45:29.795883,97,RABATTEMENT KHAIREDDINE MANNOUBA,ZONE F,15.654986971191123,clear,49.33303529047937,none,31.793416628393427,1,2,2,53.28937399253123,7.47277584642482
2026-05-09T21:45:29.795883,19A,CITÃ‰ JAOUHAR,EL AFRANE,35.0115739462901,clear,40.66168812173214,none,26.78824965069443,3,1,22,18.09097109908934,3.5428372721008223
2026-05-09T21:45:29.795883,3D,SONED,NOGRA,33.51857836924333,storm,79.00347141971334,congres,31.880139044681226,0,11,18,96.19617047567115,14.301330842164305
2026-05-09T21:45:29.795883,38C,PLACE JEANS DARK ALLER,SONED,32.49563905427527,rain,96.11521007887568,none,37.80912157296838,4,10,12,64.46981265730871,3.524507240496858
2026-05-09T21:45:29.795883,31,BORTAL ALLER,TERMINUS 31,22.07531134280306,cloudy,44.19639570337773,none,39.380743026049586,2,7,14,115.20150428770731,31.01347574591717
2026-05-09T21:45:29.795883,51A,MOSQUÃ‰E CITÃ‰ NAC,TERMINUS 5D/ 51A,12.397886621849382,rain,61.361485756478075,match_sport,12.795609564369652,3,12,4,57.27340488381959,0.19063197025353062
2026-05-09T21:45:29.795883,20 Retour,MARSA VILLE,MONTPLAISIR,25.43163242619753,clear,27.917408154516195,none,10.049392763673232,3,3,7,53.48303390465529,13.730989889822656
2026-05-09T21:45:29.795883,54A,CENTRE BEN AROUS,TERMINUS CITÃ‰ CHAKE,30.696302902629444,clear,28.61533995549476,festival,21.318944993034062,5,1,11,36.94305486882426,7.54959127053592
2026-05-09T21:45:29.795883,31C/,DEPOT CHARGUIA,SABALET BEN AMAR,23.9232645457673,fog,67.25969458024103,festival,37.37633632301922,6,9,23,83.01714498781394,14.303210388392163
2026-05-09T21:45:29.795883,80,LA FAYETTE ALLER,NAHLI 2,57.84073352954389,clear,96.59673185426202,marathon,16.652263529941003,5,11,22,63.995039918492616,12.035234935597288
2026-05-09T21:45:29.795883,261 Retour,Depart,Arrivee,10.763241982301487,clear,35.37431959075826,none,13.47527930922886,2,10,7,78.37267888411935,8.316019483665333
2026-05-09T21:45:29.795883,74G,JARDIN D'ENFANTS MOUROUJ 3,JARDIN D'ENFANTS MOUROUJ 5,22.396622490290362,fog,93.89205238584547,festival,32.504426273521275,4,9,6,62.09286982977152,2.1964011500926652
2026-05-09T21:45:29.795883,21 Retour,CITÃ‰ BRAIE,FERME BAHRI,33.43258184981926,fog,26.72488500088083,greve_transport,39.817215544353886,0,7,20,106.90805794701359,9.773436098614022
2026-05-09T21:45:29.795883,60A Retour,LA CAGNA (SECTION),POSTE POLICE RUE DU SAHEL,25.466211217911145,clear,97.50067382947218,none,31.466493078939592,4,12,16,31.429744421594183,1.2278802768144352
2026-05-09T21:45:29.795883,94,GHDIR ELGOLLAH-ALLER,AEROPORT BORJ AMRI-ALLER,44.40152594759907,clear,32.69821619433978,congres,37.54558426463774,6,5,19,54.58989380870503,12.83428184013877
2026-05-09T21:45:29.795883,43,HOPITAL DE NEUROLOGIE RABTA ALLER,INSTITUT DE LA NUTRITION,49.69216464339306,cloudy,19.701302262898714,none,30.324684248951197,4,5,3,11.781115056588904,0.5630726177867718
2026-05-09T21:45:29.795883,58,P.T.T OUED ELLIL,OUED ELLIL (16C 58),30.33029265230478,cloudy,23.69571416937261,none,17.13156435193135,3,2,20,11.30967010933976,0.24160863345332073
2026-05-09T21:45:29.795883,23F,AEROPORT BORJ EL AMRI-ALLER,MOSQUÃ‰E BORJ EL AMRI-RETOU,43.709605830750036,rain,69.32399901401209,none,24.43626828571683,6,7,19,64.49659153623026,22.059950885687975
2026-05-09T21:45:29.795883,31C/ Retour,GEANT,PLACE SALA CENTRE,42.410458872427796,clear,46.505745122989815,festival,10.146999444156119,2,7,3,41.68734254452903,9.47593601025832
2026-05-09T21:45:29.795883,24F,GARDE NATIONAL Z.I MGHIRA,CITÃ‰ EL AMA,30.969391575984297,storm,71.54587275808254,match_sport,17.367729554661118,1,4,20,70.04053154367503,2.0307883207242847
2026-05-09T21:45:29.795883,51A Retour,AMBASSADE IRAQ,STEG JEANS JAURES ALLER,29.388216426487485,clear,34.172164389966994,manifestation,10.235581461909174,4,2,10,50.27421446466205,3.5576001938807327
2026-05-09T21:45:29.797385,25A,CENTRE DE COORDINATION OUARDIA,DUBOSVILLE,13.077151706741843,clear,79.15789640055179,marathon,15.088868860875746,0,7,16,70.4352813031243,0.5104758677927208
2026-05-09T21:45:29.797385,84 Retour,PROMED TECH,MECAPROTEC AEROLIA,52.36775269546834,clear,46.26010279450438,marathon,31.690016987006445,4,1,10,48.309450796036444,0.8338492090130458
2026-05-09T21:45:29.797385,14A,ALI BALAHOUAN,CENTER DE FORMATION RAS TABIA ALLER,30.13558248258501,clear,54.73803784157174,match_sport,34.34459689967271,3,9,7,63.70763272393666,3.6428153818563183
2026-05-09T21:45:29.797385,257 Retour,Depart,Arrivee,34.40191121408749,clear,43.26788058602693,none,21.55329847172826,1,3,1,17.945340072034522,4.262744631788021
2026-05-09T21:45:29.797385,23B,OUED GUERIANA L23,RABATTEMENT SLIMEN KAHIA,57.91638432406934,clear,11.3498650339423,none,39.872409068231946,3,9,10,10.583063312172754,0.8321999127562698
2026-05-09T21:45:29.797385,24D,AMEN BANQUE,HUILERIE BEN SAIDAINE,44.33778601409544,cloudy,29.934419397367602,none,21.095986361132713,2,11,13,26.439898881855115,3.689507180555342
2026-05-09T21:45:29.797385,27A,LYCÃ‰E KHEREDINN,MAGRO,32.85119760963127,cloudy,64.38335643882326,manifestation,21.60007725194232,3,9,4,47.24921730708529,1.0871435509422667
2026-05-09T21:45:29.797385,71 Retour,Depart,Arrivee,56.36032323954155,cloudy,46.69652945724354,festival,32.57493624991376,3,2,11,40.628469606230496,6.200486750682601
2026-05-09T21:45:29.797385,5D Retour,CAFÃ‰ RAND,TERMINUS TUNIS MARINE BUS,20.176776124090242,clear,89.23797125862443,none,21.186995508241253,3,3,20,56.084301979330924,7.847690050877357
2026-05-09T21:45:29.797385,39,LYCÃ‰E TECHNIQUE RADE,IMMEUBLE RADES FORET 1,22.61115671153094,rain,95.24535551590546,none,23.924785744166982,2,7,1,46.42975898802152,0.8872854162015864
2026-05-09T21:45:29.797385,20B Retour,DAH DAH,PLACE DES DROITS DE L'HOMME,17.18438125921064,cloudy,58.03528723043,none,8.29573082897646,2,11,12,54.600870034567016,5.322180852967527
2026-05-09T21:45:29.797385,75 Retour,DUBOSVILLE,STATION BARCELONE,25.782681349116203,clear,30.065500770197822,none,21.696619278068603,0,12,7,31.442983081804137,1.9893508061785798
2026-05-09T21:45:29.797385,27C,EL GHAZELA,CITE EL BOKRI,28.81007066475991,clear,92.21598701481172,none,22.703864795661122,1,6,8,69.23975189813828,14.37440520975131
2026-05-09T21:45:29.797385,5 Retour,SCHILING,TERMINUS TUNIS MARINE BUS,55.298683175463026,rain,70.66526074783262,none,28.406491233341722,3,2,11,28.709069960867446,2.5567257008416506
2026-05-09T21:45:29.798387,5C,MENZEH8,MENZEH 6,47.13607485932087,rain,15.747973600692147,none,16.272018166387006,0,4,15,19.201848356941504,0.93727002948141
2026-05-09T21:45:29.798387,6B,ARIANA SUPÃ‰RIEU,TERMINUS CITÃ‰ EL MALLAH,29.4265574003021,rain,75.19801062423835,none,14.871824077067437,1,12,23,30.406487778369478,0.12999661594193013
2026-05-09T21:45:29.798387,14CG,OMRANE SUPÃ‰RIEUR ALLE,INTILAKA,50.320140962328715,cloudy,97.96825375204794,none,23.381443593762455,0,11,1,31.537373970403237,1.3469135129389356
2026-05-09T21:45:29.798387,70 Retour,Depart,Arrivee,30.937949524132748,clear,14.85393245567841,none,24.151663212171254,3,3,19,32.003121613113365,7.730128390565625
2026-05-09T21:45:29.798387,59A Retour,COMPLEXE COMMERCIAL MOUROUJ 1,BATAM,47.39618256557086,clear,79.95660182551661,manifestation,19.560524428991666,3,6,2,51.422762125784125,0.5288617414987926
2026-05-09T21:45:29.798387,74G Retour,CENTRE CHALLAKH EL MOUROUJ 4,RUE DU SAHEL,15.678227048876883,rain,32.788673347812164,none,26.892190886523544,0,5,20,63.35419244771013,10.518396547967365
2026-05-09T21:45:29.798387,23H,ENTREE BORJ ENNOUR-RETOUR,BOUHALLEB-RETOUR,18.507632057225845,clear,33.692155734748994,none,21.165149816334896,5,5,22,39.771995413334636,10.041767073149508
2026-05-09T21:45:29.798387,410B,AV DE FRANCE,LYCEE IBN ABI DHIEF MANNOUBA,27.562191614166416,rain,38.75693066267282,none,21.947147504435463,6,5,14,28.49405599747329,2.638631017888566
2026-05-09T21:45:29.799391,77 Retour,USINE DE CARRELAGE,LES ABATTOIRS,54.79060506992894,clear,22.658800531030007,festival,21.993012743827762,1,4,15,20.245577997437437,4.28066885099841
2026-05-09T21:45:29.799391,24F,CITÃ‰ EL OUIFAK ,CITÃ‰ EL AMA,48.18076494808283,clear,53.27075513617546,holiday,29.972813547329192,3,6,23,26.3769747543145,0.27062969222160405
2026-05-09T21:45:29.799391,14CG Retour,RÃ‰SIDENCE YESMINE RETOU,CENTER DE FORMATION RAS TABIA ALLER,12.025458647066092,clear,28.27635336280559,none,35.06383610642442,3,1,13,35.40080026816192,0.5734285359359506
2026-05-09T21:45:29.799391,116 Retour,INEPS,ESSAYDA RETOUR,27.11327963948731,clear,99.3523580367413,none,10.315148282753835,5,10,21,39.829180899465804,7.56325481732506
2026-05-09T21:45:29.799391,90,TERMINUS CITE BEN YOUNES,TERMINUS CITE BEN YOUNES,39.171100759150086,clear,68.98741271225695,none,32.95873473729257,6,7,12,32.58498384254025,5.094185264253221
2026-05-09T21:45:29.799391,3A Retour,RUE HASEN ENNOURI,BORTAL ALLER,37.991239444139495,clear,17.440033418788808,none,13.933178170469574,1,9,9,23.60107891668507,0.9167483540808508
2026-05-09T21:45:29.799391,17A Retour,STADE MUNICIPALE,CHOUCHET RADES,56.005690666131436,clear,12.60970699023532,festival,23.41879211444026,6,5,13,20.79187316273977,1.3167031598641206
2026-05-09T21:45:29.799391,54B Retour,CITÃ‰ AF,MOUROUJ 5,35.287114917772215,rain,87.49079391772122,none,8.408207350637777,4,8,13,47.68269840645813,0.30351794304587987
2026-05-09T21:45:29.799391,10B,CIMETIÃ‰RE SIDI MOSBE,BAB ALIOUA GP1,41.86962489675675,cloudy,30.183254483610853,none,37.33781049839284,2,10,10,30.114274314555875,11.378389455056093
2026-05-09T21:45:29.799391,54A/,SIÃ‰GE DÃ‰LÃ‰GATION MHAM,SIEFCOL,25.548651069151664,clear,34.522046562978645,manifestation,39.375065529058276,6,4,11,71.17872823060252,12.977401192758917
2026-05-09T21:45:29.799391,14A,ETTAHRIR SUPÃ‰RIEU,OMRANE SUPÃ‰RIEUR ALLE,12.59410387969961,fog,57.4503380425435,none,13.060050228258184,3,2,3,49.247731637306366,0.6930555718803033
2026-05-09T21:45:29.799391,17,LAC DE RADES,KOCHBATI,15.57911565666207,clear,48.53110310365372,none,8.891192882648184,1,8,5,77.56546447591401,12.629654472772197
2026-05-09T21:45:29.799391,91,CITE HASSEN BELKHOUJA2-RETOUR,CITE HASSEN BELKHOUJA1-RETOUR,46.74914858149477,clear,87.5893666106332,manifestation,28.895767409334965,2,1,5,55.36543950055779,0.24169039453364727
2026-05-09T21:45:29.799391,31C Retour,20 MARS RETOUR,IMMEUBLE CHEFIA,15.365060518533626,clear,23.279666214582996,match_sport,10.012563918479579,0,2,7,54.37716299638366,0.9899504959655268
2026-05-09T21:45:29.800389,54D,CELLULOSE (SILOS),BNA BEN AROUS,29.503303287381414,rain,93.6334877678103,none,35.64594583871855,4,12,21,43.623225703242994,1.3116610802966173
2026-05-09T21:45:29.800389,81A Retour,14-janv,CITÃ‰ AF,10.266209528553214,cloudy,40.528308814472624,none,28.637002363677343,1,10,4,36.09403833473696,1.3584251503244917
2026-05-09T21:45:29.800389,94 Retour,RELAIS BORJ AMRI-ALLER,GHDIR ELGOLLAH-ALLER,42.728309561179906,storm,79.76448356760433,match_sport,25.01122396857259,5,6,15,73.88103216370094,16.662193345511913
2026-05-09T21:45:29.800389,97 Retour,SAIDA,ZONE F,37.716129904182765,clear,74.83903320032002,none,18.650187554933503,0,9,10,25.933052899433743,0.9325290651534033
2026-05-09T21:45:29.800389,48 Retour,ETTADHAMEN,MAASRA,40.59520423836621,clear,73.17524801078261,manifestation,30.02346487474078,0,3,20,85.28934529258662,24.137162073711526
2026-05-09T21:45:29.800389,29,HAMMAM BELLEVUE,BELLEVUE,35.74647476962414,clear,97.99415315429499,none,37.82221246893991,1,12,4,37.11509804746096,0.9964436180446921
2026-05-09T21:45:29.800389,21 Retour,CITÃ‰ LA BORT,CITÃ‰ SNIT MORNAG L2,52.60738739000058,cloudy,57.89194656241172,none,13.171134590656678,6,1,4,18.114156860179484,6.008238642268813
2026-05-09T21:45:29.800389,20C Retour,MOHAMED V,PLACE DES DROITS DE L'HOMME,55.72288254404706,clear,79.34333078071269,none,27.156389722555563,6,10,2,13.405675233501835,0.9143543933168843
2026-05-09T21:45:29.800389,20 Retour,BANQUE DE L'HABITAT,PLACE DES DROITS DE L'HOMME,15.642908247184858,cloudy,19.11386628886687,marathon,24.244375125003113,5,7,23,41.82625195295523,1.441290655273054
2026-05-09T21:45:29.800389,16 Retour,POMPAGE,BOUCHOUCHA-RETOUR,36.02852721495867,clear,61.941004292299795,festival,28.29094224255485,5,8,0,47.869230899257055,14.085297147944114
2026-05-09T21:45:29.800389,33,CROISEMENT BIRINE-ALLER,ABATTOIR-RETOUR,22.841578728352932,clear,12.701820314560269,none,26.282240493859288,1,2,3,30.848026201843197,10.530754842306727
2026-05-09T21:45:29.800389,57 Retour,Depart,Arrivee,51.98823620193014,storm,36.3348004635681,none,38.13226180752649,5,7,22,44.65160594245259,9.13465087797481
2026-05-09T21:45:29.800389,20A Retour,MOHAMED V,JARDIN THAMEUR,18.901016214613517,rain,34.85067691991124,foire,19.668479712441055,0,11,1,42.13103686270744,1.6674983466386593
2026-05-09T21:45:29.800389,81B Retour,CITÃ‰ AF,CENTRE CHALLAKH EL MOUROUJ 4,36.16292564693286,clear,94.00969064537726,festival,31.867655627690656,1,3,12,54.199528910049246,1.7407115130626019
2026-05-09T21:45:29.801388,44D/ Retour,KIOSQUE AGILE,MAGRO,46.68109146439734,cloudy,86.86147003019079,match_sport,9.323980238952316,3,2,23,65.51642700714632,8.403002552870554
2026-05-09T21:45:29.801388,25D,CITÃ‰ MEKK,AVENUE CARTHAGE,14.312458565198245,fog,44.03767145753971,none,33.34410003616627,6,10,2,80.56868955481046,13.14824235458915
2026-05-09T21:45:29.801388,33A/,STADE MELLASSINE-ALLER,CITE KOUIER-ALLER,24.564687360275265,clear,83.01075025612221,none,30.95691377296673,1,12,22,49.18798314816999,12.47913400936282
2026-05-09T21:45:29.801388,82,HUILERIE BAYREM,PONT AUTOROUTE SUD,33.782751546245855,cloudy,98.73924149535934,foire,35.5888946653799,4,1,1,66.11435327937984,0.6349394443552825
2026-05-09T21:45:29.801388,39 Retour,ELOULIJA,BORJ LOUZIR (BEN AROUS),54.65006811982485,cloudy,62.649346024523965,festival,38.05149506344605,0,4,16,42.91455090853701,0.6331672227846346
2026-05-09T21:45:29.801388,77,CITÃ‰ ELLI,RÃ‰SERVOIR D'EA,37.611114008692326,cloudy,39.06109617201109,none,27.755336031618146,1,10,9,77.50737829085838,26.80949600509191
2026-05-09T21:45:29.801388,23,GHDIR ELGOLLAH-ALLER,BOUHALLEB-RETOUR,46.696018514385024,clear,41.96185876231447,none,21.094292601140793,6,1,1,40.60692374464097,22.63582568668906
2026-05-09T21:45:29.801388,65,BAB MNARA-RETOUR,GARE ROUTIÃ‰RE SU,18.455195021032573,clear,93.9381145607051,none,29.103681859986697,1,9,4,31.284162401256474,1.429692761095568
2026-05-09T21:45:29.801388,64 Retour,FOYER BARDO 1 ALLER,GARE ROUTIÃ‰RE NORD RETOU,58.00059404095627,rain,86.85536167130893,none,16.670822651879025,3,7,20,32.36295905541098,0.6656500223431339
2026-05-09T21:45:29.801388,21A,ANCIENNE GARE AHMED ZAIED,CROISEMENT AHMED ZAIED L21A,23.695743531495186,clear,30.867365249456352,match_sport,26.0200510045455,2,1,15,29.954260902865773,0.34564570557278795
2026-05-09T21:45:29.801388,23C,SIDI HMIDA,ENTREE FEJJA-RETOUR,15.697263472227176,cloudy,73.1887469541542,festival,31.311070257874945,0,1,4,94.50414743769227,12.577181685278006
2026-05-09T21:45:29.801388,34A,ECOLE ZOUHOUR4-ALLER,RABTA,57.99583448210455,cloudy,61.350526416214585,congres,22.173987895501952,5,3,13,77.41295448702635,43.965875277424566
2026-05-09T21:45:29.801388,25C,CENTRE DE COORDINATION OUARDIA,STEG NASSEN,49.59532692111185,cloudy,91.80259697093086,congres,10.058215142194673,2,11,2,51.95189589302189,5.611833203242201
2026-05-09T21:45:29.801388,3A,CAFÃ‰ EL HAJ ALLE,SAINT CLEMENT ALLER,29.62630992089136,clear,84.04628374390883,none,24.046317434933528,5,12,10,24.13589593825969,1.8415072844477471
2026-05-09T21:45:29.802388,51A,CITE MAHRAJENE,CENTRE MAKNI,14.926863358387035,rain,30.117504007136024,none,33.52055701426835,5,4,7,47.6942883485308,3.886650508541289
2026-05-09T21:45:29.802388,65 Retour,Depart,Arrivee,30.724048962717994,clear,85.69404842613042,none,12.453120349054778,1,12,13,37.98251159776566,3.6441713594176814
2026-05-09T21:45:29.802388,18B Retour,SALLE DES FÃ‰TES EZITOUN,LYCÃ‰E KHEREDINN,51.630450651919276,clear,74.52777461981934,marathon,14.921630089477183,1,4,18,73.29862808863696,5.682554411457044
2026-05-09T21:45:29.802388,52,PARC SIDI BOU SAID,TERMINUS 52/52B,44.36949563428573,cloudy,82.96486056506573,none,17.48610319294071,4,10,4,28.097957430160275,2.061359936358585
2026-05-09T21:45:29.802388,14CG Retour,NOGRA,KASBAH,43.873338446723096,rain,30.241537349664014,none,33.9365275707639,3,8,3,31.22943112495764,8.81642957693602
2026-05-09T21:45:29.802388,56,SABBELA (56),AFFAIRES SOCIALES,56.73994848367498,rain,67.93113123614481,none,22.955433226611575,1,2,3,31.053279660205906,0.6989022424691687
2026-05-09T21:45:29.802388,65 Retour,Depart,Arrivee,32.24027475293909,cloudy,66.69284536551336,none,25.31716989122107,3,1,11,35.408602853069965,4.7117256602403526
2026-05-09T21:45:29.802388,23B,ABDELMOULA-RETOUR,RABATTEMENT SLIMEN KAHIA,16.94799526244581,clear,75.85984855339052,none,19.243389908957656,5,11,4,25.75002174567957,1.3178629088252443
2026-05-09T21:45:29.802388,10,CITÃ‰ EZITOUN,ARRÃ‰T JARDIN D'ENFANT,37.76316613039701,clear,82.4515923911165,none,28.753093089066958,1,11,19,47.93294850820425,4.648800823989106
2026-05-09T21:45:29.802388,24/ Retour,CITÃ‰ ELLOU,LE SOUK DES VOITURES,58.868453038881796,rain,26.0425129562167,marathon,18.901338266295827,0,11,14,68.58237348243314,7.932187797531909
2026-05-09T21:45:29.802388,96 Retour,GOBAA TERMINUS 96,RABATTEMENT KHAIREDDINE MANNOUBA,29.324686143195684,clear,66.94093313572239,greve_transport,17.939231084650547,2,4,13,91.69820271871203,0.7533133728591199
2026-05-09T21:45:29.802388,31A Retour,DAR AMMAR,CITE EL BOSTANE,22.557920067914285,cloudy,89.18668432348444,none,20.67953678519371,2,10,18,115.8231773415733,26.325196731724766
2026-05-09T21:45:29.802388,256 Retour,Depart,Arrivee,53.82104718022464,clear,17.041788872202048,match_sport,34.73555698058548,5,8,11,29.876404605415015,11.290324774494387
2026-05-09T21:45:29.802388,16B Retour,DHNIBA,RABATTEMENT KHAIREDDINE MANNOUBA,36.56653963365879,rain,81.2217451287101,none,32.985135467695244,1,8,7,82.16907561106592,20.187715712918692
2026-05-09T21:45:29.803388,88 Retour,Depart,Arrivee,48.89922129942271,clear,60.771424938579685,festival,37.52394077213144,3,1,12,52.00657115210591,3.4956649408428286
2026-05-09T21:45:29.803388,116 Retour,HAMMED,MOEZEYA,23.298703232705606,clear,59.42296137173061,congres,39.955754213260306,0,11,22,69.61327873030474,12.194225442524942
2026-05-09T21:45:29.803388,59A,HAMMAM LACAGNA,MOSQUÃ‰E MOUROUJ ,10.405409844310661,clear,51.45094068060302,none,8.722230290350165,2,11,9,76.0071205280676,5.187624784287869
2026-05-09T21:45:29.803388,77 Retour,ARRÃ‰T USIN,GEANT,14.34314539930914,cloudy,14.7377901364445,none,17.770428769064523,4,3,15,52.65364623962361,9.59696722821927
2026-05-09T21:45:29.803388,60A,CITÃ‰ MED AL,"ECOLE PRIMAIRE 6,1",51.70627166236229,clear,29.17516156597055,none,20.00788507500961,5,9,12,11.538105048712067,2.348222544022141
2026-05-09T21:45:29.803388,35,10 DECEMBRE,RABATTEMENT 10 DECEMBRE,31.619818009254498,rain,84.05992614641518,none,30.43651620427446,5,1,10,31.586389378451848,0.3081768742564659
2026-05-09T21:45:29.803388,94  Retour,Depart,Arrivee,46.27841237799741,clear,10.08152517214812,festival,13.477911802724009,6,7,1,33.469205902723935,14.610332732369665
2026-05-09T21:45:29.803388,37 Retour,CITÃ‰ BEL AI,POSTE POLICE MORNAG,26.15970326621681,clear,50.368829443161346,none,12.683938130846968,3,12,23,48.219343484370086,14.659571579856205
2026-05-09T21:45:29.803388,62A,MOSQUÃ‰E CITÃ‰ CHAKER RAOU,SIDI AMOR,51.25964674028451,clear,99.11582142676464,none,29.17730284206467,0,4,3,31.61760990627884,0.6717530033669767
2026-05-09T21:45:29.803388,14A,BAB SADOUN,RÃ‰SIDENCE YESMINE ALLE,55.463252172767035,cloudy,42.412790272504424,none,30.076672106027544,6,12,0,12.736152784115601,2.520730287598596
2026-05-09T21:45:29.803388,54A/,2Ã‰ME ARRÃ‰T IBN JAZZ,CITÃ‰ JAOUHAR,58.94280075891173,fog,35.1943596722716,none,11.591714303730836,3,10,23,29.83526492804062,0.45727171111398945
2026-05-09T21:45:29.803388,65,CASERNE EZZOUHOUR RETOUR,SOUK MELLASSINE-RETOUR,18.46659287034708,rain,61.4663496001401,none,14.71281324093146,6,6,10,31.10857557363665,2.0692082520840547
2026-05-09T21:45:29.803388,3A,FOYER BARDO 1 ALLER,TOUTA BARDO,57.526723726408335,storm,59.09110258532428,congres,13.742247602587298,1,1,13,58.320136785120155,0.9528460246193786
2026-05-09T21:45:29.803388,6B,MOSQUÃ‰E ARIANA EL JADID,ARIANA SUPÃ‰RIEU,17.096660537969928,clear,84.02660217985137,none,15.77499067054626,1,1,15,28.31639827884174,0.3195286179513961
2026-05-09T21:45:29.804388,262 Retour,Depart,Arrivee,26.116922904047183,cloudy,94.51978284792165,festival,10.391868916362096,3,12,12,62.73930761642832,2.3224739612152163
2026-05-09T21:45:29.804388,6P,10 DECEMBRE,TOUTA 10 DECEMBRE,43.53515370729469,cloudy,16.41906904715329,none,14.732369743811969,6,12,6,5.639233607634517,0.3691754000671814
2026-05-09T21:45:29.804388,3D,MEUBLATEX ETTADHAMEN,TERMINUS 3D,12.204610819876606,clear,47.47529531277283,none,34.46091340886299,6,1,18,38.412232849405754,0.6841882065702407
2026-05-09T21:45:29.804388,24F,RABATTEMENT MOUROUJ 2,CENTRE DE FORMATION MGHIRA-ALLER,23.7563878688046,cloudy,80.766360333665,marathon,34.83831168944161,6,12,16,66.24129307413531,4.9530899864131435
2026-05-09T21:45:29.804388,33,ECOLE ZOUHOUR4-RETOUR,AVENUE MADRID,27.013749111701543,cloudy,90.18958371798384,none,34.391141250461445,0,11,17,56.38991000108009,5.657480792919273
2026-05-09T21:45:29.804388,3D,MOSQUÃ‰E AVENUE CHEBB,MEUBLATEX ETTADHAMEN,26.861887541792104,cloudy,76.85393514263792,none,15.075944412448479,5,3,20,63.908025011666865,19.926222372671475
2026-05-09T21:45:29.804388,72 Retour,CHEBBI ALLER,HOPITAL DES ENFANTS,17.670878970544372,clear,16.165251331470465,none,22.56049403086233,4,10,23,13.390238435158002,3.0101412351021084
2026-05-09T21:45:29.804388,64,ALI BALAHOUAN,CENTER DE FORMATION RAS TABIA ALLER,23.146212381607352,clear,54.79809072462067,none,15.74098472293625,3,9,12,33.35099210620798,3.7767131379241667
2026-05-09T21:45:29.804388,45B,GOMERYEN 2,ROUTE CHAOUAT,21.39215940382503,clear,42.2460517261494,manifestation,8.723342059495252,1,7,19,87.98922424709235,8.073624555146761
2026-05-09T21:45:29.804388,95,IBN JAZZAR MANNOUBA ALLER,MOSQUÃ‰E AVENUE CHEBB,15.21857290414145,storm,87.42230298797182,festival,38.03999642495465,6,12,23,80.54370506334632,3.398742199277634
2026-05-09T21:45:29.804388,65 Retour,Depart,Arrivee,23.937789973431457,clear,92.6062680538317,none,26.004511911939183,5,6,18,46.352378560683626,4.2695852269691565
2026-05-09T21:45:29.804388,22,CENTRE BEN AROUS,SONED,24.309043539895367,clear,94.27173020424868,none,22.008872700466206,2,8,17,50.10950392685702,1.713520409572574
2026-05-09T21:45:29.804388,95,RABATTEMENT SLIMEN KAHIA,DÃ‰LÃ‰GATION DAOUAR HICH,26.08312356973735,clear,43.87487839610278,festival,33.03666587662269,4,7,16,36.63078100323253,3.231445728095781
2026-05-09T21:45:29.804388,23F,BORJ KHALSI-RETOUR,LYCEE CHEBI-RETOUR,44.95531026998489,fog,43.6040703583156,marathon,37.358599100512436,1,6,2,78.50244734330863,9.977592459684836
2026-05-09T21:45:29.805388,16/ Retour,ECOLE PRIMAIRE,INOPLAST,53.519795411285095,clear,64.02277296401546,none,9.800799619559704,2,1,11,30.86892711088347,6.035351705234044
2026-05-09T21:45:29.805388,93,RABATTEMENT KHAIREDDINE MANNOUBA,TERMINUS 16A 93,35.75421880858925,cloudy,68.45791879588509,none,21.599847693435624,6,12,1,25.02585373993908,2.433041576483721
2026-05-09T21:45:29.805388,68,BORTAL ALLER,MESS DES OFFICIERS,26.44598891053622,cloudy,12.15779026388785,none,34.235780720864156,2,10,12,12.318221781730939,2.102123887687438
2026-05-09T21:45:29.805388,42,IMMEUBLE CHEFIA,BOUCHOUCHA-ALLER,51.77853549822802,storm,49.47898432153371,none,35.08962482623561,1,3,20,42.35816753667131,0.49559329431517396
2026-05-09T21:45:29.805388,43,HOPITAL DE NEUROLOGIE RABTA ALLER,INSTITUT DE LA NUTRITION,15.72530982344907,clear,28.60844716627855,none,24.203831604870686,2,11,23,12.771480093752313,0.5630726177867718
2026-05-09T21:45:29.805388,19D,LUSTRERIES,DUBOSVILLE,53.25312649921802,clear,22.68135493191852,none,28.72544008678322,1,2,7,23.58550602608695,5.532246238197148
2026-05-09T21:45:29.805388,116,GAALOUL,STADE DJEDAIDA,23.59303633629579,clear,74.661416049085,match_sport,22.794511918697044,4,8,17,91.30916900365503,13.923965751380544
2026-05-09T21:45:29.805388,61,MOSQUÃ‰E MORNAGIAA-ALLE,PÃ‰PINIÃ‰RE-RETO,32.878442383698584,clear,85.78217962584557,none,34.838544785083506,1,7,18,76.31979896092687,18.607032924709014
2026-05-09T21:45:29.805388,3AG Retour,BORTAL 3A,KASBAH,25.588882340251097,cloudy,10.841045813761978,none,35.26041543905227,6,10,20,34.11321091915946,7.986111787138199
2026-05-09T21:45:29.805388,47 Retour,5 DECEMBRE,EL AOUINA (SECTION),52.0708218012675,cloudy,40.73563996156392,match_sport,26.40666537800963,3,3,5,35.21132250175987,5.658833070123137
2026-05-09T21:45:29.805388,81A Retour,LYCÃ‰E MOUROUJ,STEG MOUROUJ4,19.870186686527127,cloudy,93.27381774912679,none,39.0673343317664,6,2,8,47.6451668701947,0.3608204128308786
2026-05-09T21:45:29.805388,31,CHOCO TOM,ECOLE PRIMAIRE GOUEZINE,19.02119110406852,rain,40.49210529344016,none,21.484062118843358,6,2,18,44.96439940556417,4.9996502729809436
2026-05-09T21:45:29.805388,72,BORTAL ALLER,SABBELA (56),11.744015291001382,clear,19.59035324209912,marathon,9.320010351095377,4,9,19,96.78234495753827,4.182797073436133
2026-05-09T21:45:29.805388,16C Retour,GARDE NATIONAL OUED ELLIL,MOEZEYA,11.00058618143874,clear,56.56611608424695,none,16.465481159233335,5,12,19,38.878058946522124,0.7209653256306834
2026-05-09T21:45:29.806388,10,DJEBEL JELLOUD GP1,AV DE FRANCE,56.51755885665339,rain,28.000802900147285,none,29.625972343767454,0,10,3,22.730627386976124,5.267384025031854
2026-05-09T21:45:29.806388,19C,STOA,STATION BARCELONE,51.41367824079942,clear,79.95719333295264,congres,30.29745644685892,0,3,11,34.03063585698467,4.763466045357635
2026-05-09T21:45:29.806388,24D Retour,MOSQUÃ‰E RAHM,ZONE INDUSTRIELLE,27.650237548591814,cloudy,77.61458052439713,festival,14.349123238194007,4,4,18,69.24673581718793,5.7077895124675155
2026-05-09T21:45:29.806388,15 A,JARDIN THAMEUR,CAFE RABAA RETOUR,10.606237504387241,clear,74.6927411454248,none,37.32551005336107,5,1,3,104.45195041974739,12.049413050929822
2026-05-09T21:45:29.806388,249 Retour,Depart,Arrivee,15.917266685893896,storm,80.85252724024267,none,34.34711926227649,3,1,11,101.59100894683765,12.412889285919098
2026-05-09T21:45:29.806388,44A Retour,CITÃ‰ CHAKER RAOUE,JAAFER1,55.19900045279204,cloudy,76.23117872816724,manifestation,38.38677656206672,5,2,20,52.50922882923169,5.514566695442227
2026-05-09T21:45:29.806388,27 Retour,LYCÃ‰E EL WAF,LA POSTE,17.747089266896793,rain,56.943956169200945,foire,33.79252814729821,0,5,6,57.75783036334382,4.138803585230157
2026-05-09T21:45:29.806388,88 Retour,Depart,Arrivee,24.406256442734588,rain,28.474474672342154,festival,26.552954962221307,1,12,21,38.10197295829761,2.245013318570334
2026-05-09T21:45:29.806388,66B Retour,FORET DE TEBOURBA,ENTREE CHOUIGUI,46.72023212716235,cloudy,84.00472403256327,none,38.86045621303232,2,10,15,35.31648740552017,1.2401602833831973
2026-05-09T21:45:29.806388,19G,SOFOMECA,CIMETIÃ‰RE SIDI MOSBE,20.017542572420297,storm,82.15726751611847,festival,33.40994002824816,1,9,12,86.42468791722533,5.168173221735868
2026-05-09T21:45:29.806388,67 Retour,Depart,Arrivee,51.546124541092524,clear,12.079960162101298,none,12.761225083172892,1,9,20,10.79273382263951,5.809442560976118
2026-05-09T21:45:29.806388,20C,BYRSA1,CARTHAGE HANNIBAL,14.847606179949388,cloudy,50.63463452074998,foire,11.920612561187003,3,11,16,52.6597248891583,1.1670879513223475
2026-05-09T21:45:29.806388,15,OFFICE DE L'HUILE-RETOUR,RABTA,11.023854168109894,cloudy,67.32478095495672,none,26.525989638571424,6,1,1,35.47736973660468,1.8840303585039795
2026-05-09T21:45:29.806388,17,VILLAGE D'ENFANTS,STOA,53.72526475190385,cloudy,94.47270362006547,none,8.389754733329326,4,8,19,56.84026287225409,8.48715421058921
2026-05-09T21:45:29.807388,89,DEPOT SNT SIJOUMI,BAB ABDESLEM-RETOUR,16.739891420973855,fog,52.3255542636913,none,37.6993948632988,6,10,18,63.566044540367656,5.4511182322526786
2026-05-09T21:45:29.807388,4G Retour,DENDEN-RETOUR,CHARLE NICOLE-RETOUR,46.16147293027673,rain,81.25445508258443,greve_transport,33.173342363998806,1,2,5,99.47145458358223,5.10074556921935
2026-05-09T21:45:29.807388,66B,ROUTE CHOUIGUI,LANSARINE,38.27281830370541,cloudy,19.866537496309576,festival,12.348356804083014,1,11,10,58.23363183120167,20.610932627548756
2026-05-09T21:45:29.807388,18 Retour,EZOIDIA,PLACE SALA CENTRE,29.63542660721085,cloudy,21.18130350002281,none,29.284251525879217,6,1,21,32.28689749083205,11.54426693391585
2026-05-09T21:45:29.807388,32C,KHAZNADAR-RETOUR,BAB ABDESLEM-RETOUR,32.5191606519504,clear,52.39993194979785,match_sport,11.987654646640678,5,8,16,33.6677871543,3.637138051405387
2026-05-09T21:45:29.807388,44C Retour,SANHEJI,CITÃ‰ ERRAFEH,18.99481593674194,fog,77.60325195562969,foire,18.14634300043811,0,3,5,72.20744693366214,3.0068653214161376
2026-05-09T21:45:29.807388,19C/,EL AFRANE,CITE SPROLS,54.30369835477626,cloudy,93.50290554829267,none,24.10270133604938,5,8,10,27.54485909579553,5.621829817862264
2026-05-09T21:45:29.807890,24F Retour,ZONE INDUSTRIELLE,FERAILLE 2,47.46181653012336,fog,63.24393906250657,none,9.097333705937356,0,7,15,39.08723345871055,0.6604740155802729
2026-05-09T21:45:29.807890,47,LA GOULETTE CASINO,PORT LA GOULETTE,43.611707490030255,clear,98.63844095022418,marathon,36.64339922336295,1,12,0,72.54164361763,1.3917508047357785
2026-05-09T21:45:29.807890,4G Retour,KHAZNADAR-RETOUR,CHARLE NICOLE-RETOUR,35.96133720947638,storm,11.041497887974325,none,27.941176119826554,2,8,10,31.998461753610396,4.029634685184511
2026-05-09T21:45:29.807890,18C Retour,LYCÃ‰E KHEREDINN,10 DECEMBRE,59.26036629555469,rain,51.41859563409538,marathon,21.1151255397872,3,2,23,55.521868803867534,1.2684772157129913
2026-05-09T21:45:29.807890,78,FOYER BARDO 1 RETOUR,HOPITAL DES ENFANTS,25.835856101260802,clear,13.397258527069004,none,15.358765292833095,4,6,14,13.583692616281677,1.3725683388986436
2026-05-09T21:45:29.807890,63 Retour,PATISSERIE BEN YEDER,PLACE JEANS DARK ALLER,54.99286409245975,rain,99.13369866209763,none,10.77592856972717,5,3,3,27.823609178465023,0.928610618694031
2026-05-09T21:45:29.807890,68,BORTAL ALLER,CAFÃ‰ LA PAI,22.962006769513508,fog,11.905512736184061,none,31.00775921273795,5,6,13,23.411984778462894,1.5750761306868375
2026-05-09T21:45:29.807890,24/,MHAMDIA CENTRE,CITÃ‰ EL ELMI (TERMINUS,47.86477860355964,clear,29.914893195956562,none,19.90383231325318,2,4,8,29.184627490979025,0.9523699839502928
2026-05-09T21:45:29.807890,635A Retour,DEPOT CHARGUIA,TERMINUS TUNIS MARINE BUS,25.129607633205786,clear,57.90212264276026,none,23.640940423349313,0,6,22,22.83353541695444,4.49974361462232
2026-05-09T21:45:29.807890,32D,OFFICE DE L'HUILE-RETOUR,STADE MELLASSINE-RETOUR,37.07977313991715,cloudy,66.99809569929495,none,25.79367757695875,6,11,22,16.79742542858203,1.5020858733978422
2026-05-09T21:45:29.807890,56 Retour,BAB ABDESLEM-RETOUR,ALI BALAHOUAN,40.62964041379382,clear,77.88540997316944,none,15.980025215868547,5,8,6,22.991088848582244,1.50368562407591
2026-05-09T21:45:29.807890,55 Retour,BOUCHOUCHA-RETOUR,BAB SAADOUN RETOUR,52.33915135844146,cloudy,71.36497288295729,holiday,15.434737469568582,6,4,8,37.922813680879834,0.7937169430589819
2026-05-09T21:45:29.807890,95,GOUVERNORAT MANOUBA-ALLER,MOSQUÃ‰E AVENUE CHEBB,13.259988335307522,clear,35.91807471392504,foire,35.76902542056843,4,4,12,65.8132285974256,3.566258190989826
2026-05-09T21:45:29.807890,23T,TEBALTECH-ALLER,CROISEMENT BEN YEDDER-RETOUR,52.737306601536254,rain,53.22286009775392,none,23.279617614797687,3,8,15,44.53393862999483,19.95161312622632
2026-05-09T21:45:29.808891,5D,CITÃ‰ NACER ,TERMINUS 5D/ 51A,31.709329598173476,clear,50.982772110535045,match_sport,34.49790536745204,5,11,18,45.2552621709263,0.5204741724801405
2026-05-09T21:45:29.808891,59A,STATION BARCELONE,LA CAGNA (SECTION),30.23029414734315,clear,88.63054544617883,none,8.678151879291288,0,6,8,55.47153274350151,2.838809405814982
2026-05-09T21:45:29.808891,15,OFFICE DE L'HUILE-RETOUR,BAB ABDESLEM-RETOUR,31.372096042827998,cloudy,75.4834008974269,festival,23.056023010869833,0,7,11,46.264270233763014,3.2944169057732164
2026-05-09T21:45:29.808891,54B,CENTRE CHALLAKH EL MOUROUJ 4,MEUBLATEX,17.376191708867342,clear,11.208062360811486,none,14.00355163345359,0,4,20,9.65916513665018,1.419920216053979
2026-05-09T21:45:29.808891,94,CITÃ‰ AOUINE ,EL BATTAN,20.073074789658023,clear,56.914097844165916,none,17.773814165857033,4,4,9,59.906191037875644,9.056151928559796
2026-05-09T21:45:29.808891,3A Retour,CHEBBI ALLER,CAFÃ‰ EL HAJ ALLE,42.228157731591104,cloudy,53.02873169363994,none,35.238636334231806,6,2,14,30.03291862701704,1.4357862484334882
2026-05-09T21:45:29.808891,93  Retour,Depart,Arrivee,37.094008663810996,clear,71.10508818526029,festival,38.881011933117406,5,5,12,61.57756270850237,8.638518501980109
2026-05-09T21:45:29.808891,54B Retour,BRULÃ‰,CITÃ‰ EL FAOUE,40.361472514919534,clear,44.16677807370709,none,26.852268900993224,2,3,14,28.82812657994302,4.373117030745707
2026-05-09T21:45:29.808891,247,SIDI ABD AZIZ,TEMINUS CITÃ‰ RIAD,30.95373415627205,clear,42.84614689014026,none,24.193160647279385,3,3,10,18.367798551009557,0.7796558984439663
2026-05-09T21:45:29.808891,61,CROISEMENT SIDI ALI HATTAB-RETOUR,BIR DROUJ-RETOUR,18.003705274336532,rain,98.57484635348935,none,30.36887724934704,4,12,0,67.87427737694229,7.178979576256111
2026-05-09T21:45:29.808891,59 Retour,Depart,Arrivee,39.394284596489086,cloudy,88.60457479339428,none,29.80883295637281,0,1,6,50.41179069898118,13.966914441609571
2026-05-09T21:45:29.808891,32D,BAB ABDESLEM-ALLER,TERMINUS 32D,33.55414253522566,clear,37.91324989817218,none,20.29421391763128,2,5,9,38.29207204621641,6.709969856590493
2026-05-09T21:45:29.808891,16D,ZONE F,CHAOUAT SECTION,41.18711227497705,rain,42.441672623433,none,21.104591368918847,6,1,14,44.28505095905896,9.781226458654054
2026-05-09T21:45:29.808891,16C,OUED ELLIL (16C 58),CITÃ‰ ENNAJE,15.449999493148805,clear,48.50825633676921,none,27.81097904867583,6,11,21,19.51368710022981,0.2824564196343715
2026-05-09T21:45:29.809891,63,CAFÃ‰ HMIE,EL MANSOURA,51.045481703530804,rain,58.97639388081707,none,16.031567536741804,2,8,14,33.79689256694561,0.09708649370594458
2026-05-09T21:45:29.809891,69 Retour,CITÃ‰ DES MARTYRS 6,13 AOUT L( 69),22.92921107763869,cloudy,91.72313887021494,none,37.064273749666114,3,2,11,40.57417418831973,0.6712004367395796
2026-05-09T21:45:29.809891,66B,CITÃ‰ ERRAJE,LYCEE EDKHILA,21.174715712792,cloudy,27.17285423016764,none,16.103851617288026,0,6,13,60.500086545336465,14.81880595820305
2026-05-09T21:45:29.809891,26B,CARRIÃ‰RE MORNA,CITÃ‰ ECHIKH ,30.703391288390822,clear,54.22141812419067,marathon,30.786029485093465,5,2,12,47.90369416889121,1.3501323638462424
2026-05-09T21:45:29.809891,69 Retour,CITÃ‰ DES MARTYRS 6,13 AOUT L( 69),38.28224411923943,clear,73.4316252518968,marathon,21.90744492375211,5,10,23,49.501794514980936,0.6712004367395796
2026-05-09T21:45:29.809891,23B,HUILERIE LOUKIL-ALLER,MOSQUÃ‰E MORNAGIAA-ALLE,36.56804158476334,clear,35.62069527521359,match_sport,23.05111227882028,4,6,2,37.559116883523615,1.9871976257225672
2026-05-09T21:45:29.809891,61 Retour,Depart,Arrivee,54.006567671682085,fog,96.18971273280759,manifestation,8.068509419055207,1,9,5,84.40055445889908,5.846451082285807
2026-05-09T21:45:29.809891,252 Retour,Depart,Arrivee,40.077425318985306,cloudy,42.852277363494075,marathon,24.103307052355763,3,3,14,71.23235041972555,9.281133449889756
2026-05-09T21:45:29.809891,34,ECOLE ZOUHOUR4-ALLER,CITE ESSALAMA,49.42908825542355,cloudy,32.87960461600194,manifestation,36.59019089204048,5,5,2,42.61937762914662,1.2164028708598016
2026-05-09T21:45:29.809891,94,CITÃ‰ AOUINE ,CITE ERRIMEL,38.45534901814019,clear,54.74264173769812,match_sport,23.057213913288795,3,2,11,53.10721163791895,10.62300773577962
2026-05-09T21:45:29.809891,66B,FORET DE TEBOURBA,CITÃ‰ EL AYAR,41.30897264622574,clear,97.23242249402577,none,20.780853079716273,1,11,16,58.629105149517784,16.799738809663275
2026-05-09T21:45:29.809891,98 Retour,POMPAGE,CROISEMENT SANHAJA,39.529482886929245,cloudy,23.857671676944616,match_sport,33.126491773210404,0,4,12,40.89737491178754,3.620518432708012
2026-05-09T21:45:29.809891,19C/ Retour,MOSQUÃ‰E MEDINA JEDID,BAB ALIOUA GP1,14.111661075530026,clear,60.33716848691443,none,22.343250627463185,1,5,3,55.011795869258805,7.4522381293771405
2026-05-09T21:45:29.809891,6,LES ABATTOIRS,CITÃ‰ ENNOZH,26.18047347170354,rain,19.321890949271353,manifestation,12.888013813363731,0,11,12,51.885732205597634,0.0812012450626951
2026-05-09T21:45:29.810891,16C,GAALOUL,CASERNE OUED ELIL 2,27.221402310859414,cloudy,78.36056505225174,manifestation,39.13141135073097,5,11,7,72.37273845592219,1.982384093477231
2026-05-09T21:45:29.810891,26A,BIR EZZANGA,SOMAG,10.0511149797224,cloudy,35.56544158717438,marathon,18.472009852986144,1,6,9,77.49051399045256,0.39081676031193524
2026-05-09T21:45:29.810891,31A Retour,LYCÃ‰E SIDI THABE,BAB ABDESLEM-RETOUR,36.262523241524406,storm,92.03086031093554,none,19.804240689788454,0,7,14,104.55685178319273,26.63448049130261
2026-05-09T21:45:29.810891,16 Retour,MOSQUÃ‰E OUED ELLI,BAB ABDESLEM-RETOUR,41.15736836679784,rain,71.43803940638182,none,22.776651724680928,5,12,16,43.863210807508054,11.629302533805467
2026-05-09T21:45:29.810891,59A Retour,COMPLEXE COMMERCIAL MOUROUJ 1,IMMEUBLE OASIS,44.73358647984788,rain,32.03105671264824,none,35.160086418087516,1,12,7,42.90556811177887,0.22451558566898555
2026-05-09T21:45:29.810891,19A,TERMINUS CITÃ‰ CHAKE,CENTRE DE COORDINATION OUARDIA,17.058301659851484,clear,81.70378007883151,none,30.749748375932267,1,2,14,47.179818897321205,4.573753053849292
2026-05-09T21:45:29.810891,20G Retour,TRIBUNAL TAAKIB,KASBAH,11.862694030709806,clear,76.52122004228916,none,33.48160595096523,4,9,23,37.20918755675188,0.4507464119601039
2026-05-09T21:45:29.810891,20B Retour,MAISON BLANCHE,JARDIN THAMEUR,23.675143291485355,clear,60.045160167231536,none,22.159722037377197,0,1,6,24.33922709116063,1.7694960568278901
2026-05-09T21:45:29.810891,46,OUED EDHALEME,ELMELASSINE,57.06290980212013,cloudy,99.29138242170485,none,12.04998836821629,2,3,17,40.50478569855888,1.3104340278537485
2026-05-09T21:45:29.810891,44D,CITÃ‰ POPULAIRE ENNAHL,CITE EL BOSTANE,54.60560078455407,clear,77.35567205887688,match_sport,38.499554729021774,4,6,19,84.44096362041999,24.34661076691339
2026-05-09T21:45:29.810891,32A,BAB MNARA-RETOUR,BAB ALIOUA,15.227722907551213,cloudy,76.41578082276446,match_sport,36.97194202439768,6,5,2,50.6041393381104,1.3282942458734261
2026-05-09T21:45:29.810891,16A Retour,MOSQUÃ‰E OUED ELLI,INOPLAST,20.563186615438397,clear,58.92345716186526,none,12.073361059042508,3,12,6,39.177034952814665,5.8565846338448235
2026-05-09T21:45:29.810891,6P,HOPITAL MAHMOUDE EL MATRI 6P,TERMINUS 6P,15.893005433988508,storm,18.19106261942653,none,9.490558146769331,3,9,8,54.881193108146,0.544037104706427
2026-05-09T21:45:29.810891,44D RETOUR,INPFCA,GEANT,56.426103752121485,cloudy,66.7006421901871,manifestation,17.497606561658845,3,5,7,74.9801394792706,10.442071089174409
2026-05-09T21:45:29.811891,51A Retour,SOURÃ‰SEA,JEANS JAURES,16.368601801668046,rain,46.885463029863466,holiday,23.112990858521634,3,5,16,51.92237494678452,5.074974978384955
2026-05-09T21:45:29.811891,74 Retour,HAMMAM LACAGNA,MONCEF BEY RETOUR,54.782561520095925,rain,22.557410250370232,match_sport,28.02709331361952,1,9,2,35.765714462739574,2.8692615829360815
2026-05-09T21:45:29.811891,5 Retour,SCHILING,MINISTÃ‰RE DU TOURISME RETOU,44.00714214558385,clear,60.74230520004798,none,38.363066830945954,4,2,0,29.12919686728119,2.139518106977781
2026-05-09T21:45:29.811891,17A Retour,MC 33,VILLAGE D'ENFANTS,42.43734686183271,fog,77.34869210102417,manifestation,25.16974947234558,2,9,18,93.80218276285282,9.967949967162072
2026-05-09T21:45:29.811891,77,KIOSQUE AGILE,ARRÃ‰T USIN,55.561770772384655,fog,54.7817629738722,none,11.513054517452943,3,7,23,32.98580056522944,8.661292199929488
2026-05-09T21:45:29.811891,635A Retour,DEPOT CHARGUIA,TERMINUS TUNIS MARINE BUS,51.90796007005434,cloudy,28.749425217403576,none,25.762643246004835,4,5,14,24.438815453323976,4.49974361462232
2026-05-09T21:45:29.811891,59A Retour,LA CAGNA (SECTION),CIMETIERE JALLEZ,45.86317626789636,rain,25.111287694187997,none,23.521770590590886,1,12,15,21.157345813663497,1.7214822412337591
2026-05-09T21:45:29.811891,94  Retour,Depart,Arrivee,13.707955288701537,fog,86.2913078165995,holiday,29.740591619597634,6,11,1,70.62662021556649,5.460461197957161
2026-05-09T21:45:29.811891,25D,OUED MELIANE,IMPRIMERIE BOUSLAMA,36.94096836248345,clear,60.83364825641774,none,9.534961874543228,5,2,20,37.042062695312595,9.558662632770456
2026-05-09T21:45:29.811891,26,CROISEMENT YASMINET ROUTE MOURNEG,BIR EZZANGA,16.95939013789935,clear,32.07610842792786,festival,11.174224963612115,0,11,15,50.54453658833754,6.5701857388960905
2026-05-09T21:45:29.811891,46 Retour,TONGARE,LYCÃ‰E TECHNIQUE L'ANGALIN,48.59027342391173,fog,65.2746432354579,none,17.12889590210815,2,7,8,61.909447812947725,9.56283805582094
2026-05-09T21:45:29.811891,94  Retour,Depart,Arrivee,56.23168387988516,clear,44.89359968179787,none,35.09510369269547,3,6,23,19.116180913926758,1.5406324785715124
2026-05-09T21:45:29.811891,74G Retour,CENTRE CHALLAKH EL MOUROUJ 4,TELECOM,50.47366048077172,storm,53.01015948511746,festival,19.86274102520909,1,3,3,67.07018913605347,13.048607311888642
2026-05-09T21:45:29.811891,60 Retour,STATION BARCELONE,ZONE F,59.102231139319194,clear,63.02905511073584,none,25.218545371969736,1,7,16,35.38454375662537,18.387515636673974
2026-05-09T21:45:29.811891,42B Retour,CITÃ‰ TORJME,CROISEMENT SANHAJA,22.12886014489683,clear,95.51626397362375,none,19.704688606816703,5,10,17,40.28592630465517,2.1218282606898207
2026-05-09T21:45:29.812891,44D/ Retour,MAKFOUFINE 1,DEPOT CHARGUIA,54.390905748249935,cloudy,45.516616291542874,none,22.58354604827151,3,7,0,35.8374489085114,17.420172111758035
2026-05-09T21:45:29.812891,74,14-janv,CITÃ‰ EL FAOUE,52.82840982449495,clear,80.48993113470688,none,23.746501969140674,5,11,12,22.638392152476808,0.408734965397608
2026-05-09T21:45:29.812891,93  Retour,Depart,Arrivee,12.223859440157998,rain,17.12163605272153,festival,8.590631217278215,0,5,6,56.17029635211891,1.2151275102861263
2026-05-09T21:45:29.812891,57A Retour,ARRÃ‰T BRICORAM,GUICHET GÃ‰AN,42.326754939036626,clear,77.54715826270741,none,30.716653868206514,4,5,7,35.13544114071599,0.596688027597669
2026-05-09T21:45:29.812891,256 Retour,Depart,Arrivee,46.98749736952428,clear,33.44657008923721,none,11.763187731158457,1,2,5,27.675223072640073,9.362890213689944
2026-05-09T21:45:29.812891,71 Retour,Depart,Arrivee,10.109204725277861,fog,34.30018403025224,festival,33.80336898539487,4,12,19,89.12826309239145,3.8345455893405003
2026-05-09T21:45:29.812891,24H,LE SOUK DES VOITURES,FERME LOUKIL,25.877282882766902,clear,70.2398060832465,none,15.432503225520808,1,6,20,15.01073561931864,1.0161224269013354
2026-05-09T21:45:29.812891,21B,CANAL L(21B),ERRISSALA,16.53491268741565,clear,40.678888562554285,none,19.15848994697531,4,1,13,45.739545228753514,5.575668864059243
2026-05-09T21:45:29.812891,23/,CITE FEJJA-ALLER,ECOLE FEJJA-ALLER,57.11717538356787,storm,17.97113564425721,none,19.916821313131397,2,2,5,25.87953500864723,0.5642000681330153
2026-05-09T21:45:29.812891,66B Retour,CITÃ‰ EL AYAR,FERME EL HAJRI,51.66047284551312,cloudy,61.96075526767333,marathon,30.409803324281828,3,10,7,77.58326862097748,4.941163455170855
2026-05-09T21:45:29.812891,10C,YASMINET CENTRE,GARE DJEBEL JELLOUD,57.731875668002786,clear,72.77151405040541,none,8.820231996301523,0,6,12,32.43292860252724,5.063485306176169
2026-05-09T21:45:29.812891,10B,BATA,AV DE FRANCE,37.447587067891355,rain,13.93892624784867,none,20.742718851775845,3,8,14,25.64037222347941,1.8983242386553307
2026-05-09T21:45:29.812891,27A Retour,MAGRO,ARRÃ‰T BAB HADI,24.578838478788263,clear,86.97830179266445,none,36.45095674396673,6,2,1,31.810584661339753,0.4340803345377875
2026-05-09T21:45:29.812891,54B,CITÃ‰ EL FAOUE,PONT MOUROUJ 2,15.23189034638128,rain,55.97128274489955,none,21.160166013130528,0,12,23,47.59674044880569,3.8458879364605725
2026-05-09T21:45:29.813891,15 B,KHAROUBA-ALLER,JARDIN THAMEUR,11.934247912859577,rain,57.259215832801964,none,10.106949264276949,6,1,15,66.6101283433606,7.9053450651427335
2026-05-09T21:45:29.813891,25B,KHLÃ‰DIA GAR,MONCEF BEY RETOUR,15.011593908814305,fog,43.7082537205937,none,20.39331755761056,3,8,15,113.32209539804158,19.198986745175475
2026-05-09T21:45:29.813891,3D,BOUCHOUCHA-ALLER,20 MARS-ALLER,50.961528842005116,clear,86.99373592263618,none,34.70253487653428,3,1,21,38.83186353798203,13.497617674256501
2026-05-09T21:45:29.813891,92,CITE ORANGERS 2-ALLER,DAR MOCENNINE-RETOUR,50.01803268282981,cloudy,58.43749345159627,match_sport,23.832231666745738,4,9,3,34.82599598873169,2.56593652349137
2026-05-09T21:45:29.813891,25A,CENTRE BEN AROUS,MONCEF BEY RETOUR,19.00090225254034,clear,82.620941312772,none,16.1252135894409,3,12,18,58.818388354824094,5.658842596237264
2026-05-09T21:45:29.813891,20,CITÃ‰ ESSALE,CARREFOUR TUNIS,39.74580104594358,clear,12.283433923808403,match_sport,14.872117306402647,6,10,2,19.9897495977847,2.6336856375886804
2026-05-09T21:45:29.813891,25,STEG NASSEN,BAB ALIOUA L10-25(A-B-C-D),28.575978762178664,clear,79.76314699557352,none,14.14534379388813,5,12,20,39.81386820594315,9.933106754680509
2026-05-09T21:45:29.813891,19C/ Retour,DJEBEL JELLOUD GP1,AVENUE DE LA GARE,43.08375303587652,clear,38.800989032235705,none,29.765073496284117,2,3,17,34.13552607400237,2.904023677943096
2026-05-09T21:45:29.813891,26B,CITE SPROLS,SETCAR,59.983660262104614,clear,79.43918115811397,none,10.587097652584127,2,12,10,29.927923422233015,5.55541294357716
2026-05-09T21:45:29.813891,45,CITÃ‰ ERRAJE,ENTREE CHOUIGUI,36.18361999994926,clear,41.851524363117285,marathon,13.308093589201135,5,6,17,59.10014516512698,6.056031716438634
2026-05-09T21:45:29.813891,44 Retour,SABALET BEN AMAR,CITÃ‰ ERRAFEH,17.02486574304008,clear,47.04001718905246,none,37.52580588821158,1,11,23,49.886426868326176,7.12295212843274
2026-05-09T21:45:29.813891,85,GAN,PLACE 14 JANVIER (BOUMHEL),38.05598708938717,clear,46.021127827388916,festival,36.99511838860106,5,5,4,35.325401622661175,0.5230544317119374
2026-05-09T21:45:29.814892,261 Retour,Depart,Arrivee,40.7321409467443,rain,53.22402330990647,marathon,19.502240837831653,2,5,14,79.56926289155611,4.600479904341982
2026-05-09T21:45:29.814892,24E Retour,GARDE NATIONAL FOUCHANA,LE SOUK DES VOITURES,35.29827815100015,clear,59.03079886271845,none,35.83008644030545,1,9,2,41.83116274485051,5.118277832068639
2026-05-09T21:45:29.814892,259 Retour,Depart,Arrivee,35.63440361644057,cloudy,96.42270926812938,none,35.999265875971766,5,4,22,36.55580308425989,3.708661891801154
2026-05-09T21:45:29.814892,94,OUED GUERIANA L23,AGBA SUPERIEUR-ALLER,17.469227338561396,clear,84.80144950459712,none,16.73334913037988,2,10,6,35.29033558146643,1.7998426702313748
2026-05-09T21:45:29.814892,3D,CROISEMENT KSAR SAID 2,MEUBLATEX ETTADHAMEN,14.708484912361861,clear,66.74124675181818,none,10.20759386427778,2,10,5,180.0,53.50105333245166
2026-05-09T21:45:29.814892,26A,BIR EZZANGA,DOUKALI,33.05708889403499,clear,54.132223164866865,match_sport,13.388329545697744,1,1,0,38.5796716189558,0.9289545049604442
2026-05-09T21:45:29.814892,60G Retour,ARRET ESSAYDA ALLER,HOPITAL DES ENFANTS,59.41017463634871,clear,63.944130003499154,foire,13.345337002820884,0,7,23,37.87510991212265,3.3050108074852345
2026-05-09T21:45:29.814892,51A,SOULA,SHELL MENZEH 7,55.579844328013706,clear,14.099514036881725,none,24.995501521412976,2,9,3,5.0,1.823223741388647
2026-05-09T21:45:29.814892,46 Retour,ELMOATMED,EZENGA,13.058587758297188,clear,49.76632784564713,none,20.18832390748059,3,5,21,40.23733111469013,3.609476381878011
2026-05-09T21:45:29.814892,16A Retour,CHOCO TOM,MOSQUÃ‰E OUED ELLI,57.64019241245866,rain,13.60118174816119,none,23.057429918439126,3,8,18,29.095501477403307,0.34643600563291344
2026-05-09T21:45:29.814892,23,GARDE NATIONAL AGBA-ALLER,AEROPORT BORJ EL AMRI-ALLER,13.597317961972019,clear,41.77218424227898,congres,18.197604919451702,2,3,2,92.67442834764361,15.580417917365352
2026-05-09T21:45:29.814892,6P,PLACE JEANS DARK ALLER,CITE MAHRAJENE,31.681129345083693,cloudy,88.89447505335386,foire,24.921766981016525,4,8,12,62.784018026352115,1.192537595153531
2026-05-09T21:45:29.814892,33,CROISEMENT BIRINE-RETOUR,MOSQUÃ‰E ELBOR,41.711399940680735,clear,75.02151793050587,manifestation,20.772533155006446,5,1,13,62.44094931334953,11.289745357905538
2026-05-09T21:45:29.814892,60A Retour,CITÃ‰ MED AL,CHARLE NICOLE-ALLER,57.00609466552663,clear,50.22876611272761,none,29.140732452434165,6,10,9,30.103313846855563,5.3021392522640935
2026-05-09T21:45:29.815891,85,PTT NAASSEN,NASSEN 1 L 85-SECTION,20.222769070969846,clear,65.80284469104112,none,13.118813358964935,5,7,18,29.42500647609078,0.9780977013299079
2026-05-09T21:45:29.815891,74,BATAM,MEUBLATEX,21.979744148269567,cloudy,26.063566691237632,match_sport,9.523687282257654,0,4,3,39.239462190693764,0.8232225456201174
2026-05-09T21:45:29.815891,42 Retour,Depart,Arrivee,38.972420962434484,fog,11.071402196306531,none,19.200222857941757,6,1,13,24.49527983466516,3.9224423535808093
2026-05-09T21:45:29.815891,635 Retour,PLACE SALA CENTRE,DEPOT CHARGUIA,20.526957341892146,clear,60.55132504281493,none,19.914073848776486,5,9,10,31.06987745099837,5.688233979565339
2026-05-09T21:45:29.815891,55 Retour,IMMEUBLE CHEFIA,BAB LAASSAL,19.972016850661,cloudy,61.216029841788064,none,18.426560637996623,6,10,18,36.46651148842284,1.5634694434012317
2026-05-09T21:45:29.815891,25A,TUNISIE PORCELAINE,CITÃ‰ BELLIL,41.081478902160676,clear,33.866278761729056,manifestation,18.466928192052436,6,2,17,44.41421179886496,3.0023028850333446
2026-05-09T21:45:29.815891,93  Retour,Depart,Arrivee,41.048254813859614,rain,78.52497985944527,greve_transport,8.258709648960348,2,8,5,104.48101574035734,4.196631712306346
2026-05-09T21:45:29.815891,65,TERMINUS ZAHROUNI ( L : 32+65+515B+515A ),MOSQUE ZAHROUNI-RETOUR,23.75272238402502,rain,36.45010748793851,none,9.679749886496957,5,3,17,32.582503073377566,0.2754546963913187
2026-05-09T21:45:29.815891,635A Retour,DEPOT CHARGUIA,TERMINUS TUNIS MARINE BUS,31.357884035052187,clear,54.421551394208294,festival,16.676811557671027,2,6,12,46.658795698643516,4.49974361462232
2026-05-09T21:45:29.815891,62A,NAHLI 3,GUICHET GÃ‰AN,15.529317198197736,cloudy,26.80716561375942,none,24.93130456513403,5,2,10,12.494449143607682,1.123366130543035
2026-05-09T21:45:29.815891,27A,LYCÃ‰E KHEREDINN,ENKHILETTE,21.54831741080158,fog,25.390976897640556,none,13.989539677662304,2,5,5,27.382171954835634,3.1047230295529524
2026-05-09T21:45:29.815891,39,IMMEUBLE RADES FORET,IMMEUBLE RADES FORET 1,45.89339255656318,fog,91.15675084365779,none,38.47844042068433,0,11,0,46.37697271991013,0.1438704991816131
2026-05-09T21:45:29.815891,59A Retour,HAMMAM LACAGNA,AVENUE DE LA GARE,11.702225310013233,rain,59.127346091778605,none,16.02855604332324,6,12,3,39.58135013208676,2.456973359989462
2026-05-09T21:45:29.815891,17,LES SALINES,USINE DE CARTON,47.95531991495463,rain,69.79185573934481,none,35.73723514080774,2,12,22,52.54342081390066,9.379930448662662
2026-05-09T21:45:29.815891,116 Retour,MOSQUÃ‰E AL HAWA RETOU,ESSAYDA RETOUR,22.265524899298995,storm,10.74126174327641,marathon,14.391312611916959,3,2,6,66.58909610849078,1.107499034217966
2026-05-09T21:45:29.815891,33A,OFFICE DE L'HUILE-RETOUR,RABTA,33.754633424368095,clear,86.78307849027324,none,17.811170448796016,0,7,8,42.848898018200536,1.8840303585039848
2026-05-09T21:45:29.815891,20B,JARDIN THAMEUR,MOHAMED V,31.64255533978355,clear,59.363522717421205,none,8.739419289199368,0,10,19,45.192415572045036,1.6674983466386595
2026-05-09T21:45:29.815891,12,TERMINUS JBEL LAHMER L 11,MARCHÃ‰ ZAYATINE RETOU,57.57901547199348,fog,80.16477782882185,none,22.558730156576352,2,1,20,38.263695817323686,2.4807397988763626
2026-05-09T21:45:29.815891,256 Retour,Depart,Arrivee,40.145440571234275,cloudy,30.871100959202337,none,38.24603455230542,2,7,1,23.227343333836437,3.076870080865615
2026-05-09T21:45:29.815891,26,EL AFRANE,DJEBEL JELLOUD,18.233513125365256,cloudy,38.13906829196975,none,35.49383038115547,1,10,15,29.744640853154568,0.8949174381963303
2026-05-09T21:45:29.815891,88,TERMINUS ELWAHA,BARDO-RETOUR,53.58084231644251,clear,95.64432062498092,congres,12.636757097835073,4,6,20,42.98377883606658,6.937223449186897
2026-05-09T21:45:29.817393,60G,LA CAGNA (SECTION),E.P. KABARIA,42.681776135886444,clear,21.45873360297622,match_sport,38.975022256648145,5,10,7,42.97724791310223,1.180877574868327
2026-05-09T21:45:29.817393,59 Retour,Depart,Arrivee,28.043330099006877,clear,27.313578303622222,match_sport,37.986828739407876,0,1,5,51.01121656411734,5.892792552313414
2026-05-09T21:45:29.817393,34,ECOLE ZOUHOUR4-ALLER,SIDI HSIN SECTION-RETOUR,19.537716487163195,fog,73.72101977841606,manifestation,20.27081070552616,1,2,16,180.0,75.55509844508678
2026-05-09T21:45:29.817393,66,LYCÃ‰E TECHNIQUE TEBOURB,FORET DE TEBOURBA,27.488622844753916,clear,63.83269588334796,none,39.386987783164756,2,5,1,42.147999291740256,6.221107155143695
2026-05-09T21:45:29.817393,5D Retour,STEG JEANS JAURES ALLER,JEANS JAURES,22.69420054805341,rain,71.91856193713028,none,25.455620737822784,1,9,6,29.72883235812608,0.4636469419342575
2026-05-09T21:45:29.817393,46,BORJE ETTOUTA,DAR ELBIDHA,39.51266826298472,clear,62.299562022810676,none,20.756522726284288,5,8,3,39.589471907125834,15.177229676295351
2026-05-09T21:45:29.817393,25B,NAASSEN 2,DOUAR HOUCH,56.277216293111174,clear,78.20723098648901,none,30.530741396554735,0,11,9,47.367150986758226,8.421238956801936
2026-05-09T21:45:29.817393,69,CITÃ‰ DES MARTYRS 6,CITÃ‰ HELLAL PT,39.46881863240586,cloudy,43.29352857750928,none,18.559018046230197,6,2,8,25.47727495728715,0.24161302863454814
2026-05-09T21:45:29.817393,89,AVENUE MADRID,JARDIN THAMEUR,56.52117465893889,fog,80.72204186691769,none,25.440269303166097,6,3,1,30.727099390743582,0.6186372282791375
2026-05-09T21:45:29.817393,49 Retour,Depart,Arrivee,34.21065328798953,rain,90.64255287924938,none,8.56654224234359,4,10,17,74.0034268150752,9.70634749446551
2026-05-09T21:45:29.817393,54B,LES ROSES MOUROUJ 1,PONT MOUROUJ 2,33.490428144145056,cloudy,22.834004844672137,none,18.2162145679327,3,10,8,24.766304328373028,0.5144150943685881
2026-05-09T21:45:29.817393,24H,E.P CITÃ‰ HACHE,RUE MONGI SLIM,16.66996175887447,cloudy,29.1133589772248,manifestation,9.874908406724334,3,9,2,58.08106166601575,0.5827822218429262
2026-05-09T21:45:29.817393,59A,MOSQUÃ‰E MOUROUJ ,MOUROUJ 1,59.39964962233084,rain,61.757772524660375,none,21.369970652848007,5,5,14,25.29539364757493,0.2036762687465341
2026-05-09T21:45:29.818396,87 Retour,Depart,Arrivee,37.110219435965746,fog,70.80398813567126,none,26.35470742252125,4,10,19,72.10250714404536,14.164426145349701
2026-05-09T21:45:29.818396,26,CENTRE BEN AROUS,DZIRI,27.38175434881007,storm,54.07348547781981,none,22.67535614951494,0,1,20,50.93842020235968,6.712638163437256
2026-05-09T21:45:29.818396,31C/ Retour,CHORFECH 1,CROISEMENT RIADH ANDALOUS,37.176718918706186,rain,89.50314682278207,none,18.866340518661428,6,11,6,54.63034086110704,17.870949977710605
2026-05-09T21:45:29.818396,25C,CENTRE DE COORDINATION OUARDIA,CENTRE DE COORDINATION OUARDIA,50.1971765388026,rain,94.22171568059075,none,30.6790881199547,6,2,15,36.368450248280276,10.975588127861958
2026-05-09T21:45:29.818396,4A,AVENUE MADRID,JARDIN THAMEUR,22.622123151398377,cloudy,96.74585664344735,none,11.048078556938407,4,2,5,30.066370006405617,0.6186372282791375
2026-05-09T21:45:29.818396,60G,POSTE POLICE RUE DU SAHEL,LYCÃ‰E 2 MARS EL OUARDIA L(G,37.33935624141419,cloudy,40.51667336335987,none,11.262987806813552,3,1,14,22.245531522772723,0.6517564735778905
2026-05-09T21:45:29.818396,48 Retour,BIR MNIHLA,INTILAKA,16.08831887997827,rain,60.968045936719406,festival,34.94310779863346,5,7,19,52.93611728767018,1.9098847785294524
2026-05-09T21:45:29.818396,27 Retour,LYCÃ‰E KHEREDINN,10 DECEMBRE,16.114436059029977,rain,47.26617574963982,none,35.832594176445625,5,4,21,34.58523110115126,1.2637979819526084
2026-05-09T21:45:29.818396,74,CROISEMENT MOUROUJ 2,IMMEUBLE OASIS,39.69359028915285,clear,89.92079614023741,match_sport,24.656867609893236,2,7,16,42.82269050159941,0.7456221482984979
2026-05-09T21:45:29.818396,35,CHARGUIA1,10 DECEMBRE,11.164353972129096,clear,76.58792195886257,none,15.815363744306694,6,4,13,55.14097326040213,3.7075756494578997
2026-05-09T21:45:29.818396,24E,FERME HAJJAJ,TERMINUS SIDI FREDJ,33.64022320563623,fog,40.2543698486589,none,35.92948240254217,2,2,3,38.80608936909004,1.310028722230422
2026-05-09T21:45:29.818396,85,PTT NAASSEN,EL KHELIJ,29.252061892020585,rain,95.49595083989837,match_sport,20.08145353585783,4,3,8,82.19768183020815,5.348705884049746
2026-05-09T21:45:29.818396,249 Retour,Depart,Arrivee,16.42519892506048,clear,85.45714580506338,manifestation,34.593264867428104,5,8,2,96.54876414250846,14.003256279969062
2026-05-09T21:45:29.818396,24A,CITÃ‰ EL HIDHA,MGHIRA,23.702710371477387,clear,14.493023709704119,none,10.283744444460162,1,1,22,5.0,0.5003959341023787
2026-05-09T21:45:29.819397,38C,CAMPUS(RX),OMRAN SUPÃ‰RIEUR(X3,24.07871429277651,clear,23.05805019752244,festival,8.719754548337296,0,6,11,32.6572330032,1.5715648647555724
2026-05-09T21:45:29.819397,17A Retour,LAC DE RADES,AVENUE DE LA RÃ‰PUBLIQUE ,31.74900989440226,cloudy,34.26055239272135,none,19.2777928176877,0,12,3,23.56166512523575,4.6714990164460275
2026-05-09T21:45:29.819397,260 Retour,Depart,Arrivee,50.739600081794805,clear,62.23763492021323,none,13.599898520018687,4,2,3,17.25224467778559,1.7611264981625727
2026-05-09T21:45:29.819397,54B Retour,CITÃ‰ EL FAOUE,MOUROUJ 5,59.93057135187271,cloudy,81.56266502603701,match_sport,19.370870663025503,3,4,18,56.951129714957496,1.253208127972763
2026-05-09T21:45:29.819397,49 Retour,Depart,Arrivee,44.40569381305277,clear,40.303510200778014,none,15.45511078649725,1,2,16,20.41696132067667,4.077209967466932
2026-05-09T21:45:29.819397,19,DUBOSVILLE,EL AFRANE,21.83990172980594,cloudy,34.40600071400831,congres,22.843687085723122,0,9,11,22.511140224516144,0.6474301460754894
2026-05-09T21:45:29.819397,255 Retour,Depart,Arrivee,32.345789392847166,cloudy,25.589654306821053,none,35.672543746950325,0,7,19,46.573705811201314,5.687997313985736
2026-05-09T21:45:29.819397,68,20 MARS ALLER,MAGAZIN CARREFOUR,33.40561952274634,storm,60.12605168746619,festival,18.648657473573767,3,4,12,72.10238546909628,3.4857654146233803
2026-05-09T21:45:29.819397,79,LYCEE HRAIRIA RETOUR,CITÃ‰ HWASS RETOU,39.95063185573061,rain,20.571586551674557,festival,21.082997175202184,0,9,12,40.52799062312798,0.46562459431161507
2026-05-09T21:45:29.819397,24F,FERME LOUKIL,GARDE NATIONAL Z.I MGHIRA,18.214899197623616,rain,78.47150582380581,none,8.601098434789819,6,5,20,38.4974595626254,2.2394544980374436
2026-05-09T21:45:29.819397,68,MESS DES OFFICIERS,TERMINUS 18 JANVIER,23.22360787684984,clear,54.70095462199548,none,30.36435472374617,4,3,17,35.48090753732167,0.5690934099016189
2026-05-09T21:45:29.819397,16B Retour,SIDI TALEB 16D,RABATTEMENT KHAIREDDINE MANNOUBA,48.42875862046992,cloudy,37.9452477294535,holiday,9.225838938869163,5,2,20,41.371644973801615,10.872798766881697
2026-05-09T21:45:29.819397,74G Retour,CENTRE CHALLAKH EL MOUROUJ 4,ARRET ESSAYDA ALLER,36.66690574462861,rain,76.30751988219046,none,20.777576192825148,1,6,0,56.87833289138215,11.099352810794283
2026-05-09T21:45:29.819397,58 Retour,SECTION 16C CHABBAOU,OUED CHAFROU,32.375448284316995,cloudy,73.60153261346113,marathon,38.587573771991615,4,10,10,95.28222933921688,14.52828390590859
2026-05-09T21:45:29.820397,18,CLUB DES AVOCAT,CHOTRANA 2,59.339829708994834,clear,21.467870502345917,none,35.45463857272027,6,9,11,8.6372979166675,1.0575598255861713
2026-05-09T21:45:29.820397,25A,ENTRÃ‰E FOUCHAN,STEG NASSEN,38.946827970350164,clear,67.74132660085898,match_sport,8.180867354917911,2,7,13,65.80989360002846,7.567413295611701
2026-05-09T21:45:29.820397,80 Retour,NAHLI 3,NAHLI 2,53.60148674214334,clear,52.91157015103449,none,20.642442412422163,3,8,16,12.363235452707416,0.7472847426784917
2026-05-09T21:45:29.820397,62,TOUTA 10 DECEMBRE,NAHLI,38.485231601770494,clear,78.09605092809507,none,37.50820241694113,2,4,5,41.61682580189989,7.316261633247347
2026-05-09T21:45:29.820397,26,EZZAOUIA MORNAG,POSTE POLICE MORNAG,50.29764841887415,clear,31.80120940682265,none,36.07933426908264,1,2,22,19.803574593290143,3.1609616377165803
2026-05-09T21:45:29.820397,85 Retour,HUILERIE BAYREM,LYCÃ‰E NASSE,48.91978071766058,clear,25.539166098783078,none,26.996882542297932,6,9,5,15.329405070970367,5.7795962627561295
2026-05-09T21:45:29.820397,42 Retour,Depart,Arrivee,28.069130578277125,cloudy,12.751153061286692,congres,37.590687745458254,6,10,7,61.31717918000823,13.632844789986212
2026-05-09T21:45:29.820397,635,LES ABATTOIRS,PLACE SALA CENTRE,49.61085165776759,rain,91.95512566353447,none,33.891302938337475,0,8,12,50.386323862437834,0.6424486555632551
2026-05-09T21:45:29.820397,33B,DEPOT SNT SIJOUMI,OFFICE DE L'HUILE-RETOUR,49.28088770093219,cloudy,73.13415539764269,festival,22.541112041006844,4,10,16,46.100635384683486,2.294839934483722
2026-05-09T21:45:29.820397,54D,MOUROUJ 5,AV EL BORHENE,31.33369903079024,cloudy,87.06693940445052,none,14.933972598572566,3,7,12,38.604406627759644,0.10336081406106974
2026-05-09T21:45:29.820397,19D,EL AFRANE,CENTRE DE COORDINATION OUARDIA,15.554860442299525,clear,36.808869837051404,none,20.734632873464616,6,3,20,13.623024209551101,0.13695427828276685
2026-05-09T21:45:29.820397,635A Retour,DEPOT CHARGUIA,TERMINUS TUNIS MARINE BUS,22.04017560773095,clear,53.25586602549795,none,34.17205241241888,2,10,10,25.024116164061248,4.49974361462232
2026-05-09T21:45:29.820397,54A Retour,SIEFCOL,FERAILLE 2,47.81658932400796,rain,53.00895750877519,none,8.35289869660481,4,5,11,41.73694961543486,7.199244936216393
2026-05-09T21:45:29.820397,21A,AVIATION CIVILE,JEBEL RASSAS,59.459208218304795,fog,99.80059490380583,none,34.951986726375495,6,5,5,36.08901405851947,1.4827073904226271
2026-05-09T21:45:29.821396,16B Retour,DEPOT TEBOURBA,ZONE F,53.5445895233903,clear,11.892232649764198,none,15.638869885922034,0,1,2,18.820562038108818,14.772424642523728
2026-05-09T21:45:29.821396,63 Retour,CITÃ‰ SPORTIV,PLACE PASTEUR,49.61111736219643,clear,18.408868015824936,none,10.906821793965253,4,5,0,10.51414490421678,1.7439403542731942
2026-05-09T21:45:29.821396,27,BUREAU DE POSTE RAOUED,TERMINUS RAOUED,18.669464042066487,clear,39.458186994671905,none,13.003955601065822,4,11,15,25.244614417037052,3.5743420137791855
2026-05-09T21:45:29.821396,10B,EL AFRANE,CNSS,14.397650418436449,cloudy,42.411851899648696,none,13.050463401593554,0,4,22,78.2627825315886,13.573646170449859
2026-05-09T21:45:29.821396,5,MINISTÃ‰RE DE L'AGRICULTUR,INSTITUT NATIONAL DE LA MÃ‰TÃ‰OROLOG,22.887003065575932,rain,18.548798047958094,none,20.38897260972746,2,11,3,15.835026457471594,2.342296914723886
2026-05-09T21:45:29.821396,84 Retour,CITÃ‰ ZITOU,GARDE NATIONAL Z.I MGHIRA,10.18725473556424,cloudy,19.64410272342311,none,26.856696359586774,2,5,5,37.447850043074794,3.5451086354885586
2026-05-09T21:45:29.821396,116 Retour,PARC MAYANA,UNIVERSITÃ‰ IBN CHARAF RETOU,15.0220208930983,clear,96.40113915274468,none,39.28423476961511,5,8,7,162.13749773229813,28.975302843551948
2026-05-09T21:45:29.821396,16A,CITE MILITAIRE,MOSQUÃ‰E OUED ELLI,22.11649057268695,rain,57.581726831093775,foire,21.720045066923337,3,5,1,51.02003435663218,1.7871834489237495
2026-05-09T21:45:29.821396,24H,TAIEB MHIRI 2,TAIEB MHIRI 1,57.99171906994384,clear,89.73313033751229,manifestation,14.74177271448201,0,7,10,53.614540537398874,0.7364862976772972
2026-05-09T21:45:29.821396,714,SOFOMECA,SIEFCOL,43.78726275820917,rain,36.68585501279179,none,29.36556643226518,6,11,1,18.954780327765775,0.7632610171785439
2026-05-09T21:45:29.821396,94  Retour,Depart,Arrivee,25.463443939609483,cloudy,40.48116440113279,match_sport,25.404598287764514,2,12,5,61.125427370377416,12.007952302063154
2026-05-09T21:45:29.821396,31 Retour,GAALOUL,CHEBBI RETOUR,32.90413448378652,rain,12.171950082329824,none,31.381504391676028,2,9,16,23.434329475692508,4.264867260712997
2026-05-09T21:45:29.821396,23D,GARDE NATIONAL AGBA-RETOUR,OUED GUERIANA L23,42.04583873220377,cloudy,90.92307596005148,festival,24.31175840136386,2,12,13,52.373897740481475,1.5256025836383458
2026-05-09T21:45:29.821396,39,CITÃ‰ 18 JANVIER TERMINUS 3,NOUBOU,38.935032384612114,cloudy,93.75058243320154,none,18.604612446164396,5,7,17,39.480685062665344,2.0089304900809704
2026-05-09T21:45:29.822396,92,CITE ORANGERS 1-RETOUR,DAR MOCENNINE-RETOUR,22.29489667632405,clear,92.84250705524994,festival,29.182386767356586,0,8,7,60.77536508260626,0.9953772602720035
2026-05-09T21:45:29.822396,635A Retour,DEPOT CHARGUIA,TERMINUS TUNIS MARINE BUS,12.586044127732674,clear,16.689778511822215,none,28.078048245828832,4,10,20,34.03250065124729,4.49974361462232
2026-05-09T21:45:29.822396,20A Retour,BANQUE DE L'HABITAT,MAISON BLANCHE,23.651439783792966,clear,22.335371518292312,manifestation,27.727339473319823,4,9,18,54.92839360392064,0.42493855176693884
2026-05-09T21:45:29.822396,527,ECOLE ABU EL KACEM ECHEBI,TERMINUS CITÃ‰ EL GHAZEL,23.098778213925875,storm,81.75156175205201,none,35.12207348091183,5,1,3,45.621990502811734,0.1779344949318542
2026-05-09T21:45:29.822396,94,RABATTEMENT SLIMEN KAHIA,CITE ERRIMEL,15.552622218905467,cloudy,34.076067161847995,manifestation,39.859478768461635,1,8,12,180.0,34.48264621260936
2026-05-09T21:45:29.822396,74B Retour,FACULTE 9 AVRIL ALLER,CHARLE NICOLE-ALLER,24.98647423604624,rain,23.883784395863508,none,24.574878435884447,5,11,19,32.51196215882372,0.9095500065808331
2026-05-09T21:45:29.822396,247,GOULETTE VIEILLE,CARTHAGE SALAMBO,25.88802534124771,clear,89.08751249510442,manifestation,15.352341595376842,4,1,9,76.07941997444163,2.9482278995995483
2026-05-09T21:45:29.822396,31C,GARDE NATIONAL OUED ELLIL,CHORFECH 3,20.4542421079365,clear,24.061970282672508,congres,32.91962102160525,5,1,8,81.31154242575747,18.142562660800742
2026-05-09T21:45:29.822396,54B,CITÃ‰ EL FAOUE,IMMEUBLE OASIS,16.90138044689484,cloudy,63.652425552688136,none,8.437116269929344,6,2,6,35.20684430724588,2.7298179339800077
2026-05-09T21:45:29.822396,6P,CITE MAHRAJENE,CITÃ‰ SPORTIV,22.326064791968417,rain,65.08446593033379,none,8.043775499633178,0,6,19,55.98330437839349,1.1021094580449193
2026-05-09T21:45:29.822396,18C,FOYER ARIANA,SIDI DAOUED,51.87596576823868,clear,48.21795741781447,none,24.4286082946725,6,4,0,21.908359964819752,10.84413023107555
2026-05-09T21:45:29.822396,80,PLACE PASTEUR,CITÃ‰ EL GHAZEL,51.15477901478168,fog,67.52302643108311,manifestation,9.88810668797121,6,9,4,65.58040508469233,6.953551666813097
2026-05-09T21:45:29.822396,31,ECOLE PRIMAIRE,SONED,58.27000584870295,rain,92.18661436819754,manifestation,23.344977687081244,1,11,12,91.53620899867326,15.343505862741159
2026-05-09T21:45:29.822396,24F,FERME LOUKIL,PROMED TECH,13.417585742528312,clear,90.84011669489459,none,19.258460706777967,0,7,19,59.28191196833583,2.4765725175398217
2026-05-09T21:45:29.823396,10B,BAB ALIOUA GP1,AVENUE DE LA GARE,53.09720457904956,clear,21.496848718842017,none,29.691939854997287,5,9,5,5.0,0.3080252245431758
2026-05-09T21:45:29.823396,44A,ARRÃ‰T BAB HADI,BOUHNACHE2,34.27479455829363,clear,17.411769130308233,none,16.680594767461656,4,9,11,32.10702114128023,15.490632338017587
2026-05-09T21:45:29.823396,261 Retour,Depart,Arrivee,15.565716073877507,clear,52.57850842894373,congres,32.69791284063986,4,1,5,78.92724294902881,11.67199273324414
2026-05-09T21:45:29.823396,10C,CITÃ‰ HACHE,STATION BARCELONE,35.53566434725156,clear,65.50517014300661,none,32.832709710087826,0,1,2,30.818981095509418,7.773587804090969
2026-05-09T21:45:29.823396,255 Retour,Depart,Arrivee,28.737545808804683,clear,72.43154334740845,none,26.290845289495014,6,7,3,43.385143825930086,12.52834275263049
2026-05-09T21:45:29.823396,23D,LYCEE CHEBI-RETOUR,ABDELMOULA-RETOUR,28.570845599661606,clear,42.69215607059595,none,11.81600536580693,1,10,21,29.659069656362036,7.622405322851641
2026-05-09T21:45:29.823396,24H,TAIEB MHIRI 1,TERMINUS TAIEB MHIRI,12.044354874533477,clear,89.62520529831083,match_sport,27.773902576361397,6,3,23,49.66463865381643,0.4823506168378362
2026-05-09T21:45:29.823396,39 Retour,NOUBOU,KIOSQUE TOTAL,39.89424681812995,rain,40.50847804043537,none,36.412858826506266,1,5,9,47.31586611783852,3.1846648186138817
2026-05-09T21:45:29.823396,24H Retour,CITÃ‰ ZITOU,CROISEMENT MOUROUJ 2 L24,22.820918478771034,fog,54.196115468822065,none,11.061398733702806,4,8,23,41.858278722877515,5.314588280849325
2026-05-09T21:45:29.823396,247 Retour,Depart,Arrivee,26.397478416074307,clear,70.25326717473382,none,34.24491707794073,5,5,6,30.5299058269358,7.467993103098914
2026-05-09T21:45:29.823396,22A,YASMINET CENTRE,BAB ALIOUA GP1,33.02134111833007,fog,90.45889063815227,congres,36.32335952289665,6,8,21,64.92878107081005,7.320429581263092
2026-05-09T21:45:29.823396,27A,CAFÃ‰ LESKAL,ENKHILETTE,42.73160129585476,clear,19.324348261259683,none,10.925260056630115,6,3,0,7.6836372864997875,0.7729845666904729
2026-05-09T21:45:29.823396,97,RABATTEMENT KHAIREDDINE MANNOUBA,SAIDA,35.02474475383069,rain,23.513827976548768,festival,18.35448332926438,0,1,18,58.94574816405619,8.405304911578224
2026-05-09T21:45:29.823396,3A Retour,FOYER BARDO 1 ALLER,TRIBUNAL MILITAIRE M.SAADALLAH,55.80745982235286,fog,30.324194898763043,none,38.56090439250964,1,3,19,46.015941052308996,0.8619366621365421
2026-05-09T21:45:29.824396,6B Retour,ARIANA SUPÃ‰RIEU,MOSQUÃ‰E ARIANA EL JADID,33.863881626661765,rain,48.852770107683966,none,18.44712735419586,3,2,8,38.848917912264184,0.3195286179513961
2026-05-09T21:45:29.824396,81B,CITÃ‰ EL FAOUE,JARDIN D'ENFANTS MOUROUJ 5,52.4738974856618,storm,61.11428741836573,none,37.93267053387842,2,6,19,67.23167143581144,0.6622617511447075
2026-05-09T21:45:29.824396,65 Retour,Depart,Arrivee,55.04339472007896,clear,61.67457996486246,none,23.665948999283383,0,12,23,29.823290048666294,11.579938914893498
2026-05-09T21:45:29.824396,86,RABATTEMENT MOUROUJ 2,CITROEN,58.03689194497357,clear,76.41190482984902,none,20.219033565549303,6,8,11,20.410106385019226,4.499297284314653
2026-05-09T21:45:29.824396,24/,FERAILLE 2,FATOUMA BOURGUIBA,21.52109859071686,cloudy,57.525257970291214,none,16.601507077343282,6,12,3,36.876121046397074,7.075373477297217
2026-05-09T21:45:29.824396,259 Retour,Depart,Arrivee,16.019998334064397,clear,60.87724223144054,none,20.55677127171566,1,1,11,28.2254398383099,2.4157526345432156
2026-05-09T21:45:29.824396,74,RUE DE LA TURQUIE ALLER,14-janv,45.750098444884415,cloudy,59.18546243019877,festival,37.94202808152403,4,11,23,52.484480972015845,10.433443383605214
2026-05-09T21:45:29.824396,50 Retour,Depart,Arrivee,23.367235607942668,cloudy,98.73747495553093,none,36.36898146256537,0,4,9,98.57620274542914,14.36845594012961
2026-05-09T21:45:29.824396,54B,FOYER UNIVERSITAIRE MOUROUJ 3,EL MOUROUJ 3,25.195043848623413,clear,21.64428379607871,none,12.917577798835861,0,10,15,11.896913346917088,0.7178446943898478
2026-05-09T21:45:29.824396,54A Retour,CENTRE DES HANDICAPÃ‰,INSTITUT ENNOUR,49.55360717390562,clear,61.078220781068815,match_sport,25.912271773737302,5,1,3,32.69568187205738,0.9652926523925967
2026-05-09T21:45:29.824396,31C/ Retour,USINE DE CARRELAGE,HOPITAL MAHMOUD MATRI,58.5032268510082,fog,81.76761179499238,none,33.006724666580425,5,10,6,30.106140055915567,2.1918628783403555
2026-05-09T21:45:29.824396,88,CITE ELWAHA-ALLER,MOSQUÃ‰E ELBOR,45.27513303315686,cloudy,36.30999801550442,none,29.80846513415481,0,9,3,26.315182213154248,10.174650234452155
2026-05-09T21:45:29.824396,26B Retour,CITÃ‰ BEL AI,CENTRE DE COORDINATION OUARDIA,23.604207878898883,clear,84.71250120489881,manifestation,15.032009605340143,3,3,3,97.79916373652993,17.24481461704675
2026-05-09T21:45:29.824396,54 Retour,MOUROUJ 4 L(3710-54),SOUASSI,39.08903054628606,clear,56.46079084752227,festival,11.00684145313225,6,4,23,67.1043045966301,29.627909894242475
2026-05-09T21:45:29.825396,75 Retour,DJEBEL JELLOUD,BAB ALIOUA GP1,41.331254743820615,rain,56.06257576947617,festival,17.952330831656322,4,2,11,45.777477732181396,2.488082835069296
2026-05-09T21:45:29.825396,39,CENTRE RADES,"TERMINUS RADES FORET 19D , 39",53.19785140575115,clear,99.0608327414026,none,24.52287420282645,2,7,6,28.84475467967831,1.9646004846694485
2026-05-09T21:45:29.825396,90,CAFE BOUTOFFAHA-ALLER,TERMINUS CITE BEN YOUNES,31.265407515057667,cloudy,14.908569460763562,manifestation,28.741377567345392,3,2,4,36.84187160525218,1.4266353494396178
2026-05-09T21:45:29.825396,45B,CITÃ‰ BOUSABA,MAAFRINE,26.65366480264708,cloudy,46.331135432786276,none,14.188115516129766,6,4,7,50.05539195855294,11.894730018315864
2026-05-09T21:45:29.825396,247 Retour,Depart,Arrivee,54.46132968317108,cloudy,65.50642725174126,none,17.48063475054302,4,5,4,34.0438064705246,10.518220235260449
2026-05-09T21:45:29.825396,86,AEROLIA 1,MECAPROTEC AEROLIA,36.26793842368019,clear,99.25428059086931,none,28.31966917108641,0,11,4,31.667772513749437,0.4725177409253867
2026-05-09T21:45:29.825396,16C Retour,BORTAL RETOUR,RELAIS BARDO,29.125086534286716,clear,70.54412738380931,match_sport,29.33973235585789,4,1,21,41.01948210065666,1.4295936102441313
2026-05-09T21:45:29.825396,44A Retour,EJJBAL 3,OUED MAJERDA,16.08759988238392,cloudy,41.0400256755865,none,25.3325282506577,1,5,18,54.20888245555746,4.966027255337177
2026-05-09T21:45:29.825396,43,TERMINUS RABTA L ( 43B + 43 ),INSTITUT DE LA NUTRITION,14.273340074374065,clear,85.77626089765137,marathon,10.300462547200429,5,8,4,61.91680186658762,0.4117141770252435
2026-05-09T21:45:29.825396,23B,CITE ELWAHA-RETOUR,PÃ‰PINIÃ‰RE-RETO,14.485397571981553,cloudy,54.56936734043916,none,23.157928332907886,6,8,15,30.26960290200672,1.990502547645331
2026-05-09T21:45:29.825396,81 Retour,Depart,Arrivee,42.47630643746845,clear,61.81746752834632,none,12.049802975815624,2,1,8,45.90485665307936,9.383676205108177
2026-05-09T21:45:29.825396,24F Retour,PROTECTION CIVILE,LE SOUK DES VOITURES,23.935367281035433,fog,68.43184595541736,none,12.332115072355236,0,12,6,42.00024090685852,2.962790844834404
2026-05-09T21:45:29.825396,62 Retour,GUICHET GÃ‰AN,CARRIÃ‰RE NAHL,25.488624236202455,clear,42.288541071952395,foire,26.40360214205957,2,8,5,41.61711509417049,3.806253449775257
2026-05-09T21:45:29.825396,247 Retour,Depart,Arrivee,36.896151563394284,cloudy,29.379747477585834,festival,33.9413047514724,4,9,6,35.78283896532386,8.94974244875028
2026-05-09T21:45:29.825396,19A,DUBOSVILLE,GARE DJEBEL JELLOUD,48.19985246597715,storm,41.085699585723646,none,13.299841901125482,4,8,17,64.28740924101136,9.161341291103284
2026-05-09T21:45:29.826396,24D,LYCÃ‰E FOUCHAN,DOUAR HOUCH L(24D),36.96152636682416,rain,33.96054576857214,none,29.40480337979577,4,6,10,28.76239988213097,4.933600318962175
2026-05-09T21:45:29.826396,44C Retour,MNIHLA,CITÃ‰ ERRAFEH,17.965374112596795,clear,29.65808157967536,none,25.874349494664514,3,2,4,11.241513021418802,0.7110440081319478
2026-05-09T21:45:29.826396,25C,SIDI FATHALLAH2,COLLÃ‰GE MOUROUJ ,18.35200818100092,clear,21.524962464719238,none,36.406695416073916,6,1,5,55.047250815662224,11.884585823023041
2026-05-09T21:45:29.826396,22G,SONED,MOSQUÃ‰E AL HAWA ALLE,40.89076398794446,rain,29.260004449250335,festival,15.28353851653672,5,12,9,49.42251831544976,5.878146821279605
2026-05-09T21:45:29.826396,23C,LYCEE CHEBI-ALLER,PÃ‰PINIÃ‰RE-RETO,51.797455545578416,fog,22.326861142836535,none,16.284439743056144,0,10,7,103.49023621901317,58.08525155177955
2026-05-09T21:45:29.826396,6,EL ANBARIA,FOYER ARIANA,53.85136356308186,clear,81.75331230832967,none,18.50471339386084,6,7,5,20.56603065861067,1.3369199056936318
2026-05-09T21:45:29.826396,58 Retour,CITÃ‰ ELWARD 16,ARRÃ‰T PHARMACI,12.818909564527623,cloudy,17.503980660876547,manifestation,27.616446753663098,3,12,4,60.30402516499936,1.5977688025390893
2026-05-09T21:45:29.826396,56,INEPS,DÃ‰LÃ‰GATION DAOUAR HICH,35.36827360324149,cloudy,20.875640620056323,none,18.472318245425033,2,8,23,13.54605703520124,0.5878898322117747
2026-05-09T21:45:29.826396,257 Retour,Depart,Arrivee,22.93201183186608,clear,30.9745088672154,none,37.54163291060256,2,8,10,16.581288880302992,1.4171966922141657
2026-05-09T21:45:29.826396,6P,CITÃ‰ ELLI,HOPITAL MAHMOUDE EL MATRI 6P,37.26195873638093,cloudy,18.52938024328176,none,8.621924965833664,6,9,14,16.897898655851563,0.16549676403471292
2026-05-09T21:45:29.826396,265 Retour,Depart,Arrivee,46.34093204761183,rain,70.38841071425665,festival,29.355577519737857,0,4,1,57.976142183057206,9.687828735865981
2026-05-09T21:45:29.826396,52,CITÃ‰ EL HABI,SIDI ABD AZIZ,31.667781010894068,clear,97.7220928407217,none,17.89737803913696,2,7,1,41.346104962422274,3.5316485670424367
2026-05-09T21:45:29.826396,16A,CASERNE OUED ELIL 2,CITE EL BOSTANE,33.39190065623575,clear,26.04473274898367,foire,32.39420037420723,1,6,20,37.31373992198407,4.124579064724363
2026-05-09T21:45:29.826396,74G,MEUBLATEX,14-janv,10.0059322455425,clear,45.05978220634857,festival,30.241260047916924,1,12,18,67.59390526317061,1.8000486254954016
2026-05-09T21:45:29.827396,116,MOSQUÃ‰E AL HAWA ALLE,CASERNE BOUCHOUCHA ALLER,30.68223774226991,storm,84.14178538915307,none,29.568837732036247,1,9,2,54.727574352718484,2.264355959035451
2026-05-09T21:45:29.827396,25,IMPRIMERIE BOUSLAMA,MOUROUJ 3,47.211083640465375,rain,24.270037146249585,none,36.67832954494065,2,6,21,37.40280771533362,11.504943713716798
2026-05-09T21:45:29.827396,38C,CITÃ‰ IBN KHALDOU,CAFÃ‰ CHIRA,10.126377491595447,clear,81.30256301476165,congres,21.662918376999016,5,7,9,65.930680306984,2.4711110691976383
2026-05-09T21:45:29.827396,32 B,ECOLE PRIMAIRE BORJ CHAKIR ALLER,MIZANETTA-RETOUR,56.66293337904269,clear,78.81073462513918,none,20.01591172229187,3,3,22,23.571637895201867,6.146554019166144
2026-05-09T21:45:29.827396,19C/,EL AFRANE,STOA,20.66070978300722,cloudy,96.37477202200057,none,24.73466488218327,6,3,16,26.206461129944625,2.126685093103567
2026-05-09T21:45:29.827396,23C,GARDE NATIONAL AGBA-ALLER,20 MARS L23C/D-ALLER,49.31484425430271,cloudy,96.11171420577676,none,23.31170751664699,5,1,11,38.230950776294904,9.02858887423937
2026-05-09T21:45:29.827396,26 Retour,CITÃ‰ JABE,HOPITAL RÃ‰GIONAL YESMINE,26.71076466853799,clear,82.02923734658403,none,22.9780947336394,1,6,22,42.056061907801684,6.361396172939937
2026-05-09T21:45:29.827396,21 Retour,SIDI SAAD,FERME BAHRI,36.00449688029172,clear,56.92798381134915,match_sport,18.8834859680918,4,3,10,37.93530431343535,1.0143019752375846
2026-05-09T21:45:29.828518,16C Retour,MOEZEYA,CITE MILITAIRE,18.56452773338366,storm,57.426675924294244,none,37.03250281007416,6,2,16,47.61169845270325,0.7348635741213498
2026-05-09T21:45:29.828518,90,CITE BEN YOUNES-ALLER,TERMINUS CITE BEN YOUNES,53.330411446457944,rain,96.64665274511603,none,16.586434206858836,6,2,8,41.82521715546321,0.29263752495337947
2026-05-09T21:45:29.828518,78 Retour,Depart,Arrivee,45.755066938123356,clear,48.28011363464075,none,35.900044172763344,6,4,2,25.85028572654008,1.1535228247902616
2026-05-09T21:45:29.828518,71 Retour,Depart,Arrivee,19.830039840744515,rain,23.196773352482342,marathon,17.0709671011522,1,9,23,76.18903342615718,9.147825293305022
2026-05-09T21:45:29.828518,23F,SONEDE AGBA-ALLER,LYCEE 20 MARS-ALLER,30.113640694523085,rain,31.95393074291946,manifestation,20.02825131727989,5,6,10,57.212564562250755,7.021125891891817
2026-05-09T21:45:29.828518,52,PARC SIDI BOU SAID,SIDI BOU SAID,20.67307580694844,clear,94.5532798943388,none,19.467764234636746,3,11,18,47.64966565130548,0.7615284042830623
2026-05-09T21:45:29.828518,410B,LYCEE SAOUEB-RETOUR,CELLULOSE (SILOS),37.66668362113852,clear,35.73156613554808,none,27.894949926522962,1,8,11,27.07280767906618,13.770964734687624
2026-05-09T21:45:29.828518,51A Retour,STEG JEANS JAURES ALLER,JEANS JAURES,49.85384032813782,cloudy,28.5930200955333,none,34.54370153615709,3,8,1,11.799085916875473,0.4636469419342575
2026-05-09T21:45:29.828518,54A/,CENTRE DE FORMATION SNT,CROISEMENT SIDI REZIG,25.594507490221226,clear,20.850804623980032,none,31.228597138676335,3,6,22,9.054234798739198,2.2651368203392774
2026-05-09T21:45:29.829532,89,MONTAZAH,AYARI-RETOUR,11.381487790420755,rain,27.951641814974682,none,15.588738343568071,5,7,2,30.95342002622909,1.5006885487390367
2026-05-09T21:45:29.829532,16A,DOUAR EL BEY,TERMINUS 16A 93,26.159489241589668,storm,73.77583603916179,none,9.125142825236438,0,2,2,55.41828530925626,3.5327985086369997
2026-05-09T21:45:29.829532,4G,MUNICIPALITE BARDO,EL FARABI MANNOUBA - ALLER,13.833619098414498,clear,90.97973511033935,none,17.94139218918229,1,11,2,50.340096802318925,3.6145273285700736
2026-05-09T21:45:29.829532,31A Retour,GAALOUL,INEPS,49.483423139025135,rain,27.453270188779648,none,36.0586569262839,2,9,2,28.91094426027322,1.5090312626911953
2026-05-09T21:45:29.829532,54C,SIDI REZIG (SECTION) ALLER,JARDIN D'ENFANTS,38.276945730983,cloudy,76.5476122299279,none,38.6882267764619,2,7,13,35.55887079916998,0.38772539788668414
2026-05-09T21:45:29.829532,44D/,ARRÃ‰T BAB HADI,GEANT,47.32628410804733,cloudy,66.82507134530306,none,21.84237648010722,1,2,17,51.83976453645458,8.293448056308426
2026-05-09T21:45:29.829532,94 Retour,TERMINUS TEBOURBA,RAISIN,23.014159858251173,clear,36.94715022219695,none,16.332576435552703,4,4,2,36.79225528213803,10.246593843487172
2026-05-09T21:45:29.830586,60G,"ECOLE PRIMAIRE 6,1",IBN SINA,42.05597325259897,storm,85.56620462754047,none,28.630938810071775,0,2,14,65.39061609482471,1.0785798394347452
2026-05-09T21:45:29.830586,3AG,FOYER BARDO 1 ALLER,ARRÃ‰T ETTADHAME,59.94224135923156,cloudy,13.80420948123411,none,16.786326261747092,2,4,6,5.0,4.349354169246813
2026-05-09T21:45:29.830586,67 Retour,Depart,Arrivee,24.41087914779335,clear,97.65420166939847,none,27.244038766181134,5,11,14,50.443975092731435,6.342062866730544
2026-05-09T21:45:29.830586,31A,GOUEZINE 2,FERME BZAZEYA,36.47892082571252,fog,94.99941661194941,none,16.699069887494474,1,2,14,82.97361007833327,17.332271923895274
2026-05-09T21:45:29.830586,77,PLACE SALA CENTRE,NAHLI,19.563949394844872,rain,89.43838874375535,none,34.35487437346016,2,2,13,65.30776137331362,6.068393867814466
2026-05-09T21:45:29.830586,24F,CITÃ‰ EL OUIFA,CITÃ‰ EL AMA,39.822312444942234,clear,32.76997664606623,greve_transport,35.60003330857892,4,8,2,76.63633116804864,0.7407468908037487
2026-05-09T21:45:29.830586,16B,COOPÃ‰RATIVE CENTRA,HAMMED,20.241062353792724,clear,28.078366212249193,match_sport,30.802494183912344,0,6,9,74.85967033617713,9.90815870159985
2026-05-09T21:45:29.830586,18 Retour,HAMADI ABID,EL ANBARIA,57.344801267102106,clear,14.102288837036433,none,10.808626040565585,1,4,0,7.076826468788001,4.1543201478772716
2026-05-09T21:45:29.830586,3A,TOUTA BARDO,BORTAL ALLER,56.62229778425073,clear,72.3102548418751,foire,24.050052906260294,3,2,6,32.69866017117317,1.8675960528962818
2026-05-09T21:45:29.830586,48,ROUTE ELBASATINE,TERMINUS CITÃ‰ ELBASATIN,56.24412216338462,rain,43.89758666174762,none,8.869569161405487,6,1,4,19.686867239754047,1.8193926408312624
2026-05-09T21:45:29.830586,34A,ROUTE MORNAGIAA-RETOUR,ECOLE ATTAR-RETOUR,57.21661178741458,cloudy,74.42650139741299,match_sport,16.410056785694135,3,5,3,39.9685401778861,1.964262196371621
2026-05-09T21:45:29.831615,15 B,UNIVERSITÃ‰ IBN CHARAF ALLE,CASERNE EZZOUHOUR RETOUR,15.108616151779039,clear,57.71974661353901,none,28.56904605395012,5,8,15,29.80865149917949,3.3963451738308543
2026-05-09T21:45:29.831615,56 Retour,RELAIS BARDO,ALI BALAHOUAN,29.783495704815802,clear,60.54692799559418,festival,25.027835526550607,4,3,10,43.37639519757494,4.098682608864607
2026-05-09T21:45:29.831615,33B,ECOLE ZOUHOUR4-RETOUR,CHARLE NICOLE-RETOUR,29.37486892844823,cloudy,59.81153247324417,congres,13.97870399790142,0,1,21,38.814392863267734,3.6370193622425546
2026-05-09T21:45:29.831615,42B,COOPÃ‰RATIVE CENTRA,SAIDA,59.324353396484476,clear,37.51506993729065,none,20.701640979962043,0,9,5,12.626449527708335,4.906130804821647
2026-05-09T21:45:29.831615,635A,FOIRE LA CHARGUIA,DEPOT CHARGUIA,35.407865328007375,clear,26.73115404006403,none,24.291638159644133,6,1,5,5.0,0.4837242437348923
2026-05-09T21:45:29.831615,64 Retour,CITE ETAHRIR AOUINA,BAB SADOUN,52.016811911054155,clear,86.98025172720833,festival,13.447457038026577,3,10,8,56.57788741330363,3.0070492415756886
2026-05-09T21:45:29.831615,116,ERRIADH,NOUVELLE HAMMED,25.67376449670508,cloudy,85.56664488120927,none,21.66086679433079,1,10,7,65.22240694177684,11.137330756540898
2026-05-09T21:45:29.831615,44A,ARRÃ‰T BAB HADI,TERMINUS 44/44A/77,15.471520241798967,clear,14.197231041543134,none,34.478263551347624,2,10,8,163.72494348313998,36.431236857932504
2026-05-09T21:45:29.831615,6P Retour,EL ANBARIA,MONOPRIX AVENUE DE LA LIBERTï¿½,21.846393075559114,cloudy,97.75917109901803,congres,15.517734176932585,5,1,18,54.26281833015623,4.293596837154294
2026-05-09T21:45:29.831615,54A/ Retour,JARDIN D'ENFANTS BEN AROUS,ZONE INDUSTRIELLE,23.631525443375274,cloudy,38.40159773619776,holiday,21.805806945199624,5,6,17,49.69246207241949,8.358525079318397
2026-05-09T21:45:29.831615,23F,LYCEE CHEBI-ALLER,CAFE MEDINA 23/,12.34491204725839,fog,21.586830591985922,none,21.25982745300984,1,9,18,180.0,30.55775420855084
2026-05-09T21:45:29.831615,251 Retour,Depart,Arrivee,11.071993331155664,cloudy,96.29079795463672,manifestation,13.372566137760426,0,8,23,107.27701084028496,6.860498130102691
2026-05-09T21:45:29.832617,66 Retour,LYCÃ‰E TECHNIQUE TEBOURB,E.P TEBOURBA,40.061802897945256,clear,91.13244255528895,none,19.292091146627794,4,4,19,46.823591388768676,1.8535198393642887
2026-05-09T21:45:29.832617,74G Retour,BATAM,TELECOM,24.57569291721767,clear,57.9263382780868,none,25.576800260103955,1,9,13,47.00519461750607,8.770363359630919
2026-05-09T21:45:29.832617,78 Retour,Depart,Arrivee,46.36211597849895,clear,18.356057787755844,none,14.830332202433354,0,6,21,20.617314021289076,9.87303787363003
2026-05-09T21:45:29.832617,3AG Retour,RUE HASEN ENNOURI,FOYER BARDO 1 RETOUR,25.287974357175223,clear,26.790212097605412,none,24.002954745031463,2,2,23,21.1662533053771,5.439077513987589
2026-05-09T21:45:29.832617,31A Retour,RELAIS BARDO,BOUCHOUCHA-RETOUR,38.319536031554875,cloudy,40.512569476951874,none,22.316154324418157,1,3,3,12.730072122317583,1.397550411837571
2026-05-09T21:45:29.832617,251 Retour,Depart,Arrivee,26.30925306389546,storm,26.44253314402445,none,24.316562423387897,0,10,16,66.48480401109562,14.144490063110272
2026-05-09T21:45:29.832617,26,SONED,BOUJERDGA,25.30743254592874,clear,44.5870168804468,none,33.91589180932249,1,8,11,35.394253863505256,7.436600165735573
2026-05-09T21:45:29.832617,9B,MOSQUÃ‰E CITÃ‰ EL FE,LA CAGNA (SECTION),35.085149208817455,fog,33.475164652357876,manifestation,28.61572482643142,0,4,14,58.65522266277863,1.5258465972667237
2026-05-09T21:45:29.832617,60G Retour,IMMEUBLE MILITAIRE IBN SINA,CHARLE NICOLE-ALLER,53.631834384559895,clear,33.16701071770349,none,19.397342890062177,3,4,1,15.407208814894402,6.778787935316638
2026-05-09T21:45:29.832617,54A/,JARDIN D'ENFANTS,CAFÃ‰ AYE,39.4243081855513,cloudy,80.72801710352965,none,35.42711006591544,0,1,14,48.71219180003065,2.1160644149525005
2026-05-09T21:45:29.832617,66 Retour,TERMINUS EDKHILA,ROUTE CHOUIGUI,41.722656987780155,rain,17.542759013844783,none,31.46255375849525,2,12,5,34.14665488166089,11.261795166938509
2026-05-09T21:45:29.832617,81B Retour,14-janv,CENTRE CHALLAKH EL MOUROUJ 4,46.68442296379284,clear,46.40673220755629,none,38.01690007566296,2,9,11,21.406963764417707,0.3822863627381099
2026-05-09T21:45:29.832617,87,MOSQUÃ‰E ZAHROUNI-ALLE,JARDIN THAMEUR,12.292600918735078,clear,98.9261147765035,festival,19.69299618884982,0,10,22,166.69406709820308,22.003095596525164
2026-05-09T21:45:29.833617,91,CITE HASSEN BELKHOUJA2-ALLER,CITE HASSEN BELKHOUJA1-RETOUR,19.206501154059243,rain,20.940096656644215,none,9.189609217588671,4,6,0,31.58525555455241,2.413093209220079
2026-05-09T21:45:29.833617,71 Retour,Depart,Arrivee,32.971937330918934,clear,96.37541542350652,marathon,32.14984066778052,4,12,14,95.22205941346806,11.22744983217992
2026-05-09T21:45:29.833617,62A,CITÃ‰ POPULAIRE ENNAHL,MOSQUÃ‰E CITÃ‰ CHAKER RAOU,48.71992685086278,clear,39.57329467252494,none,37.922451711375004,4,5,12,39.18091425788128,11.61319977961147
2026-05-09T21:45:29.833617,25C,ARRÃ‰T JARDIN D'ENFANT,AVENUE CARTHAGE,26.75245854692412,rain,86.9874539168062,none,20.1014980624938,4,11,9,67.28552868349601,6.347834310762501
2026-05-09T21:45:29.833617,32A,IMMEUBLES HRAIRIA-ALLER,MIZANETTA-RETOUR,51.57178096463555,clear,80.60591221097978,none,36.58693253848347,6,2,12,45.92361465525901,10.457722683245184
2026-05-09T21:45:29.833617,255 Retour,Depart,Arrivee,45.25399640918959,cloudy,57.32013761364571,none,27.03433918369846,4,3,2,31.74458792642634,11.27418122097978
2026-05-09T21:45:29.833617,54,COLLÃ‰GE MOUROUJ ,CROISEMENT SIDI REZIG,12.599671570565015,clear,57.44115295999278,none,39.98942857993708,1,8,6,61.236122084105084,6.526569742103885
2026-05-09T21:45:29.833617,21B Retour,CROISEMENT PRISON CIVILE,ERRISSALA,31.44849903587536,rain,72.52048032797795,none,27.734794584548315,2,1,13,45.512063832385955,2.992420440045543
2026-05-09T21:45:29.833617,74B Retour,LYCÃ‰E 2 MARS EL OUARDIA L(G,GORJANI ALLER,34.876000522672285,fog,49.97553262910294,festival,30.03466259132234,0,4,6,49.32894895670327,2.092554797228905
2026-05-09T21:45:29.833617,24D,MOSQUÃ‰E RAHM,CHEBEDDA,14.722852563435959,clear,73.80587110855797,none,29.005220295349535,2,4,7,50.07430923665915,1.0697060168264958
2026-05-09T21:45:29.833617,22,DUBOSVILLE,AVENUE DE LA GARE,49.817288773982455,clear,63.3392783096902,none,38.263614700873404,3,5,12,42.57510736518029,1.2537604753406484
2026-05-09T21:45:29.834618,52 Retour,TERMINUS 52/52B,SIDI ABD AZIZ,56.392113330309726,clear,34.28501079619849,none,15.787830829004033,1,9,5,9.521359543955345,4.063902315242515
2026-05-09T21:45:29.834618,54A,FERAILLE 1,TERMINUS CITÃ‰ CHAKE,25.88652733088199,storm,48.00950911926957,none,39.01742918557056,6,5,20,67.75947728885642,12.393117942587175
2026-05-09T21:45:29.834618,24/,MHAMDIA CENTRE,CITÃ‰ EL ELMI ,49.997352429244096,rain,37.37642298656645,none,35.962232840961676,2,1,1,32.373788076776286,0.6959091530193682
2026-05-09T21:45:29.834618,43 B,KHEIREDDINE BACHA,AVENUE MADRID,37.647037409462605,rain,19.141492928019517,none,25.2240878830325,0,6,17,43.27194738077676,7.251239718507682
2026-05-09T21:45:29.834618,68,BORTAL ALLER,CITÃ‰ SFA,19.44569282168477,rain,18.1809011327093,none,10.04402508358043,5,6,20,19.374555928925638,2.2691334733714177
2026-05-09T21:45:29.834618,265 Retour,Depart,Arrivee,31.452399698605785,clear,51.02943295816926,congres,35.214493369081296,2,7,15,56.18094561692554,14.069340378032829
2026-05-09T21:45:29.834618,23E,MOSQUÃ‰E MORNAGIAA-ALLE,GRIAAT,42.778295047848665,cloudy,18.969474236456158,holiday,20.813326757466477,4,2,19,64.79748243427744,24.655747517061094
2026-05-09T21:45:29.834618,72 Retour,CHAMP DE COURSE KSAR SAID ALLER,BAB JDID-RETOUR,11.429741917972116,fog,83.94324167058222,greve_transport,9.863609046741704,0,4,0,146.21015966397366,6.842152575390928
2026-05-09T21:45:29.834618,264 Retour,Depart,Arrivee,44.17080661468546,cloudy,42.34016794485337,none,28.46918348948931,0,6,0,30.93439881504481,7.88258682776463
2026-05-09T21:45:29.834618,70 Retour,Depart,Arrivee,31.15072231208813,cloudy,89.97332451609628,none,12.273864507631473,0,4,11,55.62005288367457,14.863498150896794
2026-05-09T21:45:29.834618,16/ Retour,BOUCHOUCHA-RETOUR,BAB LAASSAL,11.677959082362557,clear,36.837756833583654,manifestation,27.268937796046536,6,8,6,53.19935568082805,1.8206657576911986
2026-05-09T21:45:29.835617,19,SALLE DE SPORT,TERMINUS M-COTEAUX,59.91515778669792,clear,20.834466829715776,none,29.15286586349975,3,4,23,9.12873647020297,1.0850864648678922
2026-05-09T21:45:29.835617,15 A,KHAROUBA-ALLER,KHAROUBA-RETOUR,40.642768078265945,cloudy,56.14628232567026,none,28.643118260564904,3,2,10,25.599160301282613,4.92695071439413
2026-05-09T21:45:29.835617,54D,MUNICIPALITÃ‰ BEN AROU,BNA BEN AROUS,35.98712432186336,cloudy,50.45337686668852,none,8.045383044285295,0,8,12,29.47481270513111,0.9845518220961988
2026-05-09T21:45:29.835617,16D Retour,SECTION MANOUBA,BOUCHOUCHA-RETOUR,20.08997906710951,clear,79.55240435755665,none,27.484955552961214,1,10,13,61.39655620443382,7.04881300326025
2026-05-09T21:45:29.835617,86 Retour,CROISEMENT MOUROUJ 2 L24,LE SOUK DES VOITURES,53.07821421249783,clear,12.336491651852885,none,17.169516753722146,5,10,11,5.0,0.2577966407797243
2026-05-09T21:45:29.835617,44B,SABALET BEN AMAR,SIDI THABET CENTRE,54.26495556355962,clear,72.77255487782202,none,25.095949533530412,4,2,12,36.7725780672191,8.208763909140226
2026-05-09T21:45:29.835617,26,CAFÃ‰ YASMINE,EZZAOUIA MORNAG,49.71761646238376,clear,13.582511489987859,match_sport,13.39421262054761,1,11,9,41.70556429010399,5.3168683531489656
2026-05-09T21:45:29.835617,37,BIR EZZANGA,BOUJERDGA 75 26A 37,21.323234583869745,clear,95.1401974005143,festival,31.733148438978837,5,7,10,39.19789136674057,2.4146212444895334
2026-05-09T21:45:29.835617,94 Retour,CROISEMENT BEN YEDDER-ALLER,PÃ‰PINIÃ‰RE-ALL,34.71371807030623,fog,10.101576027428449,marathon,17.953450232041778,0,11,8,77.86169869202223,4.14061613861934
2026-05-09T21:45:29.835617,44D/,TOUBEN 2,MBARKA 1,25.71574393623461,clear,51.80846171719773,festival,15.093242978796425,3,4,21,64.97196348139066,18.16291611148869
2026-05-09T21:45:29.835617,38C Retour,MINISTÃ‰RE DE L' Ã‰QUIPEME,TERMINUS TUNIS MARINE BUS,27.0112620761196,clear,96.08749741702081,match_sport,31.168281349169725,5,4,12,55.44664397536283,4.037275722602118
2026-05-09T21:45:29.835617,46B Retour,CITÃ‰ ENNOU,CITÃ‰ AKACH,42.84037607619447,rain,59.457047277048275,festival,38.028119586689954,1,6,6,50.63025632109612,1.7039281764187884
2026-05-09T21:45:29.835617,250 Retour,Depart,Arrivee,23.845084487046883,clear,31.10896906732478,none,26.39218210097294,2,10,0,30.29485716078683,7.504778992159623
2026-05-09T21:45:29.836617,26C Retour,STATION DE BUS MORNAG,CITÃ‰ THAMEU,56.88496330970459,clear,43.815453135619244,none,35.547843953749506,5,5,7,37.9068045374507,13.126317102552363
2026-05-09T21:45:29.836617,10C,BAB ALIOUA GP1,AVENUE DE LA GARE,50.14960089335764,fog,94.39138919435231,none,26.200611280732073,0,2,18,60.271214290418825,0.3080252245431758
2026-05-09T21:45:29.836617,70 Retour,Depart,Arrivee,59.77601141321894,clear,41.961989378421165,none,16.394107205297107,0,7,0,22.48022303516849,11.987951972981039
2026-05-09T21:45:29.836617,63 Retour,MINISTÃ‰RE DE L' Ã‰QUIPEME,PLACE JEANS DARK ALLER,39.06924476682556,fog,82.76619459343696,marathon,8.372051241131732,6,12,21,63.37652359380453,1.5325430392237722
2026-05-09T21:45:29.836617,27,ENKHILETTE,LYCÃ‰E SIDI AMO,54.48789074865769,clear,48.88459247536427,none,16.73724265235992,2,2,15,17.823442262058453,8.116520096163304
2026-05-09T21:45:29.836617,6B,EL ANBARIA,ARIANA SUPÃ‰RIEU,22.949922726404985,clear,68.74201354068332,none,13.616366478895877,3,12,8,35.493494642092394,0.5628550622763611
2026-05-09T21:45:29.836617,33,OFFICE DE L'HUILE-RETOUR,MOSQUÃ‰E ELBOR,36.873403225265264,clear,26.858718344023764,marathon,8.236910676636523,6,12,0,50.21976928431933,3.7289309283847984
2026-05-09T21:45:29.836617,73 Retour,Depart,Arrivee,15.780594409620736,clear,77.89259792655483,none,8.899253875764614,2,1,11,59.33135718321793,6.293978722812918
2026-05-09T21:45:29.836617,61 Retour,Depart,Arrivee,31.314045312726744,clear,72.90865973570371,none,24.996628242069242,6,5,14,43.52476666203513,9.167816093641736
2026-05-09T21:45:29.836617,6P,MINISTÃ‰RE DE L' Ã‰QUIPEME,10 DECEMBRE,35.47566351454182,cloudy,83.28650674127974,match_sport,37.23954160351815,2,7,9,71.75293544542478,1.160033184504206
2026-05-09T21:45:29.836617,52,CITÃ‰ EL HABI,PARC SIDI BOU SAID,22.85573315020725,cloudy,51.40596150621558,match_sport,17.896195535145136,5,6,0,40.613487911712795,5.534190945926362
2026-05-09T21:45:29.836617,20A,JARDIN THAMEUR,CITÃ‰ ESSALE,27.298624390351296,cloudy,95.59296322737455,none,22.918087364977083,4,10,22,56.13519648685545,10.91257192805374
2026-05-09T21:45:29.837618,44,ESSALAT,TOBYAS,11.929310040408922,clear,49.611737644642055,none,29.86754543594761,3,2,15,46.209140769316335,5.140442077608874
2026-05-09T21:45:29.837618,19E,LYCÃ‰E TAHA HSSINE MEGRIN,PONT AUTOROUTE SUD (SAINT-GOUBAN),14.885205184529672,cloudy,74.83431797797549,festival,22.43021830963927,1,9,2,53.68406745856477,2.351684202852237
2026-05-09T21:45:29.837618,60,MONOPOLES,MOSQUÃ‰E IBN SIN,12.396258797801204,cloudy,62.398081068155875,none,9.569883319880464,2,9,16,54.3161420570778,3.340954465433507
2026-05-09T21:45:29.837618,27,CAFÃ‰ MANACHO,LYCÃ‰E RAOUE,56.70732075230562,clear,19.33744821178165,none,31.86950782375276,5,5,9,16.965362406386145,0.8145530203847073
2026-05-09T21:45:29.837618,74G Retour,CITÃ‰ EL FAOUE,HAMMAM LACAGNA,51.57847491824308,cloudy,42.227677170404036,marathon,10.246291565046835,0,7,5,57.41117720597459,9.312163052765898
2026-05-09T21:45:29.837618,81B Retour,AV EL BORHENE,14-janv,31.467139168538722,rain,23.565916656682326,none,10.991755570687673,5,5,12,25.79751289284312,1.704084876753353
2026-05-09T21:45:29.837618,64,CENTER DE FORMATION RAS TABIA ALLER,CITE ETAHRIR AOUINA,36.61993436134565,fog,99.79265967950921,match_sport,39.065311698208944,6,8,20,59.17067982244506,1.3375327018272913
2026-05-09T21:45:29.838130,72 Retour,SIDI BECHIR-RETOUR,GARE ROUTIÃ‰RE SU,27.53592547271255,clear,61.96593404197819,foire,9.119419952516914,0,10,11,43.109302272359116,0.3870135921181834
2026-05-09T21:45:29.838130,45B,BIR ZITOUN,CANAL,48.11162810220964,cloudy,28.384079791016788,none,32.49126380542892,1,9,3,18.963977386463093,8.729718387652145
2026-05-09T21:45:29.838130,21 Retour,EP BIR JEDID,FERME BAHRI,20.0110467894333,clear,85.84472111855217,none,17.110335004401776,6,9,1,50.85031585409068,8.446039830865042
2026-05-09T21:45:29.838130,31 Retour,ECOLE PRIMAIRE GOUEZINE,CHOCO TOM,24.19230741730683,clear,19.252770556226857,none,26.984303045612073,6,4,18,28.40340181816787,4.9996502729809436
2026-05-09T21:45:29.838130,22G,FACULTE 9 AVRIL ALLER,FACULTE 9 AVRIL ALLER,34.89690266978032,clear,77.53500343816314,none,10.863308255437357,6,8,17,49.538328842068005,12.065813504468943
2026-05-09T21:45:29.838130,27 Retour,EL ANBARIA,10 DECEMBRE,57.576452268812815,cloudy,81.99533334631441,greve_transport,37.81211850923006,0,6,9,106.45684196181865,0.9991466591280123
2026-05-09T21:45:29.838130,66 Retour,LYCÃ‰E TECHNIQUE TEBOURB,TERMINUS TEBOURBA,57.6118642707872,clear,72.17268618754615,none,13.656327331233577,2,6,18,35.16607318008912,2.317605874736607
2026-05-09T21:45:29.838130,21 Retour,CITÃ‰ GOUIDE,SIDI SAAD,10.782365897103299,clear,18.96950374581238,none,34.07347752511923,5,10,9,68.2079332364965,8.12073267374809
2026-05-09T21:45:29.838130,460 Retour,POSTE POLICE MANOUBA-ALLER,EL ANBARIA,17.958236904432695,clear,50.43134176983242,none,25.660838991845516,2,9,21,53.590249410163715,12.361114019099206
2026-05-09T21:45:29.838130,6,LYCEE ARIANA,TERMINUS SIDI SOUFIENE,56.69976833383369,clear,67.11134576808125,festival,29.75607959113882,4,1,4,32.30363141311188,4.140885892363022
2026-05-09T21:45:29.838130,29 Retour,BAB ALIOUA GP1,AVENUE DE LA GARE,33.263928600600366,cloudy,23.20305182502939,manifestation,12.679087630736873,3,7,18,56.86747427479234,0.30802522454317405
2026-05-09T21:45:29.838130,3D Retour,RELAIS BARDO,20 MARS RETOUR,32.28758104097268,clear,57.505952038628536,none,35.66366513905462,4,8,14,35.59977957955419,0.6647962301620138
2026-05-09T21:45:29.838130,31A Retour,CASERNE OUED ELIL 2,BORTAL RETOUR,41.431777328485126,clear,97.31480180716773,festival,16.006627429708256,4,4,5,48.65707311884557,5.135217276797285
2026-05-09T21:45:29.839128,24E Retour,FERAILLE 2,FERAILLE 1,31.006727709155022,storm,72.51468504640556,festival,26.006464171874164,0,9,7,78.01972276027284,0.16555248492707975
2026-05-09T21:45:29.839128,56,SIDI ALOUI,CHEBBI ALLER,17.815861069961894,clear,75.24737243878518,none,17.26018315538223,2,3,9,53.68684341712283,3.450158611697257
2026-05-09T21:45:29.839128,635,ONAS,CENTRE DE TRI POSTAL,34.30225372416146,clear,19.542447095984095,foire,9.417367058626969,5,10,12,33.26958112175133,2.058040854848821
2026-05-09T21:45:29.839128,26,CENTRE DE COORDINATION OUARDIA,SIDI FATHALLAH2,35.774245469364615,clear,98.14561572396155,none,22.68292286728906,4,4,14,40.22230832164689,1.9653639336669961
2026-05-09T21:45:29.839128,49 Retour,Depart,Arrivee,36.05510071472476,clear,32.35569478605443,match_sport,11.783621623240425,5,6,21,35.6729457382482,10.615497023892143
2026-05-09T21:45:29.839128,67 Retour,Depart,Arrivee,21.221261124776653,cloudy,56.87498858028151,none,9.922725031127406,1,8,14,44.68351384770562,3.1928785366672625
2026-05-09T21:45:29.839128,6B,MOSQUÃ‰E ARIANA EL JADID,ARIANA SUPÃ‰RIEU,22.377919781765446,clear,79.26545596192945,none,34.895760269303906,2,2,14,31.55121054592552,0.3195286179513961
2026-05-09T21:45:29.839128,24/,LE SOUK DES VOITURES,CITÃ‰ EL ELMI ,57.24445131074768,clear,41.417428443871344,none,12.051834529440757,3,7,11,18.56222429220009,8.205979151835113
2026-05-09T21:45:29.839128,18C,PARC SOUKRA,BIRSA 2,56.61339194190836,fog,38.74457051503167,none,10.473391780814907,3,4,22,31.887413198445934,5.6515331662144455
2026-05-09T21:45:29.839128,69 Retour,MONOPOLES,MONCEF BEY RETOUR,47.61807211986961,rain,30.972974801521623,foire,35.757539898711315,0,10,6,46.10772809782744,1.5366310804973082
2026-05-09T21:45:29.839128,67 Retour,Depart,Arrivee,33.047775705659134,cloudy,18.074023844773063,none,27.723837796306636,5,8,0,21.2835718574579,7.555169657296854
2026-05-09T21:45:29.839128,33A/,CROISEMENT BIRINE L33A/-ALLER,SIDI HSIN-RETOUR,42.1358577372779,clear,87.82099773270853,foire,8.761793384266976,1,11,22,71.98742506246637,15.052381914446872
2026-05-09T21:45:29.839128,54B Retour,CITÃ‰ EL FAOUE,MOUROUJ 5,29.439755948070133,clear,17.239888018840084,none,15.996582235755671,0,12,23,10.346219340192174,1.253208127972763
2026-05-09T21:45:29.840133,247,GOULETTE NEUVE,LE KRAM,10.438737753095891,clear,18.789968631351062,none,30.556701086553474,1,6,4,30.129754565290796,2.088399592508507
2026-05-09T21:45:29.840133,55 Retour,BORTAL RETOUR,20 MARS RETOUR,39.13619203086246,clear,85.38732898145851,marathon,22.916516734650052,6,12,3,51.056392022122004,2.094389840406148
2026-05-09T21:45:29.840133,460,TOUTA 10 DECEMBRE,MINISTÃ‰RE DE L' Ã‰QUIPEME,12.012238530962534,rain,48.28197468958153,holiday,11.112134907377037,3,3,23,55.12173233766094,1.5292085845713874
2026-05-09T21:45:29.840133,88,20 MARS ALLER,GARDE NATIONAL AGBA-ALLER,17.583348017881015,clear,48.84539656351142,manifestation,23.14947618027026,0,3,3,64.58268831933455,4.989182645710411
2026-05-09T21:45:29.840133,33A,IMMEUBLES HRAIRIA-ALLER,HOUIJ-ALLER,27.907343320084657,clear,28.349782791447147,none,23.648556171091016,1,9,23,18.538946869366015,7.370972402758254
2026-05-09T21:45:29.840133,261 Retour,Depart,Arrivee,11.384494337938769,clear,61.32991835811232,festival,25.212514655520376,0,7,14,107.05175958392925,10.853937591859841
2026-05-09T21:45:29.840133,60 Retour,MONOPOLES,ZONE F,47.79370755891936,rain,10.403352399297596,none,30.554758320554768,5,9,18,43.9495807903261,20.247448825062595
2026-05-09T21:45:29.840133,94  Retour,Depart,Arrivee,31.560019322233593,clear,54.839051804101935,marathon,33.763056083970866,1,7,21,58.134991680328476,4.341811265785699
2026-05-09T21:45:29.840133,19G,CENTRE DE COORDINATION OUARDIA,SOCIÃ‰TÃ‰ NO,10.984465598787555,cloudy,94.10663965639282,festival,9.177399177510992,4,4,12,88.30401392050214,4.091854133056838
2026-05-09T21:45:29.840133,410B,GOUVERNORAT MANOUBA-RETOUR,CNSS,28.508167781818862,rain,87.74288877713617,none,35.065230934998,5,7,23,85.82959432397583,25.056753525119905
2026-05-09T21:45:29.840133,116,CNAM-BARDO ALLER,PARC MAYANA,11.878644292230508,clear,90.86009807297647,none,39.44295910433881,0,4,18,180.0,26.80053586078143
2026-05-09T21:45:29.840133,24A Retour,MHAMDIA CENTRE,CITÃ‰ ZITOU,46.0335161624566,clear,86.07592972181168,festival,32.68009959614557,5,11,14,43.174276461367164,1.9369925552395912
2026-05-09T21:45:29.840133,47,FOIRE LE KRAM,SALAMBO,57.60292091486053,rain,69.36371443529335,manifestation,10.420629781035188,6,3,18,54.99228039017898,1.359777630961645
2026-05-09T21:45:29.840133,527,MAISON BLANCHE,TUNISIE TÃ‰LÃ‰COM EL GHAZE,48.025100220861994,cloudy,93.18139307327196,manifestation,35.00431890130023,2,4,10,77.64953194926592,10.237513952622646
2026-05-09T21:45:29.840133,64 Retour,FOYER BARDO 2 ALLER,ALI BALAHOUAN,17.45675539237689,rain,85.2868175002821,match_sport,28.64264614293716,2,6,8,85.33667746092667,3.432530951023052
2026-05-09T21:45:29.841287,72,BAIGNEUR,TERMINUS 56 72,51.680377934412014,clear,66.76794982366908,none,24.854059485643237,4,4,23,19.786324234668278,2.5762081262614505
2026-05-09T21:45:29.841287,60A,MOSQUÃ‰E AL HAWA RETOU,PONT MÃ‰TRO KABARI,36.47815468241686,clear,13.645061783372757,none,33.79557816506896,6,12,15,9.819518658590287,4.919147038588189
2026-05-09T21:45:29.841287,19 Retour,BAB ALIOUA GP1,AVENUE DE LA GARE,21.238011882940974,cloudy,66.54515131586922,festival,27.86797400181764,2,10,21,35.59404577278797,0.30802522454317405
2026-05-09T21:45:29.841287,15,SABRA & CHATILA ALLER,RABTA,14.973079872609492,clear,79.24412318168554,festival,9.284460421293126,4,8,11,64.31129294783818,3.4942738696176248
2026-05-09T21:45:29.841287,26,DUBOSVILLE,BIR EZZANGA,32.75448330532039,clear,66.56210648081202,none,13.468969278216754,6,11,18,46.971479168083285,12.482516265248343
2026-05-09T21:45:29.841287,63 Retour,CAFÃ‰ HMIE,TOUTA 10 DECEMBRE,27.434894768081833,clear,90.46491514319301,none,25.416125099227614,6,1,13,39.19012098909258,3.345839507828191
2026-05-09T21:45:29.841287,21B Retour,ERRISSALA,CITÃ‰ SNIT MORNA,58.564811371427275,clear,43.441579766458005,none,11.658339651812007,1,6,13,25.467080570441432,8.890969453023242
2026-05-09T21:45:29.841287,17,LYCÃ‰E TECHNIQUE RADE,KOCHBATI,52.594124492992286,cloudy,93.00930203988396,none,32.53516361453443,2,8,18,44.90835578688431,2.21349985611163
2026-05-09T21:45:29.841287,44C,SABALET BEN AMAR,JABBES,36.20362232533522,fog,97.60412761976055,none,14.811224670717241,1,2,16,51.775406360526745,4.285851637975469
2026-05-09T21:45:29.841287,18B Retour,FOYER ARIANA,PLACE SALA CENTRE,11.996609463280464,rain,28.876509454470927,none,35.84153589140454,5,8,15,29.457362146811672,0.2938851498095403
2026-05-09T21:45:29.841287,16 Retour,CHEBBI RETOUR,RELAIS BARDO,25.935132798069173,cloudy,95.31006932315624,none,32.05301367073188,1,8,6,35.2429669620225,0.31691072976933654
2026-05-09T21:45:29.841287,44D/ Retour,LYCÃ‰E SIDI THABE,SABALET BEN AMAR,11.292433192003672,storm,39.02474965210244,manifestation,13.769454742296972,3,2,17,125.10132318440773,6.831655412217927
2026-05-09T21:45:29.841287,45B,STEG TEBOURBA 45B,MAAFRINE,34.74558023883303,clear,96.06332782246432,none,33.140057737215926,3,11,4,55.212198591892744,16.252257320125516
2026-05-09T21:45:29.842292,23H,FIRMA-RETOUR,MORNAGIAA-RETOUR,28.040341312287563,rain,50.69251496102027,none,39.43831542550639,5,1,15,23.884054076217282,1.9149342636789584
2026-05-09T21:45:29.842292,87 Retour,Depart,Arrivee,17.558097909411327,cloudy,31.55183015810201,manifestation,18.467189292802537,6,7,4,46.60886188922917,3.569880713678722
2026-05-09T21:45:29.842292,48 Retour,ONAS MANOUBA-RETOUR,RABATTEMENT SLIMEN KAHIA,43.983498662576125,rain,25.650295755827038,none,37.190396815878444,4,9,1,21.319665738466895,0.39941288965029287
2026-05-09T21:45:29.842292,21A Retour,MAALLAH,COOPÃ‰RATIVE ERRISSAL,38.53676244880704,clear,59.64287130534213,none,20.85490942993241,4,8,23,21.493827798243966,2.4130428052373585
2026-05-09T21:45:29.842292,81B Retour,CITÃ‰ AF,CITÃ‰ EL FAOUE,59.251692250297985,fog,79.41822699025126,none,13.88306326045753,3,6,15,34.631882490854366,0.9496901849268833
2026-05-09T21:45:29.842292,55 Retour,CHAMP DE COURSE KSAR SAID RETOUR,BORTAL RETOUR,17.034771193037315,clear,53.37498514534487,none,22.801087532105615,4,6,17,39.55205993046199,0.48981169130421165
2026-05-09T21:45:29.842292,31,BOUCHOUCHA-ALLER,CASERNE OUED ELIL 2,59.73768440309858,rain,60.01331866482711,none,34.720958760539105,2,5,17,47.01478576133104,7.674332052363585
2026-05-09T21:45:29.842292,82,JARDIN DÃ‰ENFANTS ELAMEL BOUMHA,KHLIGE BOUMHAL,15.120835883887947,clear,87.44409485169837,none,17.36440581510962,6,6,15,27.759845821321807,0.4644731640269164
2026-05-09T21:45:29.842292,54B,EL MOUROUJ 3,PONT MOUROUJ 2,34.28576896980036,rain,29.768008874611844,none,8.658286870006258,4,8,11,28.56884010717301,1.8224428131634207
2026-05-09T21:45:29.842292,44D,GARDE NATIONAL MBARKA,FERME ELGOUEZINE,27.319965988142616,clear,89.98622104479628,none,24.515986694479576,0,11,8,44.89549665904342,2.4400260342370323
2026-05-09T21:45:29.842292,6B Retour,ARIANA SUPÃ‰RIEU,10 DECEMBRE,19.53741318529014,cloudy,64.23696291570714,none,16.74251219360744,5,11,17,36.06669887986702,1.5620017214043747
2026-05-09T21:45:29.842292,97,RABATTEMENT KHAIREDDINE MANNOUBA,SAIDA,10.879624399695745,clear,43.785569858605584,marathon,38.41413768154702,4,7,20,116.91439376741275,8.405304911578224
2026-05-09T21:45:29.842292,37,SOMAG,SALLE DE SPORT GHLALA,57.534403406981426,clear,41.17542112450981,marathon,31.14052577879734,2,4,13,81.01460657178123,26.29469464970616
2026-05-09T21:45:29.843292,81B,JARDIN D'ENFANTS MOUROUJ 5,CITÃ‰ AF,59.21248832456452,rain,81.01043961046251,none,25.14021289111142,1,10,5,30.209991417523824,0.287428433782176
2026-05-09T21:45:29.843292,61,LYCEE 20 MARS-ALLER,GUITOUNI-ALLER,34.92724391656466,fog,19.770683023252843,match_sport,13.464145631878285,4,10,15,42.69532989622302,1.9205356833598657
2026-05-09T21:45:29.843292,42,SIDI ALOUI,CITÃ‰ NEJIB,15.84173682053406,clear,13.77551363410451,festival,17.838387038763262,5,7,9,134.52768047067724,27.447816876814144
2026-05-09T21:45:29.843292,54A,CENTRE BEN AROUS,JARDIN D'ENFANTS BEN AROUS,57.8934279938788,clear,45.292593260453486,manifestation,33.81988458460414,5,4,4,32.87876538835918,0.6963207510151204
2026-05-09T21:45:29.843292,23/ Retour,CROISEMENT BORJ AMRI 23D-23/,AALOUINE2,56.092683689295484,clear,61.559794106191575,none,19.827374118248603,0,1,4,15.293978407105241,3.853567798085516
2026-05-09T21:45:29.843292,46B Retour,CITÃ‰ AKACH,TERMINUS TEBOURBA,12.801456662445684,clear,14.733232411661067,none,17.83339658375338,5,1,1,27.154952973222173,3.982948083226228
2026-05-09T21:45:29.843292,17A Retour,LES BUNGALOWS,VILLAGE D'ENFANTS,49.65308604517738,clear,98.41555482604919,none,19.90784627225692,4,4,4,33.892126159021224,1.9676190337529622
2026-05-09T21:45:29.843292,24F Retour,CITÃ‰ EL OUIFAK ,GARDE NATIONAL Z.I MGHIRA,15.33275348148453,storm,61.595799184637535,none,17.96616077863357,6,6,4,55.33103669465686,2.110821484178607
2026-05-09T21:45:29.843292,64,FOYER BARDO 2 ALLER,TERMINUS 64/30,31.53872061187424,clear,69.03256172337761,foire,15.927369144773081,6,5,7,48.94907040079706,2.656789438620813
2026-05-09T21:45:29.843292,31A Retour,CHOCO TOM,BOUCHOUCHA-RETOUR,53.630608743879264,clear,24.333552490698494,none,34.46382751696001,6,1,4,20.54325729105088,12.255653357284178
2026-05-09T21:45:29.843292,27,LYCÃ‰E RAOUE,TERMINUS RAOUED,38.41139078333307,clear,98.00736704307717,none,25.67256807840857,1,4,12,44.352190746407814,1.5501612351376224
2026-05-09T21:45:29.843292,514A,BIR MNIHLA,ROUTE ELBASATINE,23.257450110850534,clear,53.17301462801912,manifestation,36.66670965408519,4,1,18,62.11577466071853,0.8001064728227227
2026-05-09T21:45:29.843292,257 Retour,Depart,Arrivee,39.002177764904914,clear,79.73648618806891,festival,25.22058976260654,4,9,10,54.35090666371839,7.37843552502327
2026-05-09T21:45:29.843292,66 Retour,LYCÃ‰E TECHNIQUE TEBOURB,TERMINUS TEBOURBA,51.84694224049781,clear,26.801553332288503,none,31.37792258871889,5,3,4,5.0,2.317605874736607
2026-05-09T21:45:29.843292,80 Retour,ARRÃ‰T BAB HADI,LA FAYETTE ALLER,13.55883994318384,cloudy,36.12677347396309,manifestation,29.503611884874434,3,6,15,76.73565502166204,5.465254288844161
2026-05-09T21:45:29.844419,38B,CHEDLY ZOUITEN,CARREFOUR,55.28975838673173,clear,77.78823086264462,none,23.94639070874401,4,6,11,12.939359581888814,3.570977773372788
2026-05-09T21:45:29.844419,19G Retour,HAMMAM BELLEVUE,GORJANI ALLER,35.38419123175422,cloudy,66.71670121491152,match_sport,22.464265215586597,4,7,1,47.24810047281809,3.5687446172665673
2026-05-09T21:45:29.844419,23E,GHDIR ELGOLLAH-RETOUR,CITE ELWAHA-RETOUR,26.929298597078677,clear,42.31989486708374,none,26.54098019477295,0,6,1,10.636642367083821,1.1784285699524304
2026-05-09T21:45:29.844419,21 Retour,L'ANDORRE,OFFICE DE LA VIGNE,20.774281097149235,cloudy,16.04773882924418,festival,30.500433385199386,0,8,20,34.85341350416372,2.998390598445666
2026-05-09T21:45:29.844419,32 B,STADE MELLASSINE-RETOUR,JARDIN THAMEUR,30.867016758000002,rain,29.16455928691085,none,18.178449421700158,4,10,20,25.651308433536187,3.7028926490271736
2026-05-09T21:45:29.844419,32A,RABTA,MOSQUÃ‰E SIDI BECHI,56.17968152306637,cloudy,38.44914236045419,match_sport,8.708478497083885,4,10,16,43.01300972877791,2.038024329143642
2026-05-09T21:45:29.844419,72,BAIGNEUR,MOSQUÃ‰E AVENUE CHEBB,11.134342109122377,fog,71.7609952086803,none,34.20265277485177,3,4,20,49.575941165482064,0.834313951591227
2026-05-09T21:45:29.844419,31C/ Retour,PLACE SALA CENTRE,CHARGUIA 2,54.48568600621988,clear,16.780970581583567,congres,37.45712739966808,5,8,8,27.50658328965704,1.4127725350142697
2026-05-09T21:45:29.844419,24F,PROTECTION CIVILE,CITÃ‰ EL AMA,29.726960412121276,clear,41.31557752878932,none,28.856783322211307,1,1,1,17.488909994287287,2.32357440082866
2026-05-09T21:45:29.844419,45B,GOMERYEN,ROUTE CHAOUAT,37.54976416726271,clear,94.85249391906602,none,37.53602686047627,1,4,22,51.46779425448632,8.879020799198317
2026-05-09T21:45:29.844419,81B Retour,CITÃ‰ EL FAOUE,14-janv,35.45795646048294,cloudy,62.99942546826645,none,10.101786741043753,5,4,22,17.090777806395298,0.4087349653976087
2026-05-09T21:45:29.845422,65 Retour,Depart,Arrivee,10.915860360786253,clear,30.626671548807707,none,25.13950398613292,5,2,13,101.28767645356803,13.972104840003762
2026-05-09T21:45:29.845422,65 Retour,Depart,Arrivee,44.37912217038438,clear,31.699940291669666,none,38.469562798601004,6,6,15,32.83123913566203,13.373143777070682
2026-05-09T21:45:29.845422,6P,CITÃ‰ ELLI,HOPITAL MAHMOUDE EL MATRI 6P,32.05717996845382,clear,37.056873572350796,none,12.79926477284943,4,5,22,10.319475955017227,0.16549676403471292
2026-05-09T21:45:29.845422,98 Retour,DOUAR EL BEY,COOPÃ‰RATIVE CENTRA,40.415451405177976,clear,55.28842030674676,match_sport,36.081457361903134,0,5,7,64.25134490041937,1.4831799983331706
2026-05-09T21:45:29.845422,61,PRISON CIVILE MORNAGIAA,GUITOUNI-RETOUR,26.611388203314192,clear,64.25602721077158,holiday,23.775757731345017,5,10,7,40.1824584300158,1.7177291716459777
2026-05-09T21:45:29.845422,54D,CITÃ‰ EL FAOUE,CENTRE BEN AROUS,44.76647032262835,cloudy,33.318838484390014,none,39.69509351511221,3,1,10,31.049033659496228,5.6392716902265585
2026-05-09T21:45:29.845422,23F,KM30-ALLER,CAFE MEDINA 23/,48.4511619391324,cloudy,86.93005116660213,foire,26.559466254466685,0,1,10,66.2550421735001,13.733510938209161
2026-05-09T21:45:29.845422,70 Retour,Depart,Arrivee,12.220123280301518,rain,45.68278858510488,none,35.600633799254126,4,4,15,55.38997976453132,2.1662361635651495
2026-05-09T21:45:29.845422,24A,DISPENSAIRE,MHAMDIA CENTRE,22.831340195761392,cloudy,96.21212958011331,match_sport,27.328575890405702,2,6,3,58.26491672219828,1.1802387442774904
2026-05-09T21:45:29.845422,16B,NOUVELLE HAMMED,PARC MAYANA,41.75502687422633,fog,72.81784426059284,none,13.800265332156211,1,2,1,41.5868186867796,3.4962804593519934
2026-05-09T21:45:29.845422,61,BEN MAHMOUD-RETOUR,CANAL AGBA-RETOUR,25.210225906750185,cloudy,53.875205075825185,none,28.654138661871887,2,11,10,20.852831469719124,0.46886883126373036
2026-05-09T21:45:29.845422,26B Retour,DUBOSVILLE,BAB ALIOUA GP1,33.592148741880685,rain,47.336317282884075,none,8.646237538698653,1,3,16,33.09556854313126,0.9457352507974726
2026-05-09T21:45:29.846428,249 Retour,Depart,Arrivee,44.46371912308072,clear,52.1659044927842,festival,32.51066148177655,6,4,5,45.55356530005743,11.862060141221127
2026-05-09T21:45:29.846428,259 Retour,Depart,Arrivee,32.55839581441862,rain,23.574649389492578,none,11.519335544493348,4,5,6,23.31292693579232,3.702169875802496
2026-05-09T21:45:29.846428,95,CAFÃ‰ HAMME,TERMINUS 56 72,44.79318082993496,clear,42.86952596205868,none,24.098257118583465,3,7,20,14.554145462679893,2.919159540640655
2026-05-09T21:45:29.846428,18,PHARMACIE DE NUIT,RUE IRAQ,13.84247309306171,clear,70.29337079451908,none,20.279109591022543,5,4,15,27.72483668081038,1.7754866529985716
2026-05-09T21:45:29.846428,84,LYCÃ‰E SECONDAIRE MHAMDI,CITÃ‰ TRABELS,16.761991399236127,cloudy,40.84663722299613,none,28.46299006374732,1,5,21,20.47639231381097,0.5768332624314585
2026-05-09T21:45:29.846428,17A Retour,CASINO RADÃ‰,PTT RADES,43.474928827534725,clear,51.928455601690786,none,13.964973250179554,4,10,22,26.749879958579207,2.4856555662099957
2026-05-09T21:45:29.846428,69,CIMETIERE JALLEZ,CITÃ‰ HELLA,39.15032415022756,clear,78.88889950702945,festival,36.906912438617425,1,6,13,58.68020440398201,2.9108686922045477
2026-05-09T21:45:29.846428,84 Retour,GARDE NATIONAL FOUCHANA,IMMEUBLE CHEFIA,12.858982726513325,cloudy,61.21419174043068,none,24.432706461199473,5,1,13,98.35096464820346,14.082520712467357
2026-05-09T21:45:29.846428,43 B,MINISTÃ‰RE DU TOURISM,CHARLE NICOLE-ALLER,33.415047379997915,rain,40.81435894082695,none,39.51571009103497,1,8,13,51.92690149338259,5.28517429229212
2026-05-09T21:45:29.846428,20B,CENTRE DE FORMATION GAMMARTH,TERMINUS 20B,23.684775798317446,clear,83.73868861122682,festival,39.41150167462446,5,9,16,37.061506692727974,0.9427062162805697
2026-05-09T21:45:29.846428,74G Retour,FACULTE 9 AVRIL ALLER,TELECOM,45.507094128126404,rain,94.45285136712334,none,30.55309739032726,1,1,14,51.246247429348024,0.5929537897376811
2026-05-09T21:45:29.846428,72 Retour,GARE ROUTIÃ‰RE NORD RETOU,SIDI BECHIR-RETOUR,22.373386475066873,cloudy,33.18209042481995,none,22.128598288347682,5,2,7,29.160755702054814,3.3365864241512906
2026-05-09T21:45:29.846428,19C/ Retour,MOSQUÃ‰E MEDINA JEDID,CENTRE DE FORMATION SNT,17.948254701131532,clear,27.638085024250092,none,33.15569432970024,3,8,3,19.420076309079114,2.105457903318767
2026-05-09T21:45:29.847426,26B,MOSQUÃ‰E MEDINA JEDID,PLACE 14 JANVIER (BOUMHEL),48.387404577321696,cloudy,60.36534481190805,none,16.996896451645753,3,10,6,45.20619691480684,18.118840277468184
2026-05-09T21:45:29.847426,54B Retour,BRULÃ‰,CROISEMENT MOUROUJ 2,14.387802788499807,clear,79.19809862427756,festival,9.466677899158771,5,12,20,41.249830776449876,0.8998349017638905
2026-05-09T21:45:29.847426,79 Retour,Depart,Arrivee,28.935317878268865,rain,92.15728209679486,none,25.374398014339608,3,2,21,49.8856202705244,7.077069518756874
2026-05-09T21:45:29.847426,37,LYCÃ‰E EZZAHRA (SECTION,CENTRE HAMMAM LIF,30.060741385566445,rain,78.72439232466957,none,10.832609682018163,3,11,10,36.437982949127075,1.9660161831952934
2026-05-09T21:45:29.847426,31C/,KIOSQUE AGILE,CHORFECH 1,24.63947150767222,clear,33.78338900646901,manifestation,28.449039921494318,6,9,8,71.6194064763324,10.507460482406081
2026-05-09T21:45:29.847426,23/ Retour,AALOUINE1,CAFE MEDINA 23/,58.48799856294257,clear,91.41745844034544,none,25.44970247570424,2,11,22,30.04729091978544,3.3680674027841455
2026-05-09T21:45:29.847426,54B,JARDIN D'ENFANTS MOUROUJ 5,IMMEUBLE OASIS,32.89068250423125,clear,61.98921964594063,none,8.555069659318974,2,2,12,38.40597045270584,3.392079685124715
2026-05-09T21:45:29.847940,61,HUILERIE LOUKIL-RETOUR,RABATTEMENT SLIMEN KAHIA,31.139117028280197,clear,82.87272433545289,congres,19.598824327357644,2,6,19,61.48346004745738,7.704039931260812
2026-05-09T21:45:29.847940,24F,FERME LOUKIL,AMEN BANQUE,43.53672466538413,clear,94.21776743243814,none,12.107916753042133,5,4,4,26.926773370116702,1.4203109168924506
2026-05-09T21:45:29.847940,247 Retour,Depart,Arrivee,51.91271829083693,fog,38.56745203447467,none,10.362516550204237,3,3,10,32.90193586885748,6.7312237769943355
2026-05-09T21:45:29.847940,31B Retour,BOUDREYA,CHAMP DE COURSE KSAR SAID ALLER,28.758819915655124,clear,46.63764755338464,festival,19.396453184478982,4,10,9,48.54501718393288,2.3530854744158916
2026-05-09T21:45:29.847940,38B,SONED,FACULTÃ‰ DES SCIENCES DE TUNI,32.456984422969555,cloudy,76.788333330242,festival,36.501715059375066,0,9,22,55.43663670695947,1.405338662873521
2026-05-09T21:45:29.847940,10C,STATION BARCELONE,SNTRI,26.291779742249947,rain,91.03384201128392,none,28.015898787734532,2,9,14,53.77342498346856,5.458039125082339
2026-05-09T21:45:29.847940,514A,CENTRE IKRAM,ENNASER 2 X20,53.837493156581516,clear,59.27395898345242,none,21.898843252745337,1,1,17,28.20349038643672,0.8741755089316792
2026-05-09T21:45:29.847940,29,STATION BARCELONE,CAFÃ‰ EL QUOD,11.081966247258187,clear,78.15750358013878,none,33.047542731526136,1,1,3,48.301660824742996,2.3365446939111543
2026-05-09T21:45:29.847940,71,SONOBOIS,MOSQUÃ‰E SIDI BECHI,21.351591714113432,cloudy,67.98593408750008,none,39.239400214431186,0,1,1,51.956627652121455,9.448705676240234
2026-05-09T21:45:29.847940,31A Retour,DAR AMMAR,GARDE NATIONAL MBARKA,23.418918263857385,clear,16.8943254682339,festival,20.597229249780504,3,11,22,66.81081218784044,18.698592897063698
2026-05-09T21:45:29.847940,31C/,MAKFOUFINE 1,MREZGEYA,21.38433129647992,cloudy,11.092371248368046,none,28.614575418902152,5,6,11,7.2297557022848284,2.3524823283482554
2026-05-09T21:45:29.847940,33A/,OFFICE DE L'HUILE-ALLER,AVENUE MADRID,36.6570131805323,clear,70.63665168192003,none,39.583842478539935,5,1,2,99.96217227579379,46.50165358931601
2026-05-09T21:45:29.847940,18,GOLFE DE CARTHAGE,CLUB DE GARDE NATIONAL,20.715017469236727,rain,23.280187597960797,none,33.29939834579439,4,9,14,27.415468821628355,2.2872308906326513
2026-05-09T21:45:29.848938,83 Retour,Depart,Arrivee,20.889550000618964,cloudy,73.65647851673819,foire,30.8212566002349,2,6,8,81.71884447520124,10.177814763842882
2026-05-09T21:45:29.848938,24E,GARDE NATIONAL FOUCHANA,CITÃ‰ ESSAADA (MHAMDIA,33.32964367178097,fog,23.46378905328025,manifestation,17.32168987856481,1,4,9,66.90058335608653,3.1162882336257454
2026-05-09T21:45:29.848938,24H Retour,DISPENSAIRE,RABATTEMENT MOUROUJ 2,34.39267511831561,clear,20.521282805204354,none,33.4197247495115,6,12,6,14.495195059757526,7.256086766532536
2026-05-09T21:45:29.848938,3710,SNA,FOYER HAMMAM CHATT,52.76151816720344,clear,57.887251361460734,none,11.97375215454462,4,8,9,31.880796100246286,2.9753009524904073
2026-05-09T21:45:29.848938,18B,PLACE SALA CENTRE,SIDI SALAH,16.51825120884455,clear,81.20437183810614,none,22.252834489200293,3,12,6,48.90226197643791,6.228253763712901
2026-05-09T21:45:29.848938,54,COLLÃ‰GE MOUROUJ ,SOCIÃ‰TÃ‰ NO,13.446635106204454,rain,35.6903008479879,none,39.33158943183368,4,9,22,55.609827355366065,4.462717947353268
2026-05-09T21:45:29.848938,635A,FOIRE LA CHARGUIA,DEPOT CHARGUIA,11.749942063199283,cloudy,12.062941583467325,manifestation,13.044353146655379,5,4,11,42.6555045154614,0.4837242437348923
2026-05-09T21:45:29.848938,19G,COLLÃ‰GE YASMINE,CIMETIÃ‰RE SIDI MOSBE,57.96645541169336,fog,11.009880097971626,none,39.80064135501961,0,10,7,34.750698723996855,0.6321724684251926
2026-05-09T21:45:29.848938,64,CITE ETAHRIR AOUINA,CITE KSAIR SAID,21.406120166016407,fog,73.25620364591643,match_sport,20.065163461896088,6,9,11,46.96962080507226,0.4909730014035425
2026-05-09T21:45:29.848938,74G,LYCÃ‰E 2 MARS EL OUARDIA L(G,MOUROUJ 5,58.54701418364758,clear,64.9876282116293,marathon,33.30844618195048,1,10,20,59.21314456502302,9.457564539894111
2026-05-09T21:45:29.848938,54,14-janv,2Ã‰ME ARRÃ‰T IBN JAZZ,29.373994675864846,cloudy,53.991886783711685,none,20.398131755367512,0,6,22,42.3998161193056,11.103604758280763
2026-05-09T21:45:29.848938,62,CROISEMENT RIADH ANDALOUS,CITE EL BOKRI,26.522367699918046,cloudy,92.7349490064459,none,30.57931332365893,3,7,19,57.596564603700976,7.0306454895855115
2026-05-09T21:45:29.848938,6 Retour,FOYER ARIANA,10 DECEMBRE,52.81220208458102,storm,71.95684028101368,none,38.035210105431275,0,8,9,68.70863917126209,2.344586588420869
2026-05-09T21:45:29.849942,19G Retour,BELLEVUE,TELECOM,19.306607718404976,clear,80.03130951578696,marathon,31.182733544045178,0,6,10,68.1502697307848,4.440176599053601
2026-05-09T21:45:29.849942,71,MOSQUÃ‰E SIDI BECHI,BAB ALIOUA,10.32447606934986,storm,42.754499506363864,manifestation,25.11893458129294,4,12,3,89.60703381046149,1.6247494153463613
2026-05-09T21:45:29.849942,260 Retour,Depart,Arrivee,45.491353745993806,cloudy,56.3097782200402,none,28.98716635436397,3,5,8,38.58428211540902,3.8760794974055908
2026-05-09T21:45:29.849942,21B,ALLALGA 2,ERRISSALA,59.589903502288315,clear,72.75830862670564,none,23.645955740041956,2,1,22,21.79757143277888,4.132506432558923
2026-05-09T21:45:29.849942,36,MUTUELLE VILLE ALLER,PLACE DES DROITS DE L'HOMME RETOUR,45.27244338531685,rain,31.81798855054665,none,20.618905379018337,2,1,0,28.344578484008295,3.3442759281563452
2026-05-09T21:45:29.849942,19C,MÃ‰DINA JEDID,MOSQUÃ‰E MEDINA JEDID,54.83756823065323,fog,91.69528088164084,none,15.021300433820922,6,9,20,30.888024110092022,0.4009571058662953
2026-05-09T21:45:29.849942,20B,CARREFOUR TUNIS,TERMINUS 20B,35.74912018479029,clear,23.87404446628073,none,35.96503164112534,4,3,14,31.52444400783208,5.830162046811608
2026-05-09T21:45:29.849942,88,MUNICIPALITE BARDO,CANAL AGBA-RETOUR,43.008632082347845,rain,77.61765660869588,congres,20.74420509302437,1,9,4,55.37655032893414,8.164958736647131
2026-05-09T21:45:29.849942,88 Retour,Depart,Arrivee,15.53715600955928,clear,28.709924973683002,none,11.558930400070892,3,11,22,17.66244875981775,1.9165009300670441
2026-05-09T21:45:29.849942,54C  Retour,CENTRE DE FORMATION SNT,CELLULOSE (SILOS),52.14862010242816,cloudy,28.137430262641818,none,38.931679752454855,4,2,9,40.34989227765255,2.765427396059909
2026-05-09T21:45:29.849942,79,SOUK MELLASSINE-ALLER,BAB MNARA-RETOUR,41.94728109276963,clear,98.86100501360036,festival,29.039146726132028,0,6,5,63.83454190259763,13.342943994424578
2026-05-09T21:45:29.849942,96 Retour,GOBAA TERMINUS 96,CITÃ‰ SNIT MANOUB,59.99624134165882,clear,48.52835889624494,manifestation,33.77609956031563,2,5,20,43.23775065544825,0.5329217434186563
2026-05-09T21:45:29.849942,26,TOUATI,EZZAOUIA MORNAG,54.188872910429325,clear,48.55152554318356,none,39.28369176076011,4,12,4,23.727516364062847,1.7968613328187448
2026-05-09T21:45:29.850948,4G,LYCEE KHAZNADAR,KHAZNADAR-ALLER,47.625933028518105,clear,48.62897015875298,marathon,17.23066721338011,6,3,16,36.0622468319109,0.3217064040501638
2026-05-09T21:45:29.850948,18C Retour,FOYER ARIANA,LA POSTE,42.00657076954611,clear,46.12307371454432,none,32.600223249004,6,11,6,9.318890297701785,0.707683976242599
2026-05-09T21:45:29.850948,59 Retour,Depart,Arrivee,59.15811449557042,clear,43.873356456844085,none,11.507999562560073,1,9,7,38.593212614064605,10.728419201301922
2026-05-09T21:45:29.850948,247 Retour,Depart,Arrivee,35.8512931109405,clear,66.00622382538774,none,37.941499618615225,2,9,19,47.35983121460029,3.768746786645258
2026-05-09T21:45:29.850948,33C,MECHTEL,ECOLE ZOUHOUR4-ALLER,26.033236311142495,rain,10.852761813552688,none,32.310773130846954,4,11,6,29.477281909221812,5.818946192351989
2026-05-09T21:45:29.850948,22A,DUBOSVILLE,AVENUE DE LA GARE,18.86180988861767,cloudy,57.741670003673384,none,17.12843718212905,1,11,15,24.84872944614988,1.2537604753406484
2026-05-09T21:45:29.850948,65 Retour,Depart,Arrivee,24.934199190706714,clear,46.8168431109486,none,14.753788456539219,0,6,2,18.02613213010565,1.6201360339578936
2026-05-09T21:45:29.850948,3AG Retour,HOPITAL DES ENFANTS,CHARLE NICOLE-RETOUR,21.635410019443576,clear,81.37996075253987,none,24.4454781728461,4,1,19,39.088968274619106,0.6315452629738196
2026-05-09T21:45:29.850948,38B,SONED,FACULTÃ‰ DE DROI,45.35169440169182,clear,89.26784542510465,none,35.42669369005537,6,4,6,33.14134751054921,1.093370918020593
2026-05-09T21:45:29.850948,49 Retour,Depart,Arrivee,38.728345183002375,clear,46.48080913959583,none,19.493554812120195,2,10,22,22.4790500082548,8.087524282962576
2026-05-09T21:45:29.850948,20,PLACE DES DROITS DE L'HOMME,SIDI DAOUED (N9),27.434064449248332,clear,58.600140680384676,festival,29.724956624885223,0,4,20,59.05974487705529,13.136604547389167
2026-05-09T21:45:29.850948,54 Retour,SNTRI,CITÃ‰ AF,32.840816310315994,rain,38.17748524162168,none,37.1032674677725,3,9,2,41.076080105216754,7.352881910878378
2026-05-09T21:45:29.850948,27,ORANGE,TERMINUS RAOUED,15.350533630221044,clear,59.66110572215461,none,12.359288906190368,5,11,6,59.721346898901736,8.908357221997736
2026-05-09T21:45:29.850948,14C Retour,FOYER BARDO 2 RETOUR,ALI BALAHOUAN,37.538286318607646,clear,43.40077220968588,none,15.246739320257756,6,9,23,15.698005692268303,3.734856056345242
2026-05-09T21:45:29.851949,85 Retour,ENTRÃ‰E FOUCHAN,GARTEX-ALLER,15.636864409834814,cloudy,75.95604431091472,none,31.088450059053265,6,11,8,39.616260041539945,0.9962921922939856
2026-05-09T21:45:29.851949,90,CAFE BOUTOFFAHA-RETOUR,RABATTEMENT SLIMEN KAHIA,22.8053545800313,fog,59.36260790578566,none,37.92278046870615,2,2,2,41.41349962005708,0.2490976383104231
2026-05-09T21:45:29.851949,87,MOSQUE ZAHROUNI-RETOUR,KHAZNADAR-RETOUR,18.906629849834992,cloudy,12.463362292033182,festival,38.73399372603382,0,6,15,36.130672966319935,2.6013279797346236
2026-05-09T21:45:29.851949,24E,FERME HAJJAJ,TERMINUS SIDI FREDJ,46.619752292862785,clear,69.78330794261238,marathon,31.24988119117638,5,1,17,59.48728539113322,1.310028722230422
2026-05-09T21:45:29.851949,60G Retour,LA CAGNA (SECTION),TRIBUNAL TAAKIB,50.64116973344976,cloudy,78.45831456202231,none,13.426752026262829,1,4,3,32.99395658582429,4.496738629456717
2026-05-09T21:45:29.851949,82,COMPTOIR SFAXIEN,PONT AUTOROUTE SUD,50.127415169728984,cloudy,91.14270635888765,none,38.12562149817215,3,5,18,61.91074437651854,3.8720950640850695
2026-05-09T21:45:29.851949,26C Retour,SONED,CITÃ‰ THAMEU,24.919546093494034,clear,12.934159484630278,none,24.976195202865377,5,1,12,7.387594021378307,0.15452042772838936
2026-05-09T21:45:29.851949,45,ENTREE CHOUIGUI,TERMINUS CHOUIGUI,22.61457946306604,clear,22.488396884696215,none,17.598184218041325,3,3,12,15.69706342772213,0.5350076714366008
2026-05-09T21:45:29.851949,47A,CITE ENNASR 1,EL MENZAH 6,38.18588397738089,clear,81.99021738419353,foire,35.98222042259711,2,6,5,55.40275153325051,1.8495139106869427
2026-05-09T21:45:29.851949,27,JAAFER ESSEBELLE,BUREAU DE POSTE RAOUED,32.96731856636707,fog,25.10910109745617,none,10.346126467864494,0,3,19,42.29723210708441,5.896429642423411
2026-05-09T21:45:29.851949,26B Retour,CENTRE DE FORMATION SNT,SIEFCOL,34.67584933623861,clear,21.970361888889208,none,18.97374750074187,5,8,18,17.787028457054564,0.24438993253177088
2026-05-09T21:45:29.851949,31C/,GEANT,SANAD,46.93879406037573,cloudy,48.48647245186497,none,24.965592632547942,2,12,8,38.833588478152805,4.970590064968025
2026-05-09T21:45:29.851949,32A,TERMINUS 33B/32A/533,BAB MNARA-RETOUR,41.28847075409794,clear,31.928859965234352,congres,22.776745737961324,3,4,20,35.55490684589168,9.4494623052437
2026-05-09T21:45:29.852948,527,BANQUE DE L'HABITAT,ECOLE ABU EL KACEM ECHEBI,30.409654090870898,clear,61.81750751682795,manifestation,32.9168688343971,4,3,23,68.16955919202124,10.607146762200166
2026-05-09T21:45:29.852948,21A Retour,MINOTERIE,GARDE NATIONAL MORNAG,17.72860757373838,rain,39.64485897879368,none,9.2522321434835,3,10,11,54.53009854129105,8.686002068174954
2026-05-09T21:45:29.852948,96,RABATTEMENT KHAIREDDINE MANNOUBA,CITÃ‰ SNIT MANOUB,30.316373652336267,clear,43.38310825981585,none,16.070988584587905,3,3,18,30.32220704206134,0.22039162944046367
2026-05-09T21:45:29.852948,73 Retour,Depart,Arrivee,24.085823766660543,clear,22.26495743823851,none,37.94322716986925,5,5,12,48.96743631647735,14.27542350011456
2026-05-09T21:45:29.852948,77 Retour,CARRIÃ‰RE NAHL,CITÃ‰ EL GHAZEL,50.51515686667354,rain,53.59829237509591,none,9.90541241607988,6,2,12,26.089889792173988,1.7226576318152311
2026-05-09T21:45:29.852948,50 Retour,Depart,Arrivee,23.236474799947946,clear,63.994986226402354,none,26.694995881369714,5,12,15,44.78861178025174,10.810246325085712
2026-05-09T21:45:29.852948,18B Retour,HAMADI ABID,LYCÃ‰E KHEREDINN,26.14161947182345,clear,65.35427037123648,manifestation,19.293532578979253,0,1,22,59.83850633624814,3.889668825052679
2026-05-09T21:45:29.852948,249 Retour,Depart,Arrivee,59.00002077996657,clear,76.97674965084339,none,27.472394960811094,4,2,14,45.584300926559855,12.518416434552911
2026-05-09T21:45:29.852948,527 Retour,MAGAZIN AZIZA,TUNISIE TÃ‰LÃ‰COM EL GHAZE,45.85934448626357,cloudy,91.44791936035132,none,8.010565096303246,5,5,1,26.39619391202594,0.1492198590655751
2026-05-09T21:45:29.852948,66,LYCÃ‰E EDKHIL,TERMINUS EDKHILA,52.848441766448325,cloudy,70.62700193546146,none,22.633416940661874,0,9,0,21.959691634682198,0.7973876409023362
2026-05-09T21:45:29.852948,91,MUNICIPALITE MANNOUBA-RETOUR,HEDI CHAKER MANOUBA RETOUR,11.871598872653507,rain,19.54339804257323,none,26.280220852172093,0,3,5,32.458638632044824,0.22623044793862768
2026-05-09T21:45:29.852948,714,CENTRE DE FORMATION SNT,GOUVERNORAT DE BEN AROUS,22.78661633867747,clear,96.40602848616733,none,21.720368246512127,3,1,3,33.45923917133502,1.666251322278348
2026-05-09T21:45:29.852948,6P Retour,MONOPRIX AVENUE DE LA LIBERTï¿½,JARDIN THAMEUR,29.363090613659445,clear,12.759354113517759,none,25.984468945376772,5,5,3,9.403421912432695,1.1074883030962042
2026-05-09T21:45:29.853948,93,RABATTEMENT KHAIREDDINE MANNOUBA,TERMINUS 16A 93,17.58533077519492,cloudy,78.79895761331728,match_sport,24.820221267184127,1,1,15,53.740034523265905,2.433041576483721
2026-05-09T21:45:29.853948,21B Retour,TARHOUNA,CROISEMENT AHMED ZAIED,28.044245624715348,rain,43.84780415520418,manifestation,38.894065924056775,4,9,17,93.384757865096,8.735616062273067
2026-05-09T21:45:29.853948,46,CITÃ‰ ELBJAOU,EWLED BELAID,26.236011411157126,clear,17.642830512089276,none,36.22673532389019,2,11,4,30.39842830823768,7.197352695994676
2026-05-09T21:45:29.853948,714,CENTRE DE FORMATION SNT,MEDINA JADIDA 1,13.490815074278098,cloudy,32.30880150915557,none,39.70320176792336,6,5,15,33.094848428241185,2.3531635907418016
2026-05-09T21:45:29.853948,20A Retour,DAH DAH,PLACE DES DROITS DE L'HOMME,39.76597728914475,cloudy,45.3643574525026,marathon,39.35370121933294,2,11,12,72.15914660922571,5.322180852967529
2026-05-09T21:45:29.853948,21A,LYCÃ‰E MORNA,JEBEL RASSAS,39.712678359995934,cloudy,20.48935270901986,none,13.389251417764513,6,8,20,28.204986461354665,12.989281340980876
2026-05-09T21:45:29.853948,20 Retour,STADE RAJET HAIDER,CHTIOUI,29.898018822255743,clear,40.411128319755676,holiday,34.41326200236195,4,5,19,45.36765157957927,3.3195055402343576
2026-05-09T21:45:29.854467,24A,OUDHNA VILLAGE,OUEDHNA (TERMINUS),21.703124628603746,rain,71.15966760566664,none,20.063802534734556,6,4,23,35.256751972980716,1.9122076141584134
2026-05-09T21:45:29.854467,60 Retour,LYCÃ‰E OUARDI,CIMETIERE JALLEZ,32.06837801598948,cloudy,93.72288879865505,marathon,9.822491753461797,2,11,13,88.36530538314886,1.1734241195705435
2026-05-09T21:45:29.854467,37,FOYER HAMMAM CHATT,BORJ CEDRIA VILLAGE,31.14116814449605,storm,47.028751874841696,none,22.224286786217732,5,10,14,46.26899316236337,3.38338472055403
2026-05-09T21:45:29.854467,6B Retour,MOSQUÃ‰E ARIANA EL JADID,10 DECEMBRE,58.316671690282185,clear,26.767865575220522,foire,30.58200468647624,2,11,14,35.29460583832021,1.2424731034529786
2026-05-09T21:45:29.854467,20 Retour,MARSA VILLE,CHTIOUI,31.63357669588471,rain,59.857484912751445,none,18.458244230406695,6,10,11,34.288555483385714,4.3986658578476465
2026-05-09T21:45:29.854467,45,FRIGO,TERMINUS CHOUIGUI,30.92169800386474,rain,58.48301674822471,none,16.549904549461935,1,9,5,31.291628609132008,2.365695928172685
2026-05-09T21:45:29.854467,51A Retour,SHELL MENZEH 7,PLACE PASTEUR,38.76850324128584,clear,60.74357325176539,none,35.39678632307013,1,12,19,50.78839215503258,5.590396284034918
2026-05-09T21:45:29.854467,20A,BANQUE DE L'HABITAT,LAC PALACE,25.61159198103676,fog,70.39112273603831,none,25.900867708743707,5,5,8,53.77383714866744,5.201575662958943
2026-05-09T21:45:29.854467,96 Retour,GOBAA TERMINUS 96,RABATTEMENT KHAIREDDINE MANNOUBA,59.70309916915552,cloudy,73.90998027155918,none,28.215557658349148,4,7,10,21.162315058217917,0.7533133728591199
2026-05-09T21:45:29.854467,262 Retour,Depart,Arrivee,59.75910603124694,clear,94.28017805305815,none,30.057090616030873,0,5,8,47.873710777644675,8.634447421290382
2026-05-09T21:45:29.854467,714,SOFOMECA,CITE OLYMPIQUE RADES,31.40238959710373,clear,68.09805917921338,none,30.9331973802783,6,5,8,37.800979046691545,5.528837983813402
2026-05-09T21:45:29.854467,49 Retour,Depart,Arrivee,18.976962609979637,clear,40.82711566300863,congres,15.7542474038632,1,12,2,38.20182985353126,3.1274753622950118
2026-05-09T21:45:29.854467,23/ Retour,PRISON CIVILE BORJ AMRI 23D-23/,POULAILLER MENZEL HBIB 23D-23/,26.689342737296702,rain,36.23106442360336,none,30.601242049248235,1,12,3,23.130994468171362,0.9959329132020425
2026-05-09T21:45:29.854467,635 Retour,DEPOT CHARGUIA,TERMINUS TUNIS MARINE BUS,25.138679617834622,clear,58.831318306726104,none,20.48362282988586,2,10,16,33.61076815247528,4.49974361462232
2026-05-09T21:45:29.855475,44B Retour,KIOSQUE,MNIHLA,14.844608058208404,clear,14.647761750048097,holiday,31.569830495035024,2,9,7,38.9085627141193,1.175259722146393
2026-05-09T21:45:29.855475,24H,TAIEB MHIRI 1,TERMINUS TAIEB MHIRI,42.92127720985576,cloudy,47.22551644144552,none,26.06668986802847,4,10,18,37.97176290768039,0.4823506168378362
2026-05-09T21:45:29.855475,26B,GARE DJEBEL JELLOUD,CITÃ‰ ECHIKH ,46.732724892653195,fog,66.60895485019171,match_sport,13.492320557291936,4,11,23,91.75852261074246,28.32891702603486
2026-05-09T21:45:29.855475,52 Retour,LAHWECHE,TEMINUS CITÃ‰ RIAD,50.405517330717174,clear,26.272957153387175,none,39.76918458443477,2,4,1,17.5711714652059,1.4165558684925301
2026-05-09T21:45:29.855475,23E,GARDE NATIONAL AGBA-RETOUR,ABDELMOULA-RETOUR,26.01809852461531,clear,83.17460864289774,manifestation,16.275800681935237,3,10,16,59.75210992531757,1.0399395875693642
2026-05-09T21:45:29.855475,62 Retour,CITE EL BOKRI,USINE DE CARRELAGE,30.774104334980166,cloudy,44.72698390495625,none,28.303362341551367,6,6,2,21.3548717221039,6.077882322201988
2026-05-09T21:45:29.855475,80,MAGRO,USINE DE CARRELAGE,28.428834691906882,clear,66.58159000821443,foire,9.157913521053604,5,5,16,39.90554076557822,2.9502040108350354
2026-05-09T21:45:29.855475,26A Retour,CNSS,STATION BARCELONE,55.53388699591523,storm,79.59350368719898,marathon,15.504987903528775,2,4,22,86.60454846577589,5.551771541678431
2026-05-09T21:45:29.855475,25C,CITÃ‰ BELLIL,DUBOSVILLE,11.145502994557967,clear,60.21930834041072,foire,11.264956628527692,3,2,21,100.84705236921441,9.728596138854451
2026-05-09T21:45:29.855475,82,MEDINA JADIDA 1,BOULANGERIE ELALLGUA,47.348730234338525,clear,57.006052598005475,none,8.513164800980665,6,1,9,29.618573119253302,4.861107071521488
2026-05-09T21:45:29.855475,27C,AICHOUCHA,EJLAME,35.32993480917297,fog,49.058141606844835,none,37.313557638644596,6,10,9,51.96271155016821,4.02921690421301
2026-05-09T21:45:29.855475,26 Retour,BAB ALIOUA GP1,STATION BARCELONE,27.932279920076237,cloudy,95.17436627392485,none,35.9057098041438,5,3,15,32.591273943748966,1.0436155553811073
2026-05-09T21:45:29.855475,20A,JARDIN THAMEUR,DAH DAH,28.923752536368575,fog,28.546322717856054,none,8.804932154339621,4,9,10,43.11231008775858,6.075324806289302
2026-05-09T21:45:29.855475,4A,RUE INB RACHIK RETOUR,20 MARS RETOUR,32.84177151564454,clear,57.10136449772369,festival,25.70696879405338,3,11,10,41.02230126566529,4.797691681485363
2026-05-09T21:45:29.856474,86 Retour,FERME LOUKIL,CROISEMENT MOUROUJ 2 L24,39.48777088946626,clear,86.04545262094925,none,13.195815184844577,3,5,21,26.46477012104557,0.785178451528386
2026-05-09T21:45:29.856474,81B Retour,CITÃ‰ EL FAOUE,CENTRE CHALLAKH EL MOUROUJ 4,31.519630900803772,clear,89.13938491142413,marathon,15.638044205801524,5,8,17,65.37556376740464,0.7910213281357186
2026-05-09T21:45:29.856474,32 B,RABTA,CHARLE NICOLE-RETOUR,26.117754670308816,cloudy,73.7336518966541,match_sport,26.045582653470824,5,1,4,42.11926699501754,0.6818495049651929
2026-05-09T21:45:29.856474,27 Retour,SIDI AMOR,10 DECEMBRE,30.524846656144486,clear,90.3133333585776,none,10.046652698212466,0,12,10,47.22988641541639,11.109324578876228
2026-05-09T21:45:29.856474,20C Retour,SIDI DAOUED,CHARGUIA,45.77254818245619,rain,33.39248264719512,none,29.156936631010975,5,7,9,39.08236720735765,9.499612981903265
2026-05-09T21:45:29.856474,46B,MAHFOURA 1,SICLOU,26.342334856535786,clear,16.16016294361477,none,13.248695828120425,2,6,18,24.04527171490354,2.111506814511756
2026-05-09T21:45:29.856474,27C,EJLAME,GUICHET GÃ‰AN,35.10800279114075,cloudy,24.05484630888119,foire,28.59624952160113,3,3,9,51.28219441423526,4.0046371566349315
2026-05-09T21:45:29.856474,11,BAB MNARA-RETOUR,TERMINUS TUNIS MARINE BUS,26.645042309344,rain,88.7286271403315,none,24.785410101281162,6,12,15,34.14055745390461,2.8242389101248833
2026-05-09T21:45:29.856474,116 Retour,CITE ERRAOUDHA RETOUR,GORJANI RETOUR,24.248413878865577,clear,83.4059593936348,none,10.630450863421878,2,11,21,33.719589671342234,2.550724508779737
2026-05-09T21:45:29.856474,25A,PTT NAASSEN,COLLÃ‰GE MOUROUJ ,11.965974383423664,clear,44.40303231907642,none,38.92084006071667,2,12,3,49.17329932479071,3.6491822804382217
2026-05-09T21:45:29.856474,66 Retour,CROISEMENT MATEUR,E.P TEBOURBA,18.283158373820637,clear,38.470051826969694,none,21.84512344610294,4,9,2,54.92154288920154,12.619090997951282
2026-05-09T21:45:29.856474,32,TERMINUS ZAHROUNI ( L : 32+65+515B+515A ),STADE MELLASSINE-RETOUR,50.04132882209386,clear,15.656561043205157,marathon,25.43410839846306,1,1,10,38.14636165599192,4.537402330576409
2026-05-09T21:45:29.856474,39 Retour,NOUBOU,ELOULIJA,38.78694662463403,clear,52.392617569393906,none,27.932036768659316,6,6,14,20.9345702337282,0.8897712661334203
2026-05-09T21:45:29.856474,5C,10 DECEMBRE,MENTAZEH MENZEH7,11.865027393073909,clear,34.71145755847674,none,38.783443840010875,3,6,21,38.341947157161684,1.7872559322587422
2026-05-09T21:45:29.857474,14CG Retour,OMRANE SUPÃ‰RIEUR RETOU,FOYER BARDO 1 ALLER,41.55871020045035,clear,24.485993871105624,none,29.17045569836987,6,7,11,5.0,3.534992546060514
2026-05-09T21:45:29.857474,94  Retour,Depart,Arrivee,31.207544002913327,clear,39.46002631748468,greve_transport,19.781376008195014,0,7,9,100.1112286373183,7.874627504813282
2026-05-09T21:45:29.857474,72 Retour,HOPITAL DES ENFANTS,CASERNE OUED ELIL 1,29.15191752091309,clear,96.7318449360986,congres,18.75550867905932,0,11,7,85.20625156385287,13.503797718641707
2026-05-09T21:45:29.857474,24H Retour,CITÃ‰ ZITOU,LE SOUK DES VOITURES,32.55730215568802,clear,76.41877440476455,foire,9.34201645768215,1,6,13,67.64541621123264,5.572384921629048
2026-05-09T21:45:29.857474,53 Retour,Depart,Arrivee,54.7933469578934,cloudy,19.50785639832177,greve_transport,31.390774661155714,6,9,8,76.10778577784694,8.339276530366039
2026-05-09T21:45:29.857474,18C Retour,MONGI SLIM,10 DECEMBRE,50.89370317952363,clear,86.38018080568388,none,16.668353760843992,6,1,5,30.86303182414504,11.994107636456043
2026-05-09T21:45:29.857474,259 Retour,Depart,Arrivee,57.59038008945829,storm,68.80552589375547,none,27.453441870876155,2,3,23,53.16255267637145,10.870297632956023
2026-05-09T21:45:29.857993,21A Retour,ERRIAHI,MAALLAH,58.169668918492455,clear,59.651160737737555,none,39.95673231789506,1,7,10,26.14612821162728,3.5200833909476152
2026-05-09T21:45:29.857993,66B,ROUTE CHOUIGUI,ELMELEHA,36.29464842894999,clear,14.28511405847393,none,18.74733810754663,3,9,12,42.78153123156917,16.525129985256562
2026-05-09T21:45:29.857993,17A,KOCHBATI,NORD GAZ,22.797683262496513,clear,41.482787381847494,none,12.544058201740736,0,6,23,17.126154740018602,0.4066497939787581
2026-05-09T21:45:29.857993,20C Retour,THEATRE DE CARTHAGE,MOHAMED V,28.063086453519745,clear,95.83924565915444,none,33.243843514178565,1,4,0,66.40486528113784,16.13334082070529
2026-05-09T21:45:29.857993,24D,CITÃ‰ EL OUIFAK (GN,CHEBEDDA,34.917594565523025,storm,95.24048529127406,none,12.498532117218634,0,7,15,59.088259411686025,4.07349108972915
2026-05-09T21:45:29.857993,44C Retour,SANHEJI,MNIHLA,40.26928040063282,cloudy,25.327423444914622,festival,22.47523527514962,2,11,3,30.887672520538462,2.29582131328419
2026-05-09T21:45:29.857993,76 Retour,Depart,Arrivee,42.16621568378941,clear,24.194828537492477,none,36.82678336903435,6,6,22,28.65423243992404,10.522980661864356
2026-05-09T21:45:29.857993,54C  Retour,BEN YEDDER BEN AROUS,MUNICIPALITÃ‰ BEN AROU,59.957478338932944,cloudy,65.29434757810782,none,27.780873288305834,1,8,1,22.642031705027776,1.0264432714060225
2026-05-09T21:45:29.857993,3AG Retour,RUE HASEN ENNOURI,HOPITAL DES ENFANTS,54.24968066975129,clear,31.93925437744547,none,26.47047155603064,5,1,14,18.81218281433124,6.908379523591317
2026-05-09T21:45:29.857993,54,COLLÃ‰GE MOUROUJ ,SIEFCOL,21.742934649930028,clear,27.593506572715263,none,9.862328644169185,0,9,21,29.10025190073351,4.017042989232837
2026-05-09T21:45:29.857993,53 Retour,Depart,Arrivee,46.149997979687456,clear,62.690652717169485,none,14.25754874739527,2,12,14,41.435718705761886,10.083103618220346
2026-05-09T21:45:29.857993,4A,MONOPRIX MANNOUBA ALLER,RUE INB RACHIK RETOUR,23.293924269254894,clear,72.28675827173888,manifestation,19.410415977051922,6,10,22,47.568076342287725,1.4955485945381106
2026-05-09T21:45:29.857993,11,HOPITAL DES ENFANTS,TRIBUNAL TAAKIB,35.277057488664546,clear,72.70669001886857,marathon,18.248055371845794,6,1,21,49.82964828923154,1.0242123585879135
2026-05-09T21:45:29.858990,29 Retour,HAMMAM BELLEVUE,DUBOSVILLE,48.894507119608754,clear,81.39863542010049,none,39.8415591490469,2,4,12,40.61027277699865,0.38058886585321927
2026-05-09T21:45:29.858990,46B Retour,BOUCHIBA,CITE ERRIMEL,15.557391373355447,rain,26.46760450733825,match_sport,27.58403000181978,1,7,10,94.25685459026462,13.11597359132804
2026-05-09T21:45:29.858990,24,CITÃ‰ ZITOU,CITÃ‰ TAYAR,22.13991322638362,storm,23.59118056843956,festival,23.296585813105246,5,5,5,49.69154384345708,2.8885197001776195
2026-05-09T21:45:29.858990,19G,CENTRE DE COORDINATION OUARDIA,MÃ‰DINA JEDID,22.034245461167043,rain,60.790705108583566,manifestation,36.62585609207625,0,10,2,84.04940396007375,6.397230035136811
2026-05-09T21:45:29.858990,68 Retour,TERMINUS 18 JANVIER,CHEBBI RETOUR,29.221436653369146,cloudy,91.7459761138596,none,18.06112084396145,2,7,10,35.961878579906156,3.9394061325393457
2026-05-09T21:45:29.858990,32A,DARGHOUTH BACHA ALLER,BAB MNARA-RETOUR,18.13764431070819,cloudy,87.17919309431603,none,29.871891747138726,4,8,15,93.00862039283582,18.119611120073113
2026-05-09T21:45:29.858990,23D,SONEDE AGBA-RETOUR,ABDELMOULA-RETOUR,17.17093061181375,clear,14.101526945243828,marathon,25.304583450474762,0,1,10,53.19635489762758,3.1625341983678084
2026-05-09T21:45:29.858990,35,10 DECEMBRE,RABATTEMENT 10 DECEMBRE,57.51677333341953,cloudy,16.360137127727064,festival,29.974933107355156,4,5,5,26.761559684900057,0.3081768742564659
2026-05-09T21:45:29.858990,31A Retour,INEPS,CHAMP DE COURSE KSAR SAID ALLER,30.334009204832924,cloudy,55.65571797615712,festival,21.119402219401046,4,12,15,35.96973861728336,1.1126286805003929
2026-05-09T21:45:29.858990,74G Retour,FOYER UNIVERSITAIRE MOUROUJ 3,ARRET ESSAYDA ALLER,48.6659771601539,clear,91.70435304363568,none,36.76412929853839,6,6,10,40.73500592190562,10.584773710022697
2026-05-09T21:45:29.858990,29,STATION BARCELONE,DUBOSVILLE,39.78467479067841,clear,28.205269078543836,none,31.70600292832074,3,5,20,10.592155232647194,1.782442743573438
2026-05-09T21:45:29.858990,19D,SOFOMECA,AVENUE DE LA GARE,54.23784551312288,cloudy,95.36255375098564,none,22.538116860108513,0,9,15,31.812223527550668,4.647260108836399
2026-05-09T21:45:29.858990,27C,CITÃ‰ 26/2,CITE EL BOKRI,54.62162691635821,clear,73.7816246929086,none,11.242735492243103,4,2,5,26.79951365097822,4.50571729900388
2026-05-09T21:45:29.858990,20C,CITÃ‰ EL KHADHR,CHTIOUI,43.34476354351711,cloudy,91.10181153575546,none,35.29730118772832,2,4,2,50.41107997556915,9.271383828352445
2026-05-09T21:45:29.858990,27A,ENKHILETTE,SALON BADER,29.447924281396865,cloudy,94.45654284483611,greve_transport,32.421966014809826,0,3,10,91.20051588216404,1.3223071713434242
2026-05-09T21:45:29.860000,24A,AMEN BANQUE,MHAMDIA CENTRE,40.56765153875709,cloudy,10.69280226592415,manifestation,30.53191533543791,6,2,10,33.4642766120611,5.046783989615182
2026-05-09T21:45:29.860000,75,HUILERIE BAYREM,TERMINUS 75 85,52.35290954358475,clear,43.056455285365125,none,17.066487635572045,0,1,17,27.569229502607236,2.5616388090456894
2026-05-09T21:45:29.860000,27 Retour,LYCÃ‰E KHEREDINN,10 DECEMBRE,11.89748651199354,storm,69.81214852081358,congres,14.389109972767304,5,2,10,61.47205611844714,1.2637979819526084
2026-05-09T21:45:29.860000,27A,CAFÃ‰ LESKAL,TUNISIE TÃ‰LÃ‰COM EL GHAZE,57.882823719434874,rain,69.54238192380339,none,31.49834906299279,0,10,15,36.672630303131335,2.785363357006235
2026-05-09T21:45:29.860000,67 Retour,Depart,Arrivee,23.366878120583216,clear,81.59058623598287,none,18.078089781799985,5,7,3,28.39070652390699,3.334437960763112
2026-05-09T21:45:29.860000,26C,SIDI MOSBAH,CITÃ‰ JABE,22.949108871598334,fog,56.36239061149906,festival,9.142750368900579,6,12,1,60.36895583202656,6.779373339247138
2026-05-09T21:45:29.860000,59 Retour,Depart,Arrivee,53.515188924992124,fog,17.09260282408667,none,38.66514010062316,3,5,6,35.93762079426423,11.00416859694644
2026-05-09T21:45:29.860000,635 Retour,PLACE SALA CENTRE,CHARGUIA 2,18.13745538911903,clear,90.06412556119551,foire,27.452148603953752,6,3,14,51.892963655204284,1.4127725350142724
2026-05-09T21:45:29.860000,54D,SIDI FATHALLAH1,DJEBEL JELLOUD,47.19440720593095,clear,36.53125156067584,match_sport,30.294835211296906,4,11,23,33.257212758630786,0.6344434360362463
2026-05-09T21:45:29.860000,5D,CITE MAHRAJENE,CITÃ‰ NACER ,34.736174905144786,clear,38.696839355338824,manifestation,14.29545172570177,0,5,1,51.338639360156684,4.619648833089917
2026-05-09T21:45:29.860000,56 Retour,RELAIS BARDO,ALI BALAHOUAN,53.86401156756834,clear,12.913168060496819,none,35.06057985236225,1,7,15,12.458128609125172,4.098682608864607
2026-05-09T21:45:29.860000,57 Retour,Depart,Arrivee,16.83775118066938,rain,71.0687826811683,marathon,22.37875390193389,3,4,6,110.76752377971992,10.29357045991518
2026-05-09T21:45:29.860000,62A,MOSQUÃ‰E BORJE TOUIL,STADE ESSIEBE,56.412267321903784,rain,64.83676953622728,none,17.32738152253115,6,6,9,35.32915486355089,1.7681099761934362
2026-05-09T21:45:29.860000,60G,TRIBUNAL TAAKIB,GORJANI ALLER,29.35934882069294,cloudy,78.14114415794884,none,18.643074700670958,1,5,0,31.911740470269066,1.8280600289912683
2026-05-09T21:45:29.861000,19,STOA,AV RÃ‰PUBLIQUE ,25.136239803910954,rain,80.61609553929893,none,15.662554050736063,5,11,7,56.205003195343004,5.700403314814428
2026-05-09T21:45:29.861000,52,TEMINUS CITÃ‰ RIAD,PALAIS SAADA,36.157803157205585,clear,74.68335545517758,none,26.346358819296743,0,6,0,23.315208287100713,2.078238788486365
2026-05-09T21:45:29.861000,72 Retour,INEPS,GARE ROUTIÃ‰RE SU,20.189691764996084,clear,56.196422421354846,none,23.02062011300253,6,8,9,48.62749668692971,8.775129608640853
2026-05-09T21:45:29.861000,44D,CITÃ‰ EL GHAZEL,BEJAWA,10.528343603690667,cloudy,96.56116728636016,none,16.133730375795093,1,11,12,180.0,24.39596485400497
2026-05-09T21:45:29.861000,79 Retour,Depart,Arrivee,51.83687849724595,cloudy,41.747051126538295,manifestation,25.272784647772223,3,1,4,54.08706990926961,7.407996720975255
2026-05-09T21:45:29.861000,73 Retour,Depart,Arrivee,15.151856548755024,fog,61.174379221294096,match_sport,33.4221184294846,0,12,13,111.61865710768949,12.503943200757478
2026-05-09T21:45:29.861000,24A,CITÃ‰ EL HIDHA,OUEDHNA (TERMINUS),42.255283829319595,clear,66.81450309770432,none,9.237228357699198,6,12,12,43.03335596455138,12.97694741632547
2026-05-09T21:45:29.861000,77,EJJBAL,EJJBAL 3,11.940599051342351,clear,18.152920190859916,none,8.197854430839342,2,2,23,26.77685840174778,1.161758494851206
2026-05-09T21:45:29.861000,93  Retour,Depart,Arrivee,22.54864077399272,clear,35.02482003670488,none,11.840414576824983,4,6,7,67.39830179590484,14.920194873256541
2026-05-09T21:45:29.861000,66B,ROUTE CHOUIGUI,FORET DE TEBOURBA,45.252223591276724,clear,39.76652292093687,none,35.27597111944187,5,7,4,19.814722645472628,2.730213755412172
2026-05-09T21:45:29.861000,44C Retour,KIOSQUE AGILE,KIOSQUE,51.5008335187393,fog,20.10516452551669,none,37.820265018765625,2,5,15,32.52689880920851,4.037037048304686
2026-05-09T21:45:29.861990,42B,EL HATHERMINE,BEN DHEFALLAH,11.813661734499533,storm,61.39833480876286,none,20.117589142610704,6,11,7,77.43687256715019,3.9198875271424214
2026-05-09T21:45:29.861990,89,EZZITOUN-ALLER,RABTA,19.028250833761234,clear,48.42590009468293,none,38.87993786697238,1,2,23,46.98019673763271,7.850774789143429
2026-05-09T21:45:29.861990,9B,MONOPOLES,LYCÃ‰E OUARDI,48.713337209385685,cloudy,49.000048797244716,congres,20.50332979871005,4,2,5,41.506545993486434,6.957480168096794
2026-05-09T21:45:29.861990,27A,MAGRO,LAKRADE,19.851754323398165,cloudy,29.93067463840385,none,37.88038783381604,0,6,10,22.99183279133873,1.7048890319356635
2026-05-09T21:45:29.861990,42B,CITÃ‰ NEJIB,CITÃ‰ BEN GHENI,33.727321322408685,clear,14.74058405849058,none,17.464516198307066,5,10,15,8.02547386913419,2.8966252934997634
2026-05-09T21:45:29.861990,32A,SIDI HSIN SECTION-ALLER,OFFICE DE L'HUILE-RETOUR,29.074564662111364,clear,57.14700463385404,none,22.97926542238737,1,1,3,36.662183417476285,9.030080639667265
2026-05-09T21:45:29.861990,31C Retour,BEJAWA,GAALOUL,10.831973210097514,rain,31.458133044582,none,35.91783544112464,3,7,2,77.59917753000329,7.048610128707486
2026-05-09T21:45:29.861990,17,DUBOSVILLE,BAB ALIOUA GP1,38.09273419396993,clear,95.45692385607401,none,36.90088035847339,4,11,10,37.62767998261444,1.561169643092498
2026-05-09T21:45:29.861990,15 B,TERMINUS 15 B,CASERNE EZZOUHOUR RETOUR,48.538634410530356,cloudy,29.423006777679234,none,32.83615912366076,1,1,17,25.020822675304828,0.1337347106518525
2026-05-09T21:45:29.861990,17,CENTRE DE FORMATION SNT,VILLAGE D'ENFANTS,40.30446702782684,clear,80.21859149810719,match_sport,38.89634638617386,5,7,21,52.29465314930341,8.096326216450842
2026-05-09T21:45:29.861990,527 Retour,CHARGUIA1,MOHAMED V,11.152639172260505,storm,82.88934271351397,match_sport,32.33239622977611,3,12,3,96.6826213600334,2.284082760004498
2026-05-09T21:45:29.861990,81A,CROISEMENT MOUROUJ 3,STEG MOUROUJ4,24.617371210757575,cloudy,38.728993229854524,none,23.75752606075503,3,1,2,20.917373384128997,1.0234545038009832
2026-05-09T21:45:29.861990,73 Retour,Depart,Arrivee,28.613512906333863,clear,42.549841228248546,none,38.74761012102336,0,9,9,49.70893874660485,7.103569724005293
2026-05-09T21:45:29.861990,93  Retour,Depart,Arrivee,26.207720148108656,cloudy,66.1516329572107,none,30.998252388721244,1,10,7,46.220540096409074,4.353108416564268
2026-05-09T21:45:29.861990,16,CITE MILITAIRE,CHOCO TOM,38.052436768335184,cloudy,88.75530677520486,match_sport,27.24998620230081,0,2,12,53.05732392148927,2.133619454556662
2026-05-09T21:45:29.863079,96,CITÃ‰ SNIT MANOUB,GOBAA TERMINUS 96,39.838829796547216,clear,14.653269985660316,match_sport,19.280868053709494,0,6,5,22.51700089169341,0.5329217434186563
2026-05-09T21:45:29.863079,44D/,ARRÃ‰T BAB HADI,CITÃ‰ POPULAIRE ENNAHL,56.97823516173396,cloudy,47.21400220577544,none,25.390246033340564,3,7,17,32.59940136279615,3.8733458139837524
2026-05-09T21:45:29.863079,31B,ROUTE LYCÃ‰,ECOLE PRIMAIRE,41.239005034203174,clear,79.33704730401459,manifestation,38.23157728908564,0,8,0,64.94815409961322,0.37762704178142315
2026-05-09T21:45:29.863079,260 Retour,Depart,Arrivee,34.546254699316535,clear,41.358038301018375,festival,14.957535076294821,5,5,5,32.791985906652556,4.688767280000643
2026-05-09T21:45:29.863079,84 Retour,CITROEN,AEROLIA 1,32.216758354148496,cloudy,49.57916534993292,festival,28.28714907009415,1,7,14,45.59589341761835,0.7793292704083417
2026-05-09T21:45:29.863079,54A,IMPRIMERIE OFFICIELLE,JARDIN D'ENFANTS,17.754680313550118,clear,45.38593284288404,none,15.289929301636207,0,5,10,15.783779242116868,1.1520525740380485
2026-05-09T21:45:29.863079,52 Retour,SIDI ABD AZIZ,TEMINUS CITÃ‰ RIAD,49.74754664123385,storm,75.43834563018125,holiday,28.833635743294295,0,12,9,74.62772180384917,0.7796558984439699
2026-05-09T21:45:29.863079,60 Retour,"ECOLE PRIMAIRE 6,1",HAMMAM LACAGNA,51.779701511810636,cloudy,40.782656314414275,none,10.9277663149092,3,12,17,27.245651962639656,2.7880132303251983
2026-05-09T21:45:29.863079,38B Retour,PLACE PASTEUR ALLER,LA FAYETTE ALLER,19.494099311293386,cloudy,39.97672116626776,none,9.23717805829563,3,3,3,25.85166279905446,1.4260550759072643
2026-05-09T21:45:29.863079,94  Retour,Depart,Arrivee,17.067956544307485,clear,19.955873820905953,none,27.04252593612335,1,11,22,46.44196184231105,10.620431696533034
2026-05-09T21:45:29.863079,24D,FERAILLE 1,HUILERIE BEN SAIDAINE,33.57935332295763,clear,41.41872878446738,none,15.361739767900705,3,6,8,46.95413088299578,5.582899109464616
2026-05-09T21:45:29.863079,32C,OUED GUERIANA L71-RETOUR,AVENUE MADRID,56.093939668467456,clear,36.599724877169585,greve_transport,19.87817557275278,5,2,22,62.46785771056694,6.49780687877411
2026-05-09T21:45:29.863079,73 Retour,Depart,Arrivee,23.94252650433824,rain,98.7464683304969,none,33.79987678674984,5,3,18,78.38445111556678,14.077075889800781
2026-05-09T21:45:29.863079,49 Retour,Depart,Arrivee,44.68630307312211,fog,23.218468824988662,none,11.434197135168482,3,7,15,30.246810138194704,5.496509625544496
2026-05-09T21:45:29.864078,44C Retour,SABALET BEN AMAR,KIOSQUE AGILE,30.874642617579976,rain,58.83886506764093,foire,14.276505563551954,4,10,20,47.81067491668051,1.184816949879707
2026-05-09T21:45:29.864078,81 Retour,Depart,Arrivee,35.09268568083257,clear,22.537826493890194,none,30.76818647610225,2,5,6,6.866862675903322,1.267768908732225
2026-05-09T21:45:29.864078,410B,DUBOSVILLE,MUNICIPALITÃ‰ BEN AROU,36.09259722476423,clear,28.224914464368553,none,26.88533561000665,5,3,20,19.649769227533188,5.76343576789921
2026-05-09T21:45:29.864078,247 Retour,Depart,Arrivee,35.048091317968215,clear,99.66444110228838,none,21.715284472976386,0,9,0,54.27236871099134,14.042504932067255
2026-05-09T21:45:29.864078,6 Retour,TERMINUS SIDI SOUFIENE,BORJE LOUZIR,41.74570220688217,cloudy,83.78138297535028,marathon,35.19170330065201,0,7,13,76.67350736591638,1.9107663893127156
2026-05-09T21:45:29.864078,88A,PÃ‰PINIÃ‰RE-ALL,CROISEMENT BEN YEDDER-RETOUR,18.63773230059835,rain,22.602312052289705,none,10.408243241862586,3,5,4,39.3387902047819,5.80452130087199
2026-05-09T21:45:29.864078,20,CARREFOUR TUNIS,STADE RAJET HAIDER,30.498986294328343,rain,26.66583449605532,none,31.11146419799021,2,5,1,22.395801458513375,2.1265478792867576
2026-05-09T21:45:29.864078,98 Retour,POMPAGE,DOUAR EL BEY,42.158072558167085,clear,52.135998659218025,marathon,37.782527782159164,6,1,7,59.8189084595425,0.7870086399082492
2026-05-09T21:45:29.864078,48 Retour,MAGAZIN CARREFOUR,MAASRA,38.10390687828244,storm,51.01420286411455,festival,33.362916486289414,0,11,16,89.87520000868567,21.65489147762142
2026-05-09T21:45:29.864078,23/ Retour,CITE FEJJA-RETOUR,MENZEL HBIB 23D-23/,29.105423515266345,clear,11.16790035852153,match_sport,9.312150038233039,5,3,7,52.999368954299996,6.174074439536157
2026-05-09T21:45:29.864078,11,TERMINUS JBEL LAHMER L 11,SAAD ZAGHLOUL,46.47519132146918,cloudy,69.53290919706583,marathon,33.08674518595257,3,3,17,85.01276826279728,8.049938110906599
2026-05-09T21:45:29.864078,66B,HOPITAL TEBOURBA,FERME EL HAJRI,39.06413659805298,clear,51.32169169978928,match_sport,8.887210392379174,1,8,9,83.11276732690601,17.912895089208575
2026-05-09T21:45:29.864078,5C,STEG JEANS JAURES ALLER,MENZEH 6,15.2808522630868,cloudy,38.89178294958097,none,28.87421444971363,6,11,15,41.44754914808866,6.064887390393344
2026-05-09T21:45:29.864078,26,CROISEMENT YASMINET ROUTE MOURNEG,YASMINET CENTRE,49.741513080216336,clear,24.295392584381407,match_sport,30.65254498233386,4,6,3,28.947722795994466,0.4433986671719383
2026-05-09T21:45:29.865074,16B Retour,NOUVELLE HAMMED,HAMMED,17.32516702527093,rain,32.06134040090568,festival,22.56005179289512,2,3,11,53.60563706958355,4.263481789468155
2026-05-09T21:45:29.865074,68,MAGAZIN CARREFOUR,TERMINUS 18 JANVIER,46.726007892371655,clear,11.625997158627774,none,34.57470689373957,5,11,5,5.0,1.3661341131150726
2026-05-09T21:45:29.865074,46B,CITÃ‰ AKACH,SICLOU,34.20821236960009,clear,68.04673936706766,none,28.29081784365178,6,6,4,27.473010907864133,7.035992402927767
2026-05-09T21:45:29.865074,24F,GARDE NATIONAL Z.I MGHIRA,CITÃ‰ EL AMA,35.51289106000449,clear,50.696929406132774,none,9.570839998367699,1,3,13,32.18987692177019,2.0307883207242847
2026-05-09T21:45:29.865074,74B,JARDIN D'ENFANTS MOUROUJ 3,CENTRE CHALLAKH EL MOUROUJ 4,17.18382181773851,clear,88.944382181621,none,9.96227145072217,6,9,20,25.272942705913614,0.7431180708122387
2026-05-09T21:45:29.865074,27A,MAGRO,LAKRADE,21.86408742983597,cloudy,98.97722546403551,none,20.81774713541863,1,3,17,51.57586067222882,1.7048890319356635
2026-05-09T21:45:29.865074,33C,DEPOT SNT SIJOUMI,KHAROUBA-RETOUR,35.308504282760126,cloudy,56.300178532177874,none,8.599190841420501,0,5,12,38.74908624921987,2.929139229069758
2026-05-09T21:45:29.865074,82,GP1 KIOSQUE ESSO,PONT AUTOROUTE SUD,29.053107339278302,cloudy,88.35407583181406,none,23.543723411739336,1,1,2,40.301267405548224,4.150880760442966
2026-05-09T21:45:29.865074,4A,TERMINUS L 4A CITÃ‰ EL AMAL MANNOUB,AVENUE MADRID,17.838471866750112,rain,73.22932724983993,match_sport,17.022666468564655,4,6,9,103.88561950830177,9.326186037464039
2026-05-09T21:45:29.865074,4G Retour,TRIBUNAL TAAKIB,KASBAH,40.029835178972505,clear,81.69366172671174,none,35.991248167078666,1,9,11,32.193157524383366,0.4507464119601057
2026-05-09T21:45:29.865074,58,CITÃ‰ ELWARD ,ARRÃ‰T ONA,46.78702249467246,clear,89.19871224047527,none,12.496759173762747,0,3,14,31.84687190393123,0.33202983026664157
2026-05-09T21:45:29.865074,26B,GOUVERNORAT DE BEN AROUS,CITÃ‰ SNIT BOUMHE,27.565777262658777,clear,39.401029342856106,none,27.483747028135458,0,12,15,55.10960846755656,19.314109997349142
2026-05-09T21:45:29.865074,81B,CITÃ‰ AF,AV EL BORHENE,56.54185157799552,clear,22.982618270493237,none,27.66187695472305,4,1,0,5.0,0.345659726428861
2026-05-09T21:45:29.865074,22A,CENTRE BEN AROUS,DUBOSVILLE,42.90462804698339,clear,71.1502602234938,none,18.675186586952872,5,1,19,33.952988497696055,4.382902936178009
2026-05-09T21:45:29.866068,85 Retour,GARDE NATIONAL Z.I MGHIRA,PROTECTION CIVILE,16.331056084538652,clear,76.4701336570201,none,26.39050252542361,6,7,5,25.923697454573855,0.29278608010437424
2026-05-09T21:45:29.866068,43 Retour,Depart,Arrivee,26.514350624605513,cloudy,65.08035075983011,none,13.226317110857874,4,3,1,32.318689912871164,5.892642943414369
2026-05-09T21:45:29.866068,16 Retour,SAIDA,BEJAWA 2,48.41379738997613,clear,83.45130162885584,festival,34.51981650331126,1,4,2,45.48168138600719,3.5679844509725056
2026-05-09T21:45:29.866068,78 Retour,Depart,Arrivee,50.394667846725234,clear,62.22900213227827,none,24.952590960975368,0,10,0,37.2215135186191,14.922760354329876
2026-05-09T21:45:29.866068,23F,BOUHALLEB-RETOUR,LYCEE CHEBI-RETOUR,22.11989381259445,clear,90.84147383801327,none,20.548100703016715,5,3,21,52.414159687179975,11.011316957349976
2026-05-09T21:45:29.866068,16B Retour,GARDE NATIONALE TEBOURBA,ECOLE HAMMED,39.30029765173098,fog,32.96002484497945,none,13.624720321518744,5,2,1,27.418018716910133,5.020584108545514
2026-05-09T21:45:29.866068,23T,CITE TEBALTECH-ALLER,JNAIEH-RETOUR,55.40372012647955,rain,97.65314909984752,none,18.597304135105098,0,1,12,55.782967820721574,9.000432747866697
2026-05-09T21:45:29.866068,21,NATACHA,CITÃ‰ GOUIDE,50.77043206612378,clear,56.223214873236145,festival,25.651291711491005,2,1,22,28.214384963500137,1.8206192693459187
2026-05-09T21:45:29.866068,91,CITE HASSEN BELKHOUJA2-ALLER,TERMINUS L91,28.278663103763105,clear,76.89504330254748,none,8.915524595175526,2,6,13,40.49321739986473,1.0820782101878468
2026-05-09T21:45:29.866068,90,TERMINUS CITE BEN YOUNES,CITE BEN YOUNES-RETOUR,31.462793729791844,rain,74.37539181944592,manifestation,8.30664600682098,5,2,1,54.791933050716864,0.28555835364845095
2026-05-09T21:45:29.866068,24A Retour,MGHIRA,RABATTEMENT MOUROUJ 2,41.452858726091286,clear,52.16646049332858,match_sport,37.53039886714789,5,9,23,39.8716293819333,4.5416559603989946
2026-05-09T21:45:29.866068,55,CHEBBI ALLER,DÃ‰LÃ‰GATION DAOUAR HICH,57.08640349752371,cloudy,86.87950675423095,holiday,13.845311830572104,3,2,18,53.87426005642526,3.3474975371012734
2026-05-09T21:45:29.866068,18 Retour,CHOTRANA 2,E.P SOUKRA,43.7380416858257,clear,52.895767433630354,none,8.249868805772213,5,10,2,17.637036831366057,1.7581852332810337
2026-05-09T21:45:29.866068,5D Retour,MONOPRIX MENZEH 6,AMBASSADE IRAQ,34.55765871552252,clear,36.21063954081378,match_sport,23.406813364396317,2,10,16,27.631654187155135,1.5268810314771457
2026-05-09T21:45:29.866068,51A Retour,SOULA,PLACE PASTEUR,26.206063616615985,clear,65.47420235339507,none,24.9968821109937,0,2,17,44.136182192322394,3.6736703080123037
2026-05-09T21:45:29.866068,36,TERMINUS TUNIS MARINE BUS,MUTUELLE VILLE ALLER,35.833024790097014,clear,15.130593518472313,none,36.90261337330526,5,2,10,21.994911403294786,5.716031350465217
2026-05-09T21:45:29.866068,65 Retour,Depart,Arrivee,16.019023233256238,clear,94.13756148271261,none,15.738061409188887,5,4,20,40.62470542582828,3.9533380695385474
2026-05-09T21:45:29.866068,14A,SIDI ALOUI,FOYER BARDO 2 ALLER,35.84351758258801,fog,20.322080440418482,none,35.26178397196462,2,3,16,30.434765337845757,2.9342537458404134
2026-05-09T21:45:29.866068,20,SIDI DAOUED (N9),STADE RAJET HAIDER,52.68478569905197,rain,56.54403734400622,none,12.156570441560174,2,1,7,37.73107821810297,1.8251909460251952
2026-05-09T21:45:29.866068,42 Retour,Depart,Arrivee,42.823519694347134,clear,96.80133414515612,marathon,28.621775792467794,4,11,9,86.964315825122,9.056172971429316
2026-05-09T21:45:29.866068,14CG,OMRANE SUPÃ‰RIEUR ALLE,NOGRA,23.178724410069194,rain,57.832074636167164,none,19.786128180036016,0,5,8,41.72235997448099,0.7646012361323837
2026-05-09T21:45:29.866068,66 Retour,LYCÃ‰E EDKHIL,FRIGO,13.830145417910508,storm,32.113458323620804,none,21.881857168586457,3,4,16,90.33631382198261,10.805042310743278
2026-05-09T21:45:29.866068,24D Retour,CITÃ‰ EL OUIFAK (GN,AMEN BANQUE,42.06074951175123,clear,76.04471074793103,none,14.354655303234669,0,1,15,26.418296655131737,1.6628962883959746
2026-05-09T21:45:29.867653,18 Retour,LYCÃ‰E KHEREDINN,TOUTA 10 DECEMBRE,12.249673180997108,clear,69.1341181482716,none,23.805402693402737,0,11,5,33.83437948384426,0.8993018156458064
2026-05-09T21:45:29.867653,26A Retour,GAN,CITÃ‰ BEL AI,10.916308427259931,cloudy,75.50431022565495,none,32.33703046734196,4,2,7,79.49025543638176,5.513201897671732
2026-05-09T21:45:29.867653,14C Retour,INTILAKA,CENTER DE FORMATION RAS TABIA ALLER,10.217659574713224,cloudy,93.95182511856811,none,38.96317418624801,5,9,4,63.01929894224097,4.4327427623890605
2026-05-09T21:45:29.867653,44D,USINE DE CARRELAGE,MÃ‰DECINE VÃ‰TÃ‰RINA,35.2439081011167,cloudy,12.166033452184484,none,17.942293054053504,0,4,6,31.46929173702566,14.040220303014696
2026-05-09T21:45:29.867653,44,GEANT,TOBYAS,25.236810027053938,clear,32.285565915484995,none,39.303955004447495,2,12,22,53.921997134093104,13.322652851718274
2026-05-09T21:45:29.867653,62A Retour,CITÃ‰ POPULAIRE ENNAHL,10 DECEMBRE,43.31315130958934,clear,46.73126207871434,none,9.149710881787428,3,8,6,26.228533453670398,5.773700511544028
2026-05-09T21:45:29.867653,52,PALAIS SAADA,SIDI BOU SAID,20.09525602575954,rain,42.2990459233776,congres,39.798873864306536,2,6,7,63.32814049773584,1.4654878931245898
2026-05-09T21:45:29.867653,4G Retour,TRIBUNAL TAAKIB,KASBAH,55.55917946537148,cloudy,53.23578293687772,none,34.86308935433917,4,6,19,30.98426942942831,0.4507464119601057
2026-05-09T21:45:29.867653,24F,PROTECTION CIVILE,CITÃ‰ EL OUIFAK ,44.220120103231935,clear,32.03423366160915,none,15.03990888545735,3,5,23,14.869439324486924,2.052944708607056
2026-05-09T21:45:29.867653,6 Retour,LES ABATTOIRS,FOYER ARIANA,58.920669716146854,cloudy,47.50778010632852,festival,36.82543040841182,1,4,7,54.615018688965314,0.3610859728212561
2026-05-09T21:45:29.867653,17B,SOUK RADES,CENTRE RADES,57.31164502222636,clear,43.709586706296776,none,23.96004931491099,5,12,8,21.230095632213498,1.6448778537884508
2026-05-09T21:45:29.867653,262 Retour,Depart,Arrivee,48.40407035217686,clear,82.44340104907374,greve_transport,20.410304338408906,4,4,11,99.30131052849673,8.658548010689184
2026-05-09T21:45:29.867653,6P,PLACE PASTEUR,CITÃ‰ SPORTIV,57.54205171145557,clear,11.456620203870207,none,26.566236903935263,3,12,14,8.53257439500786,1.743940354273195
2026-05-09T21:45:29.867653,3A,ALI BALAHOUAN,TRIBUNAL MILITAIRE M.SAADALLAH,19.660006373919583,clear,86.70740736774555,none,36.461165790518606,1,12,17,58.65897783293029,2.03962313295892
2026-05-09T21:45:29.868661,68,CHEBBI ALLER,TERMINUS 18 JANVIER,55.75703697586974,cloudy,83.40543238123249,marathon,39.12408772468541,3,2,8,87.09162291875545,3.94161815385438
2026-05-09T21:45:29.868661,38C,PLACE PASTEUR,TERMINUS 38C,40.545928875863055,rain,62.73031111477553,match_sport,31.39545474298134,0,5,13,70.88967749235458,8.912874611667764
2026-05-09T21:45:29.868661,86,ZONE INDUSTRIELLE,AMEN BANQUE,53.71360132957583,fog,30.492884208324334,marathon,18.92963941936336,5,4,7,58.06839543397174,1.0673654284019216
2026-05-09T21:45:29.868661,3D Retour,PARC STADE TUNISIEN,BAB LAASSAL,45.512679192035804,clear,22.374401907702907,none,22.26217243603002,6,8,4,15.854026129982842,5.064640155271655
2026-05-09T21:45:29.868661,77 Retour,OUED MAJERDA,PONT BIZERTE GLASSE RETOUR,25.789269171993947,rain,70.37719329976258,festival,33.97794462205423,5,2,4,46.20947946106832,3.5705009657794307
2026-05-09T21:45:29.868661,23H,BIR ED DROUJ-RETOUR,GHDIR ELGOLLAH-RETOUR ,24.64064275523922,cloudy,93.22656086795172,none,10.635087863865163,3,6,21,35.65736256065333,1.7995875454965926
2026-05-09T21:45:29.868661,54C,BNA BEN AROUS,IMPRIMERIE OFFICIELLE,28.864286218561993,cloudy,39.69370187582273,marathon,11.442518486843607,0,11,14,63.3447518058899,3.561501184266459
2026-05-09T21:45:29.868661,18C Retour,BYRSA1,10 DECEMBRE,21.270105738440012,clear,61.72382825808178,none,32.5993352963866,2,12,12,72.14101507713875,15.6429387730909
2026-05-09T21:45:29.868661,32C,SAIDIA,BOUCHOUCHA-RETOUR,32.958647083565026,cloudy,41.94309438756021,none,34.20682777687924,2,4,11,15.872001985128948,2.179215544971065
2026-05-09T21:45:29.868661,6 Retour,SIDI SOUFIENE,PLACE SALA CENTRE,12.695834189488505,cloudy,71.97395686079457,none,27.634693915388052,6,12,21,34.226247156161094,1.9633991732959262
2026-05-09T21:45:29.868661,94,CITÃ‰ ENNOU,PONT RACHED,14.679267053537977,clear,28.84133043710665,festival,19.661959832663676,3,5,22,36.21867802430198,1.0172855822071298
2026-05-09T21:45:29.868661,36 B,FOYER BARDO 2 ALLER,CENTER DE FORMATION RAS TABIA ALLER,15.235257843121078,cloudy,36.97280482420041,none,12.727152908708213,6,7,8,26.79031720104506,0.21028443083326565
2026-05-09T21:45:29.868661,104,MONCEF BEY ALLER,ERRAZI 104/410/460,42.9852241073546,clear,60.459116815061364,none,14.771690475180208,3,4,8,50.939901031961455,11.043665807295085
2026-05-09T21:45:29.868661,66 Retour,TERMINUS EDKHILA,ROUTE CHOUIGUI,17.23664666690361,clear,78.92793882449273,none,21.069398639958163,0,5,0,67.8166925889811,11.261795166938509
2026-05-09T21:45:29.868661,714,LUSTRERIES,MEDINA JADIDA 1,38.06269103972505,clear,95.49786461942674,manifestation,12.978092707483853,4,6,14,72.34357334661269,1.222067935750717
2026-05-09T21:45:29.869741,54C  Retour,SOCIÃ‰TÃ‰ NO,AV DE FRANCE,17.452110458760373,clear,13.862104539417473,festival,38.48275140215741,5,5,0,28.480397411224583,0.7515557096721297
2026-05-09T21:45:29.869741,22,PROTECTION CIVILE,SIDI FATHALLAH1,37.598709763588985,clear,97.68450164751515,manifestation,12.211010465648325,4,5,16,64.28494038880496,2.8591540098679937
2026-05-09T21:45:29.869741,69 Retour,MONOPOLES,AVENUE CARTHAGE,43.43037961334153,clear,66.69176971242663,none,33.97973184288217,2,11,19,31.180993262541648,1.8870727400247551
2026-05-09T21:45:29.869741,116,LA RABTA-ALLER,CITÃ‰ RT,42.72882570870693,cloudy,75.46181653683635,none,17.19615728817819,1,1,6,52.98512339406356,21.008473387605694
2026-05-09T21:45:29.869741,26C,BOUJERDGA,DOUKALI,29.74874997722586,cloudy,78.27539356457741,none,33.520465907375254,4,12,2,34.323637475916776,4.36699490828529
2026-05-09T21:45:29.869741,69,AVENUE CARTHAGE,CITÃ‰ HELLA,25.35603474360304,cloudy,25.463456047114924,none,29.723650850736433,3,3,20,15.954422304102064,3.4812001450465853
2026-05-09T21:45:29.869741,16C Retour,INEPS,ALI BALAHOUAN,48.40449526095701,clear,44.577023684858204,none,27.61554758603803,6,1,23,13.732633893167648,7.171429336655743
2026-05-09T21:45:29.869741,62 Retour,USINE DE CARRELAGE,LYCEE ARIANA,49.866223170012525,cloudy,49.25878878003608,none,9.89672917657527,4,10,6,28.31241889657373,4.170981693984423
2026-05-09T21:45:29.869741,45 Retour,CITÃ‰ ERRAJE,TERMINUS TEBOURBA,16.403925449243964,clear,66.7214931144614,none,11.366025116127094,4,11,12,35.070335041539046,1.2313011556589757
2026-05-09T21:45:29.869741,66B Retour,FRIGO,HOPITAL TEBOURBA,12.945433053283303,cloudy,67.21649488240601,none,23.15581827330609,6,12,2,40.08961467819481,2.9834711945968735
2026-05-09T21:45:29.869741,31B Retour,ECOLE PRIMAIRE GOUEZINE,CHOCO TOM,12.919811202957696,clear,96.53237960722743,none,20.107315304381185,5,4,21,56.744435212223664,4.999650272980929
2026-05-09T21:45:29.869741,3D Retour,SONED,20 MARS RETOUR,46.61087800264306,clear,96.0994079581792,none,22.647979756230377,2,1,21,39.584090359157344,5.771216460040612
2026-05-09T21:45:29.869741,55,CHAMP DE COURSE KSAR SAID ALLER,TERMINUS HOPITAL DAOUAR HICHER,42.70587420890054,clear,15.714072533323531,manifestation,26.046276104604082,4,11,2,36.066069230377174,3.369160631104158
2026-05-09T21:45:29.869741,32D,RABTA,AVENUE MADRID,39.62197250394674,clear,82.40766397525006,none,32.483243205440424,5,5,0,25.454454858022274,2.7023109356419006
2026-05-09T21:45:29.870747,714,PISCINE OLYMPIQUE RADES,CITE OLYMPIQUE RADES,14.258358335527817,cloudy,71.79228352191589,none,20.61162827240731,1,4,20,38.576152431477695,1.1020152946497195
2026-05-09T21:45:29.870747,51A Retour,MENZEH1,JEANS JAURES,26.846433632353957,rain,24.732125551342282,none,24.25835937018275,6,9,14,25.551982560385994,3.644533295989773
2026-05-09T21:45:29.870747,80 Retour,PHARMACIE CENTRAL,JARDIN THAMEUR,17.693148472691853,storm,31.783599349844195,festival,12.581001973250302,6,5,2,60.80220554309544,3.6395411439943803
2026-05-09T21:45:29.870747,19C/ Retour,CENTRE DE FORMATION SNT,SOFOMECA,17.8581411495875,cloudy,69.73419272681745,none,35.87622787462938,6,8,2,29.774192935216384,1.0075453417651459
2026-05-09T21:45:29.870747,44B,LYCÃ‰E SIDI THABE,MBARKA 1,29.023211157714666,storm,33.84935120984869,none,37.450514452065235,3,9,8,70.38221931389508,2.9091010199649876
2026-05-09T21:45:29.870747,66B Retour,ECOLE EL HAWARIA,FORET DE TEBOURBA,47.95277048552988,fog,64.06422793316872,none,32.41418669351361,6,9,6,44.35882465767487,17.45183085310055
2026-05-09T21:45:29.870747,20A,E.P BHAR LAZREG,TERMINUS 20A,33.40904898824225,cloudy,99.5196068985029,festival,33.40989221032753,1,2,13,58.37269653553899,0.6501827697511793
2026-05-09T21:45:29.870747,18B Retour,LA POSTE,LYCÃ‰E KHEREDINN,48.69803999116051,clear,89.40425649125513,none,24.267107072436367,5,6,22,19.69557273686825,0.3734039586124327
2026-05-09T21:45:29.870747,635,CHARGUIA1,CHARGUIA 2,31.28267239078026,clear,83.56261630355058,festival,35.5105244225518,0,1,22,58.78160199053928,5.516305171318521
2026-05-09T21:45:29.870747,44D RETOUR,MAKFOUFINE 2,CROISEMENT RIADH ANDALOUS,17.902115988818675,cloudy,31.34660153925376,none,33.616308665462014,2,4,17,69.52064454342417,12.208720748970562
2026-05-09T21:45:29.870747,5 Retour,KHEIREDDINE BACHA,PLACE DES DROITS DE L'HOMME,17.46897393189132,clear,76.83338661780071,manifestation,22.723305573640395,0,9,19,78.94596385762826,1.2966654575539112
2026-05-09T21:45:29.870747,16 Retour,INOPLAST,BAB SAADOUN RETOUR,38.79553791843185,clear,13.714010596200088,greve_transport,12.639745344086567,2,5,14,83.98685322494701,7.488865592457692
2026-05-09T21:45:29.870747,88,GARDE NATIONAL AGBA-ALLER,MOSQUÃ‰E ELBOR,24.64528377416798,cloudy,80.19242011948688,congres,23.952238928771244,0,2,11,73.13558343254141,11.723621158227697
2026-05-09T21:45:29.870747,44C,INTILAKA,SANHEJI,33.16917429331599,clear,86.99207762044949,none,36.22279769061979,2,6,9,57.49709541027625,4.287598592048391
2026-05-09T21:45:29.870747,98 Retour,STADE EJDAIDA,DOUAR EL BEY,55.25498106338214,cloudy,76.64689332629075,match_sport,24.210217985830695,2,7,15,47.39253189621748,6.605176709989247
2026-05-09T21:45:29.871746,14CG,BAB SAADOUN ALLER,NOGRA,54.437835926951294,cloudy,88.02491463476821,none,26.994168215969356,5,12,14,35.63601660859043,4.492010131183596
2026-05-09T21:45:29.871746,26A Retour,HUILERIE BAYREM,BAB ALIOUA GP1,45.81114125058085,cloudy,86.37190366562203,none,28.530239541308557,5,11,3,60.16813055219435,25.74420531045034
2026-05-09T21:45:29.871746,59A,LYCÃ‰E OUARDI,COMPLEXE COMMERCIAL MOUROUJ 1,43.42565907339109,cloudy,27.003569990382502,none,15.567487549528135,4,7,15,13.108526007346581,5.6731463353336835
2026-05-09T21:45:29.871746,62,USINE DE CARRELAGE,CARRIÃ‰RE NAHL,44.956941485039955,clear,40.06710059804358,none,11.277219940057552,0,5,3,15.28287001560855,1.2500937248265762
2026-05-09T21:45:29.871746,19G Retour,MÃ‰DINA JEDID,GORJANI ALLER,56.543654645726015,cloudy,93.06349886565715,none,27.346005267335602,4,5,17,52.26203853016853,10.061234210121201
2026-05-09T21:45:29.871746,258 Retour,Depart,Arrivee,37.157656185321585,clear,72.40521077932834,none,23.500701305058012,2,1,11,26.601330505100236,2.548424520756078
2026-05-09T21:45:29.871746,12,ECOLE FRANCAISE OMARANE RETOUR,JARDIN THAMEUR,46.323277689676566,fog,37.347531758984985,festival,30.848086672752366,4,3,18,63.874716152905265,5.644180892698023
2026-05-09T21:45:29.871746,72,FOYER BARDO 1 ALLER,BAIGNEUR,13.300321656496624,clear,77.47717227655548,foire,8.950665771096084,2,2,7,100.01592832427481,5.702477580756419
2026-05-09T21:45:29.871746,61 Retour,Depart,Arrivee,50.760264058273094,rain,28.57679809227057,festival,31.416193193645714,6,5,2,37.41083478528651,9.732107569908568
2026-05-09T21:45:29.871746,39 Retour,IMMEUBLE RADES FORET,STEG,36.23769693130186,clear,12.669152103711205,none,18.4954098728196,0,3,9,32.81832438816255,7.320926210261157
2026-05-09T21:45:29.871746,16 Retour,BAB ABDESLEM-RETOUR,ALI BALAHOUAN,43.036768381236584,clear,78.64811387304206,none,32.408473955877156,6,5,10,23.33460663522365,1.50368562407591
2026-05-09T21:45:29.871746,265 Retour,Depart,Arrivee,14.577586787562304,clear,19.759925597613567,festival,12.534886663922318,6,8,0,26.998692277802448,1.4027914396723413
2026-05-09T21:45:29.871746,54D Retour,MEUBLATEX,CITÃ‰ AF,29.890779756112938,rain,39.77666243853805,none,31.78609579696868,1,6,0,29.22222969983674,3.454059613391479
2026-05-09T21:45:29.871746,38B Retour,CHEDLY ZOUITEN,TERMINUS TUNIS MARINE BUS,23.259361988558894,fog,16.42848820596422,manifestation,10.929783272670434,2,5,1,63.80939252758769,4.021848309125357
2026-05-09T21:45:29.872740,44A,EJJBAL 2,TERMINUS 44/44A/77,59.17430270958011,clear,23.377380009585956,none,18.78677890819436,5,8,7,17.842746731748537,2.539135073807927
2026-05-09T21:45:29.872740,44D,BEJAWA 2,CITE EL BOSTANE,40.81009292786482,fog,55.00560939311873,marathon,22.530088202624388,5,7,15,50.81675135986119,1.4740378982664808
2026-05-09T21:45:29.872740,31A Retour,CITE MILITAIRE,CASERNE OUED ELIL 1,47.748417753301794,fog,76.95945106113561,none,25.97908399101448,5,5,2,31.041100646236494,1.3421918474992793
2026-05-09T21:45:29.872740,73 Retour,Depart,Arrivee,12.530542037858673,cloudy,36.54335204607814,none,32.69818278728451,3,2,5,85.34078534770086,11.807049571358226
2026-05-09T21:45:29.872740,16D Retour,BAB SAADOUN RETOUR,BAB LAASSAL,39.52677198410128,cloudy,12.824171921516768,none,16.558253260653174,4,9,21,6.669352103525402,1.0269488146322203
2026-05-09T21:45:29.872740,20B,RELAIS GAMMARTH,CENTRE DE FORMATION GAMMARTH,57.630093087158095,fog,17.336313554051472,manifestation,22.437554545280538,6,4,20,38.25661098472105,3.6008733863585967
2026-05-09T21:45:29.872740,19E,"PONTS ET CHAUSSÃ‰ES , SAINT GOBI",STATION BARCELONE,17.982125950038714,clear,12.596356026101951,none,22.263228333196246,0,12,7,35.62742537764504,4.351329493588208
2026-05-09T21:45:29.872740,22,MUNICIPALITÃ‰ BEN AROU,CENTRE DE COORDINATION OUARDIA,37.14570051721751,clear,52.319090904781504,none,10.570781919979673,3,10,1,31.125494597630844,9.135346690914215
2026-05-09T21:45:29.872740,460,PHARMACIE CENTRAL,BAB SAADOUN ALLER,31.364085406366385,clear,32.80135280255731,match_sport,39.5460833860325,5,6,23,46.43543685005787,4.182012871207194
2026-05-09T21:45:29.872740,22G,HAMMAM J-JELLOUD,POSTE POLICE RUE DU SAHEL,14.273301148257374,clear,21.338007473725146,none,11.39662889028454,0,8,15,21.710439887883194,2.306764846538041
2026-05-09T21:45:29.872740,262 Retour,Depart,Arrivee,54.93059038171111,cloudy,65.6233732505597,festival,34.52231222737222,1,1,14,55.12022495706575,8.270593631715341
2026-05-09T21:45:29.872740,52,LAHWECHE,TERMINUS 52/52B,55.306879378361714,clear,45.776417638711195,congres,15.988802968265688,5,7,10,18.844520081774437,3.427002345193955
2026-05-09T21:45:29.872740,31C Retour,SECTION MANOUBA,20 MARS RETOUR,10.458749707645545,rain,60.409463470492106,marathon,8.992993041438254,2,7,7,130.35655452714082,6.316058821584694
2026-05-09T21:45:29.872740,98,DOUAR EL BEY,SAIDA,25.7532937630457,clear,34.72705291960206,none,9.876118413522686,0,8,21,20.046643489699086,3.422950806488476
2026-05-09T21:45:29.873739,33B,OFFICE DE L'HUILE-RETOUR,STADE MELLASSINE-RETOUR,49.64911178624189,clear,49.37264404937568,none,19.097836778172923,5,12,0,7.778128676498367,1.5020858733978457
2026-05-09T21:45:29.873739,18 Retour,EZOIDIA,SHELL SOUKRA,43.31306513306854,cloudy,29.82586242598325,none,36.97300687546968,6,10,17,38.32679322528433,7.73101887393709
2026-05-09T21:45:29.873739,72,BORTAL ALLER,INEPS,22.687436019744595,clear,34.10868844672024,none,10.053051582175716,0,10,5,8.609942222636011,1.4892068486241747
2026-05-09T21:45:29.873739,71,SONOBOIS,MOSQUE ZAHROUNI-RETOUR,38.89107531358069,clear,52.927110198635006,none,23.713231034819923,4,1,14,26.62983616928757,1.0207276778876224
2026-05-09T21:45:29.873739,514A,LES ABATTOIRS,CITÃ‰ DRID,51.03240900246911,rain,56.20510661753629,none,22.882837213265443,0,6,21,35.211047918060046,7.402836376635328
2026-05-09T21:45:29.873739,57A,SIDI MAROUEN,ARRÃ‰T BRICORAM,27.724477539126493,rain,54.54390919053125,holiday,22.62785837657741,6,11,11,35.54578198412827,1.4555237885557233
2026-05-09T21:45:29.873739,14A,FOYER BARDO 2 ALLER,ETTAHRIR SUPÃ‰RIEU,19.711837900332455,cloudy,77.98492695749724,none,34.141014723026714,6,8,4,18.132527516933195,1.3395268488820062
2026-05-09T21:45:29.873739,75 Retour,PONT OUED MILIYEN,DUBOSVILLE,48.04867822658266,cloudy,91.36735376871773,none,22.320022323758437,5,9,13,43.17155638467126,8.850803486299313
2026-05-09T21:45:29.873739,78,STADE IBN KHALDOUN RETOUR,FOYER BARDO 1 RETOUR,31.79672454455641,storm,15.115515497183765,festival,26.592519559944623,1,10,22,45.557097104777725,2.6939749269435254
2026-05-09T21:45:29.873739,24F,CITÃ‰ EL OUIFA,CITÃ‰ EL AMA,35.959908925618656,clear,56.55266428947791,none,36.20912953637381,2,8,4,25.70709003928459,0.7407468908037487
2026-05-09T21:45:29.873739,256 Retour,Depart,Arrivee,42.483158173476376,clear,47.073036510474644,none,8.704515701347795,3,5,10,28.888346890134077,6.418199723525744
2026-05-09T21:45:29.873739,70 Retour,Depart,Arrivee,27.89839127798328,fog,67.96208949719932,festival,16.87487737404606,3,12,17,81.44711165011515,8.321362372591654
2026-05-09T21:45:29.873739,59 Retour,Depart,Arrivee,26.056952019820038,clear,46.81062086440605,festival,15.105400834147488,4,7,22,34.0497962169857,2.361141850969947
2026-05-09T21:45:29.873739,74G,KASBAH,GORJANI ALLER,50.5192396975317,cloudy,87.86717318349503,match_sport,28.71160707156455,2,8,7,62.762380547598504,1.2631462777259075
2026-05-09T21:45:29.874740,56 Retour,CHAMP DE COURSE KSAR SAID RETOUR,CHEBBI RETOUR,13.24951301693842,clear,78.40424853648797,none,31.23779590400049,4,7,12,48.20552573972297,1.6024945717790082
2026-05-09T21:45:29.874740,16A Retour,SECTION MANOUBA,INOPLAST,59.28304787284022,clear,64.70848098923665,none,15.855491428712789,4,4,15,13.443672611769134,0.34769785605038805
2026-05-09T21:45:29.874740,6P,LA POSTE,HOPITAL MAHMOUDE EL MATRI 6P,19.699010605300273,storm,11.352040681408717,none,24.515611202618057,5,10,3,27.1842202347227,1.4421359430511087
2026-05-09T21:45:29.874740,54A,MHAMDIA CENTRE,IMPRIMERIE OFFICIELLE,26.389303458087838,clear,73.54368855623514,none,37.61135702717178,1,5,23,67.74095895065152,15.699972818843445
2026-05-09T21:45:29.874740,57A,MNIHLA,GEANT,40.38607021309846,storm,95.16852510522916,greve_transport,38.45656378687814,4,11,22,128.73951114404284,4.6834563393211575
2026-05-09T21:45:29.874740,60A Retour,CITÃ‰ MED AL,SALLE DES FÃ‰TES KERMES,55.805542193481884,cloudy,85.8865263991616,marathon,22.334144361036355,3,4,5,62.16211060057297,2.775500772975657
2026-05-09T21:45:29.874740,98,STIL,SIDI TALEB 16D,19.436992284925367,clear,20.63771294634869,none,22.266297026293735,6,11,14,13.195714971501308,0.44947459047040184
2026-05-09T21:45:29.874740,116 Retour,ESSAYDA RETOUR,BAB ALIOUA,15.393216922212124,clear,86.75254999818118,none,32.52496075419015,1,10,13,46.46698464820225,1.085949545280144
2026-05-09T21:45:29.874740,21 Retour,FERME EJERBI,FERME BAHRI,15.293951073690112,fog,81.32389546330641,match_sport,9.175302044989298,0,2,2,112.61320004636327,11.33208340826819
2026-05-09T21:45:29.874740,31C Retour,20 MARS RETOUR,BAB LAASSAL,57.70567793702691,clear,46.68824391928271,match_sport,21.83481421400595,2,6,19,45.70270330115238,2.538463843613396
2026-05-09T21:45:29.874740,18,P.T.T SOUKRA,EZOIDIA,21.55874355940213,clear,99.56631932454931,match_sport,21.077113518565785,6,2,18,73.26917733835086,6.464361020801055
2026-05-09T21:45:29.874740,73 Retour,Depart,Arrivee,19.002494998339273,cloudy,85.84888925352709,none,9.047498899334997,4,1,17,87.66220349792916,12.746960055847563
2026-05-09T21:45:29.874740,44D RETOUR,MAGRO,ARRÃ‰T BAB HADI,56.4624457621568,clear,98.49525423176566,none,15.68978398451005,4,2,7,37.602131394095025,0.4340803345377857
2026-05-09T21:45:29.874740,16 Retour,CITE EL BOSTANE,CITE MILITAIRE,12.548603440944497,fog,89.4884681686116,greve_transport,30.92886963908495,6,12,0,107.91409491012936,3.4356525507797464
2026-05-09T21:45:29.874740,64,CENTER DE FORMATION RAS TABIA ALLER,ARRET GAMOUDI ROUTE X,34.649227890919775,fog,59.44107104515476,none,30.781192188927108,5,10,15,26.80969598977509,0.868741301556796
2026-05-09T21:45:29.875749,75 Retour,DUBOSVILLE,STATION BARCELONE,24.826086019557305,clear,21.616629877614656,none,28.55446054242555,2,1,21,9.672020674058484,1.9893508061785798
2026-05-09T21:45:29.875749,53 Retour,Depart,Arrivee,16.118241438301215,rain,80.56852305218632,none,20.27248302432976,0,2,8,62.07775012807333,1.682427974952574
2026-05-09T21:45:29.875749,31 Retour,SIDI THABET CENTRE,GAALOUL,19.224393858219887,clear,57.00189264101956,none,30.875853141676327,6,11,7,87.79036678113391,18.727070509088087
2026-05-09T21:45:29.875749,3AG Retour,MEFTEH SAADALLAH RETOUR,HOPITAL DES ENFANTS,55.166055263462724,storm,92.7368594539907,match_sport,33.995801691960985,4,6,14,82.22388881089917,0.4584518052490587
2026-05-09T21:45:29.875749,66 Retour,EDKHILA,E.P TEBOURBA,51.56664918041565,cloudy,60.751649872540106,none,12.412103015422321,5,2,12,31.80200897157438,16.18780926114754
2026-05-09T21:45:29.875749,70 Retour,Depart,Arrivee,11.111031975996918,clear,87.88337213509523,none,21.72572988854136,3,7,4,51.766624293819056,1.7597571902541158
2026-05-09T21:45:29.875749,69,RUE DES MARTYRS,CITÃ‰ HELLAL PT,35.36592503398245,clear,88.44374358564049,none,28.03342305490293,4,11,17,43.89758763283435,0.6754929518190513
2026-05-09T21:45:29.875749,24D,CITÃ‰ EL OUIFAK (GN,DOUAR HOUCH L(24D),52.48135274722124,rain,29.88218825169398,none,14.290549634615964,1,12,11,20.167416166966373,5.769564939639447
2026-05-09T21:45:29.875749,81 Retour,Depart,Arrivee,26.59916972716442,cloudy,75.38238389623989,none,24.819039674507952,4,11,11,56.955204273621575,12.103601273655684
2026-05-09T21:45:29.875749,75,EL KHELIJ,GAN,11.29629471496454,rain,95.59386752282101,festival,24.405428901632067,4,7,20,72.78351880388256,0.8227081279752628
2026-05-09T21:45:29.875749,24F Retour,CITÃ‰ EL AMA,FERAILLE 1,33.1622072741904,clear,42.135952487797546,manifestation,9.214415560348208,2,9,8,74.3340439883368,5.093986686454477
2026-05-09T21:45:29.875749,33C,25 JUILLET-RETOUR,BEN DAHA-RETOUR,55.75278648880772,fog,12.9016332996899,match_sport,28.974902447245746,2,11,15,42.380946563750705,4.355980450193632
2026-05-09T21:45:29.875749,90,CITE BEN YOUNES-RETOUR,CAFE BOUTOFFAHA-RETOUR,56.068370134975936,cloudy,14.05998959683545,none,21.327693195810237,2,7,5,5.0,1.1383201313170557
2026-05-09T21:45:29.875749,19G Retour,FACULTE 9 AVRIL ALLER,HOPITAL DES ENFANTS,45.66265156256354,rain,67.15459631822404,none,35.96946925891726,6,9,21,33.012681384490676,1.9170901233395856
2026-05-09T21:45:29.876740,23E,20 MARS-RETOUR,CITE ELWAHA-RETOUR,23.089074134604385,cloudy,45.99177669643966,none,16.98604899868521,0,6,6,30.58214060783755,6.689684464447936
2026-05-09T21:45:29.876740,78 Retour,Depart,Arrivee,25.649459124693806,clear,90.62954533607925,none,34.39788280450543,0,11,20,62.73181065377904,14.684373756689453
2026-05-09T21:45:29.876740,29 Retour,SALLE DES FÃ‰TES BELLEVU,STATION BARCELONE,59.28330115122535,storm,99.65357114771228,none,38.84188702787199,2,7,19,81.90845796682548,2.7817130708400235
2026-05-09T21:45:29.876740,69,CIMETIERE JALLEZ,CITÃ‰ HELLA,57.26481224686923,clear,59.13947218806776,none,17.16469050968251,0,9,7,36.28063605999269,2.9108686922045477
2026-05-09T21:45:29.876740,44D,HOPITAL MAHMOUD MATRI,LYCÃ‰E SIDI THABE,58.551456562254984,cloudy,67.48395235865871,none,23.496333742291608,4,8,2,38.949242647544914,15.70519404459316
2026-05-09T21:45:29.876740,56,CHAMP DE COURSE KSAR SAID ALLER,SABBELA (56),57.59559750223352,clear,24.66750389313937,none,17.144075555189772,4,11,9,25.035256066619848,3.8062189053123507
2026-05-09T21:45:29.876740,460 Retour,10 DECEMBRE,PLACE SALA CENTRE,14.407732212614956,clear,86.69194476574476,festival,30.355689792355868,3,11,1,54.28363836437937,2.0556800007584783
2026-05-09T21:45:29.876740,37 Retour,POSTE POLICE MORNAG,STATION DE BUS MORNAG,48.68658684688963,clear,13.514915657130047,festival,18.589180341707987,2,8,18,39.082183442745304,0.3960927236647649
2026-05-09T21:45:29.876740,58,RABATTEMENT KHAIREDDINE MANNOUBA,LYCÃ‰E IBN FOURA,39.45699079388618,clear,91.14797599932784,none,35.796072495345015,5,9,11,35.720221803492656,4.521359951758869
2026-05-09T21:45:29.876740,19A,DJEBEL JELLOUD GP1,BAB ALIOUA GP1,30.787719383780097,clear,90.5632443074555,match_sport,12.048821642098495,0,12,9,63.87770802090431,2.595998453399922
2026-05-09T21:45:29.876740,19D,STOA,CENTRE DE FORMATION SNT,22.141477209667034,clear,53.08479096320638,none,36.03864724440447,1,6,9,56.665058916893585,4.675499736942936
2026-05-09T21:45:29.876740,16D Retour,STADE DJEDAIDA,GARDE NATIONAL OUED ELLIL,17.373530244330595,clear,90.71913656279688,foire,37.995605512801404,6,1,20,79.16595542127088,9.802963806342486
2026-05-09T21:45:29.876740,29 Retour,HAMMAM BELLEVUE,DUBOSVILLE,48.63782193280338,rain,80.6242987567983,manifestation,16.850250093705593,1,3,3,67.04110916322898,0.38058886585321927
2026-05-09T21:45:29.877739,95,DÃ‰LÃ‰GATION DAOUAR HICH,AFFAIRES SOCIALES,57.45890100578829,cloudy,22.417581982662405,none,19.640369759415545,6,5,0,10.217562327458818,2.8046026350693483
2026-05-09T21:45:29.877739,24 Retour,SIÃ‰GE DÃ‰LÃ‰GATION MHAM,MGHIRA,42.34180182987673,clear,26.966989999762006,none,33.685479050108135,3,11,10,14.07287831073429,3.48662939116218
2026-05-09T21:45:29.877739,22,SONED,INSTITUT ENNOUR,41.16294878463997,clear,45.32003597592325,none,15.738719838542895,0,5,0,33.00881228113939,13.125615295154066
2026-05-09T21:45:29.877739,19,AV RÃ‰PUBLIQUE ,TERMINUS M-COTEAUX,40.86122930456982,cloudy,86.76545989055995,festival,36.46576366406421,1,9,18,67.0681442068661,0.3988971204135616
2026-05-09T21:45:29.877739,18B Retour,SHELL SOUKRA,HAMADI ABID,58.774524916552785,clear,40.6797152022266,none,10.389741850134708,1,7,7,27.832688993094084,0.7107820199715751
2026-05-09T21:45:29.877739,527 Retour,MAGAZIN AZIZA,JEANS JAURES,23.978550268528473,storm,26.089865879543844,none,15.668868256515037,0,10,17,74.27189072611627,12.221064946067841
2026-05-09T21:45:29.877739,12,MECHTEL,RESTAURANT BOU FERES ALLER,54.537898350449574,fog,47.698359602144244,festival,13.297701752790203,6,6,11,35.88822345357459,2.1156147656317477
2026-05-09T21:45:29.877739,61 Retour,Depart,Arrivee,25.72512377771414,clear,37.913699107137376,none,16.17316403144666,6,9,1,34.11521756640231,10.553686267374447
2026-05-09T21:45:29.878330,43 Retour,Depart,Arrivee,10.48362694234596,clear,69.89806001530125,marathon,29.9308410214834,2,12,19,104.70121789050587,3.822678583348334
2026-05-09T21:45:29.878330,23H,FURNA-RETOUR,ZONE INDUSTRIELLE-RETOUR,56.25774091952718,cloudy,81.14431206234975,none,19.00930523567129,2,11,15,34.64577662325588,11.202676040097487
2026-05-09T21:45:29.878330,31A Retour,GAALOUL,CHAMP DE COURSE KSAR SAID ALLER,31.35978013987348,clear,50.170036639674514,none,8.010654972323454,1,10,10,21.05949663637599,2.621659943191588
2026-05-09T21:45:29.878330,88,20 MARS RETOUR,BAB SADOUN,45.74185989683546,clear,76.4162714718399,manifestation,28.847320540327466,4,12,5,59.83706510440199,1.043832028542333
2026-05-09T21:45:29.878330,18 Retour,MOSQUÃ‰E SIDI FRA,10 DECEMBRE,58.92565673036562,storm,45.61328389959269,none,36.50608471557072,4,9,15,53.312593014439834,11.302346541233323
2026-05-09T21:45:29.878330,250 Retour,Depart,Arrivee,46.21813532816092,clear,63.198891934479335,none,39.294654302544146,1,4,0,39.44299901918039,10.56861632207035
2026-05-09T21:45:29.878330,16/,CASERNE OUED ELIL 1,ERRIADH,38.1168163695889,clear,41.32801290265148,none,31.00511409040675,2,6,20,26.1190514613781,7.8958050291708535
2026-05-09T21:45:29.878330,23T,CITE DES IMMEUBLES-ALLER,MOSQUÃ‰E MORNAGIAA-RETOU,45.77777478975476,clear,40.00299742685766,festival,16.052890099465788,5,5,18,56.264437549729465,17.95552504683211
2026-05-09T21:45:29.878330,51A,CITE MAHRAJENE,SHELL MENZEH 7,51.754717006496286,cloudy,23.996489311470334,none,22.984189082260595,6,12,22,16.901529211759467,4.855063153172676
2026-05-09T21:45:29.878330,33,CITE OUIFAK,GARTEX-ALLER,54.81822810405484,clear,72.04705375874616,none,9.695321385683101,1,6,20,25.425760419203062,0.4981270397475761
2026-05-09T21:45:29.878330,78,OMRANE SUPÃ‰RIEUR RETOU,RÃ‰SIDENCE YESMINE RETOU,18.637769699536136,cloudy,35.99450020279701,match_sport,33.54867676809571,0,8,7,56.62536625060081,2.5170638935889436
2026-05-09T21:45:29.878330,60A Retour,POSTE POLICE RUE DU SAHEL,TELECOM,19.58451206766447,fog,60.89043117110356,festival,28.353376174013853,2,11,6,60.601588149618784,2.964543372504229
2026-05-09T21:45:29.878330,16C Retour,CASERNE OUED ELIL 1,INEPS,28.006993304500313,clear,34.81931896455131,greve_transport,35.86502509766118,1,8,23,79.89216362807537,2.8381500226137675
2026-05-09T21:45:29.878330,16 Retour,IMMEUBLE CHEFIA,BAB SAADOUN RETOUR,55.01888644404656,clear,82.61812390805576,none,30.430110048568086,6,3,15,26.635692147873698,0.536520628769015
2026-05-09T21:45:29.878330,5C,PLACE PASTEUR,MENTAZEH MENZEH7,36.74394077337949,cloudy,50.386667576275556,manifestation,35.82269129089294,3,7,15,62.3593738903221,3.929125457061465
2026-05-09T21:45:29.879398,39,BORJ LOUZIR (BEN AROUS),MONGIL,22.032240675718825,cloudy,10.360150834123182,none,14.65447489592994,5,5,3,19.68241888413554,3.7534706198099266
2026-05-09T21:45:29.879398,18C,CLUB DE GARDE NATIONAL,EZOIDIA,26.56542771616977,clear,14.208991142755028,none,15.115406502141191,0,1,15,14.588876910734498,3.647850386986086
2026-05-09T21:45:29.879398,254 Retour,Depart,Arrivee,35.15147403983503,clear,46.91845047551791,manifestation,20.180676694318635,3,1,22,47.37820972811401,1.5984244913445258
2026-05-09T21:45:29.879398,66B Retour,FRIGO,LYCÃ‰E TECHNIQUE TEBOURB,20.186123096525773,cloudy,71.83796248933336,none,27.217844993940137,2,6,13,45.28087661758957,3.1502586150244127
2026-05-09T21:45:29.879398,71,OUED GUERIANA L71-ALLER,STEG ZAHROUNI,40.06250987360883,rain,64.00040216583531,none,24.378795652728584,1,4,11,33.43283779542397,5.9060331004072495
2026-05-09T21:45:29.879398,26C,TOUATI,BIR EZZANGA,11.214635169989014,rain,92.46239229543713,none,25.25754444269636,3,6,20,63.293986408253716,2.2215103978763535
2026-05-09T21:45:29.879398,77 Retour,PONT BIZERTE GLASSE RETOUR,NAHLI 3,16.324547966012712,clear,79.09078897335512,festival,23.952835972684735,0,9,16,91.82047293495535,13.454242876846877
2026-05-09T21:45:29.879398,94  Retour,Depart,Arrivee,38.763149452541874,clear,48.00927920316431,none,27.015872171212948,6,1,8,35.95847928756366,6.789567318408842
2026-05-09T21:45:29.879398,20A Retour,CITÃ‰ TAIEB MHIR,MOHAMED V,44.81806334582363,fog,73.8223292403483,greve_transport,28.34357690416861,6,1,3,82.10645907695638,8.25433791936278
2026-05-09T21:45:29.879398,24H Retour,E.P CITÃ‰ HACHE,FERAILLE 1,34.69029136450714,clear,43.172280105887914,none,21.63668506497606,4,9,1,25.463729556198697,7.766594058418785
2026-05-09T21:45:29.879398,33A/,CROISEMENT BIRINE L33A/-RETOUR,CHARLE NICOLE-RETOUR,34.604128711044595,clear,15.053540862206612,foire,18.317399484381824,5,9,22,43.033256003781766,13.418460382169414
2026-05-09T21:45:29.879398,44A,GESSIR 1,HUILERIE ENTRÃ‰E GALAA,22.081897403868886,cloudy,71.71105421495605,marathon,27.444415829892222,5,3,8,70.80097565286874,1.7526363465565424
2026-05-09T21:45:29.879398,24/,TERMINUS CITÃ‰ ENNASSI,CITÃ‰ ELLOU,54.92915902038773,clear,79.77999039302912,none,12.998287319482401,1,3,5,26.3446925169547,0.9996206256897437
2026-05-09T21:45:29.879398,20B Retour,MOSQUÃ‰E GAMMART,CITÃ‰ EL KHALILL,24.746574388060495,cloudy,26.93252087256904,none,10.1538844279642,5,1,0,10.114298723230673,2.326508846699062
2026-05-09T21:45:29.880397,10C,DUBOSVILLE,SNTRI,10.905471864397779,cloudy,54.23304109766018,none,39.86394326590495,4,5,17,102.05119913478671,8.574992891180628
2026-05-09T21:45:29.880397,4G,CHARLE NICOLE-ALLER,LYCEE SAOUEB-ALLER,28.072682919198364,cloudy,10.092638400883,none,36.61596548805348,3,6,20,17.90611962159771,3.4702510968304683
2026-05-09T21:45:29.880397,20A Retour,MONGI SLIM,PLACE DES DROITS DE L'HOMME,21.736879060654765,rain,74.8945226441407,match_sport,38.176379279781315,2,8,13,104.89587137501566,12.271163739082736
2026-05-09T21:45:29.880397,5C Retour,MINISTÃ‰RE DE L' Ã‰QUIPEME,PLACE DES DROITS DE L'HOMME RETOUR,54.4275691351684,storm,61.1723962620998,match_sport,35.489227825481585,6,11,15,53.85618017265767,3.0731205409363005
2026-05-09T21:45:29.880397,20B Retour,IMPRIMERIE BEN MAHMOUD,JARDIN THAMEUR,26.46857448222213,cloudy,64.21262887066476,none,11.76347630826093,1,12,10,57.1003910866034,16.14043276943482
2026-05-09T21:45:29.880397,116 Retour,OUED CHAFROU,CASERNE OUED ELIL 1,55.599209805384724,rain,73.27964359893018,none,10.71021477077431,1,7,10,40.18632775954493,11.019375542059176
2026-05-09T21:45:29.880397,116,CITE ERRAOUDHA ALLER,GARDE NATIONAL OUED ELLIL,20.550661449368025,clear,73.96030845474084,none,38.39884521078501,6,3,8,64.21871267020158,10.296560958439185
2026-05-09T21:45:29.880397,16,CASERNE OUED ELIL 2,EL HBIBIA 2,51.279010095621956,clear,34.29074706002003,marathon,9.511730946324889,2,4,13,69.82674340059725,11.146695676181496
2026-05-09T21:45:29.880397,19C/,CNSS,CITE SPROLS,16.224907796320025,cloudy,34.44693594040504,none,24.439913298264237,1,7,10,29.241074626172413,2.7068392284378975
2026-05-09T21:45:29.880397,18B,FOYER ARIANA,SIDI SALAH,31.600229440457696,clear,73.59047328906982,marathon,33.112742500556294,2,3,2,67.26697381937882,5.934368613903361
2026-05-09T21:45:29.880397,60,STATION BARCELONE,RUE 10800 (1),26.91082585912528,clear,88.43068581569588,marathon,18.847066790129915,0,10,0,74.88052542278689,6.2692321574929615
2026-05-09T21:45:29.880397,31B Retour,CANAL CHORFECH,SONED,13.157460095343172,cloudy,95.75380556052234,none,37.08247085110188,6,7,4,52.43532888110439,2.5667264732425394
2026-05-09T21:45:29.880397,67 Retour,Depart,Arrivee,50.41057238251183,fog,71.57249095357514,none,24.735752860952083,1,11,15,41.632123830088986,9.055343850539186
2026-05-09T21:45:29.881327,38B Retour,PLACE PASTEUR ALLER,PASSAGE JEANS JAURES ALLER,15.506801432602444,clear,72.3356822481448,none,32.62541495883502,6,3,1,26.55304291740349,1.8383528895213663
2026-05-09T21:45:29.881327,635A Retour,DEPOT CHARGUIA,TERMINUS TUNIS MARINE BUS,49.94762562084528,cloudy,56.031753189476575,manifestation,39.53345120003893,5,10,12,59.2927057697655,4.49974361462232
2026-05-09T21:45:29.881327,81B,JARDIN D'ENFANTS MOUROUJ 5,CITÃ‰ AF,58.545989426343986,cloudy,34.14442095598701,none,37.44586889642676,3,2,18,34.44779766371248,0.287428433782176
2026-05-09T21:45:29.881327,263 Retour,Depart,Arrivee,48.16467762794738,rain,11.814524390610469,none,10.880254094270036,0,10,11,27.219616169340327,8.473363999616828
2026-05-09T21:45:29.881327,16C,CASERNE OUED ELIL 2,P.T.T OUED ELLIL,47.89980386926609,cloudy,75.53999884667651,congres,21.58757954517449,3,8,4,45.19202901702374,2.3960988944446218
2026-05-09T21:45:29.881327,20 Retour,TEMINUS CITÃ‰ RIAD,PLACE DES DROITS DE L'HOMME,10.319687603800977,clear,98.08004682759092,none,9.4901571684515,5,2,19,153.12048887710134,17.71302084229176
2026-05-09T21:45:29.881327,19C/ Retour,DUBOSVILLE,STATION BARCELONE,43.164031842890914,clear,76.47139347714044,congres,11.72949400688632,4,1,15,36.36734420887508,1.9893508061785825
2026-05-09T21:45:29.881327,83 Retour,Depart,Arrivee,25.988864452444986,clear,90.96266948158862,festival,39.109854981985315,0,3,1,82.98330651574906,14.267763440215365
2026-05-09T21:45:29.881327,24A,CITÃ‰ ESSAADA (MHAMDIA,CROISEMENT OUEDHNA/JEBEL OUST,53.192459148527746,clear,20.141474117995614,none,8.858041530165472,0,11,9,28.304394071983147,4.125316079077985
2026-05-09T21:45:29.881327,33B,BAB ABDESLEM-RETOUR,AVENUE MADRID,38.238419959567,clear,78.01373141367513,festival,14.92808562177694,5,6,15,31.913433250383715,1.2919243883726637
2026-05-09T21:45:29.881327,31C/,SANAD,MAKFOUFINE 1,47.60234639029305,cloudy,36.03445243520302,none,35.4584983111982,6,9,21,21.12280380421332,0.8033755432650764
2026-05-09T21:45:29.881327,248 Retour,Depart,Arrivee,47.01564921654913,rain,99.52836735762968,match_sport,29.0243890204011,0,5,2,77.54880747627928,13.780344433117758
2026-05-09T21:45:29.882320,23B,20 MARS-RETOUR,ABDELMOULA-RETOUR,38.662978513214156,cloudy,79.57287088351455,foire,21.658969244659925,4,1,4,59.75721549337216,9.30551832440999
2026-05-09T21:45:29.882320,46B Retour,BOUCHIBA,CITÃ‰ ENNOU,44.54589109705164,rain,54.39936491168922,none,21.27000670878181,2,9,12,42.621348599060425,8.27419722556314
2026-05-09T21:45:29.882320,263 Retour,Depart,Arrivee,49.6621491000617,clear,52.51599719554279,none,8.503040329710394,1,7,22,36.51278574838561,10.896612623460092
2026-05-09T21:45:29.882320,97,POMPAGE,CITÃ‰ ENNASSI,38.84726213219801,clear,63.74914247673939,congres,14.172599797804075,5,3,17,47.120867759103746,4.813771480226675
2026-05-09T21:45:29.882320,94 Retour,CITE ELWAHA-ALLER,BEN MAHMOUD-ALLER,41.31825539404528,clear,89.41128506557784,manifestation,28.86610622992889,6,11,17,56.21571987533832,0.557515234493799
2026-05-09T21:45:29.882320,51 Retour,Depart,Arrivee,58.92981669564916,clear,48.8536532207418,none,32.84902216866527,2,10,7,36.51791087808341,10.741599215070128
2026-05-09T21:45:29.882320,74G,CITÃ‰ EL FAOUE,CITÃ‰ AF,54.57921557375128,clear,60.34657711221076,none,27.71133358113424,3,9,7,30.304105184940372,0.9496901849268848
2026-05-09T21:45:29.882320,58 Retour,CITÃ‰ ELWARD 16,OUED CHAFROU,13.73940822514326,clear,26.021435249937362,match_sport,18.2938894933451,0,1,19,118.01471209958761,15.58304768528536
2026-05-09T21:45:29.882320,264 Retour,Depart,Arrivee,42.84555065931273,rain,17.438955561083898,none,14.928705031520163,0,3,9,50.88933046077769,13.375895701013722
2026-05-09T21:45:29.882320,44C Retour,CITÃ‰ ERRAFEH,INTILAKA,19.51199419043995,clear,65.22382618924703,none,17.622117975159746,5,3,7,28.198363445926585,1.2807332706322523
2026-05-09T21:45:29.882320,54D Retour,DJEBEL JELLOUD,MOUROUJ 5,23.612717969223304,clear,82.64195458405064,none,35.09521308127555,5,1,22,55.79479818084359,9.716508742456249
2026-05-09T21:45:29.882320,27C,ECOLE NATIONALE DES PRISONS,CITÃ‰ 26/2,37.22570223046069,clear,47.3946800983155,marathon,19.744997619890746,0,10,2,55.786557254912346,0.8519450025027666
2026-05-09T21:45:29.882320,88 Retour,Depart,Arrivee,45.42966538110014,clear,14.622496572944339,none,28.54582869559701,6,11,4,18.421753750731362,12.989970844021023
2026-05-09T21:45:29.882320,26B Retour,LUSTRERIES,STATION BARCELONE,13.001815650117933,clear,53.876444035127285,none,35.766686329052064,0,1,2,69.61525224239904,7.521597044375724
2026-05-09T21:45:29.883319,635 Retour,CHARGUIA 2,FRETTE,39.902291123351176,clear,29.863316849581512,none,15.702797753032524,1,12,6,11.902372815930617,3.406210077027355
2026-05-09T21:45:29.883319,260 Retour,Depart,Arrivee,31.972114064774377,rain,97.86444403933359,none,35.59493158284404,5,6,1,66.13864754313596,13.570137047188002
2026-05-09T21:45:29.883319,18B,CLUB DE LA POLICE NATIONAL,MOSQUÃ‰E SIDI SALA,19.280734535319812,rain,26.217404820988687,none,15.616824943386444,6,10,16,20.614449032869235,2.5457627615734486
2026-05-09T21:45:29.883319,14C,LYCEE CITE ERRAFEHA,CAFÃ‰ SIRIN,24.76045004391812,clear,81.3578488392224,foire,32.9323922175232,4,7,20,51.97163349911179,2.782624403731079
2026-05-09T21:45:29.883319,23B,OUED GUERIANA L23,RABATTEMENT SLIMEN KAHIA,10.172124947220487,fog,37.437507170027715,none,30.351385911302042,0,5,19,58.80951773933889,0.8321999127562698
2026-05-09T21:45:29.883319,32A,DEPOT SNT SIJOUMI,CENTRE DE FORMATION ZOUHOUR-RETOUR,36.1130202264508,fog,15.826398946883256,none,27.097223360462085,1,5,18,48.11843360464432,3.0841522450051073
2026-05-09T21:45:29.883319,116 Retour,STIL,GARDE NATIONAL OUED ELLIL,17.099610296512488,rain,19.825273157885995,festival,27.424000031301414,5,5,15,61.64317122789098,8.632619605538961
2026-05-09T21:45:29.883319,27A Retour,LYCÃ‰E KHEREDINN,EL ANBARIA,53.13090508797153,fog,33.051798186590375,none,34.70706363610615,6,11,20,16.636943801677525,0.26465132282459614
2026-05-09T21:45:29.883319,26A,DUBOSVILLE,POULINA,21.204129578900165,cloudy,92.17311742742292,none,17.702799047132913,6,11,13,140.97072050613974,39.4047759071066
2026-05-09T21:45:29.883319,54B Retour,LES ROSES MOUROUJ 1,CITÃ‰ EL FAOUE,54.873735908262915,cloudy,53.330176943447576,holiday,22.3091875404431,3,4,16,32.0537524532099,3.3293148887952944
2026-05-09T21:45:29.883319,32A,ECOLE ZOUHOUR4-RETOUR,SIDI BECHIR-RETOUR,16.811163708298245,clear,90.0075595852085,match_sport,16.882594377653184,2,6,0,69.49824665858804,5.215890303074978
2026-05-09T21:45:29.883319,81A Retour,STEG MOUROUJ4,CITÃ‰ AF,33.36254240720103,clear,56.851654358334635,none,17.303495310675924,4,11,16,29.733485881796817,2.920361330765585
2026-05-09T21:45:29.883319,44 Retour,PONT BIZERTE,ARRÃ‰T EL KAAB,27.894426536284463,rain,41.39115296788188,match_sport,9.079363438647007,0,9,6,49.39981487417254,1.4165236837766795
2026-05-09T21:45:29.884321,42B Retour,CITÃ‰ TORJME,RABATTEMENT KHAIREDDINE MANNOUBA,15.638527924457653,fog,57.71971430388943,none,19.206884164208304,0,8,5,54.49660643616245,4.270672572979805
2026-05-09T21:45:29.884321,54C,CENTRE DE FORMATION SNT,CROISEMENT SIDI REZIG,15.716287280060111,cloudy,46.11299814811082,none,22.4613784084052,1,9,4,30.20745302699894,2.2651368203392805
2026-05-09T21:45:29.884321,54 Retour,SILOS MÃ‰GRINE COTEAU,USINE DE CARTON,30.809383046684786,rain,49.48403939954204,none,25.81726326140309,3,6,22,28.03734167831786,1.6340794252270667
2026-05-09T21:45:29.884321,24H,ZONE INDUSTRIELLE,CITÃ‰ EL HIDHA,57.398478277224875,clear,19.01113288478833,none,16.492988403037007,5,7,6,6.339801910361861,1.7452440769633655
2026-05-09T21:45:29.884321,10B,BAB ALIOUA GP1,STATION BARCELONE,29.92438445696675,clear,30.626641983500672,marathon,34.38336852015664,3,4,14,54.70013257463761,1.043615555381109
2026-05-09T21:45:29.884321,16 Retour,OUED CHAFROU,CITE MILITAIRE,46.83781726657116,clear,94.99579255091274,festival,21.49756221710499,3,9,9,68.88908727760486,9.683321256695724
2026-05-09T21:45:29.884321,35,INSTITUT NATIONAL DES SCIENCES APPLIQUÃ‰ES ET DE TECHNOLOGIE (I.N.S.A.T,EL FELL,46.060339026653345,clear,81.14331438202935,none,19.583294379273127,6,7,13,31.65337046039027,0.5901045720969771
2026-05-09T21:45:29.884321,58,CROISEMENT SANHAJA,CITÃ‰ ENNEJET ,32.24016666725363,storm,27.384139294268927,match_sport,25.657240995413055,2,1,23,54.59344885509313,2.08125532677761
2026-05-09T21:45:29.884321,27C Retour,LYCÃ‰E KHEREDINN,10 DECEMBRE,40.47507981952906,clear,85.05175365320673,none,9.700786949534333,2,8,12,33.118223719965535,1.2637979819526102
2026-05-09T21:45:29.884321,86,GARDE NATIONAL Z.I MGHIRA,MECAPROTEC AEROLIA,49.98574622639439,clear,33.54841119201403,none,36.30623185844932,0,8,17,35.777644355964256,1.5417636204042138
2026-05-09T21:45:29.884321,460 Retour,KHAZNADAR-ALLER,TOUTA 10 DECEMBRE,17.356017253379232,cloudy,44.74611401065532,none,24.755218337895595,1,5,1,50.043351339414734,8.95419094991237
2026-05-09T21:45:29.884321,58,CITÃ‰ ENNAJE,ARRÃ‰T ONA,42.96510469858647,cloudy,13.53680499059232,none,30.047762187871264,0,6,3,9.105545441086301,1.8886156483325993
2026-05-09T21:45:29.884321,60G,CHARLE NICOLE-ALLER,LA CAGNA (SECTION),50.331806086262986,cloudy,64.57107749361506,none,19.004602984075728,6,2,4,20.560402545296522,4.884770389929298
2026-05-09T21:45:29.884321,26C,BOUCHERIE EZZAOUIA,CITÃ‰ JABE,21.674663915487532,clear,19.925836158129847,match_sport,36.20473128071896,5,12,15,35.207243559540906,2.2058909413549053
2026-05-09T21:45:29.885322,85 Retour,PROTECTION CIVILE,TERMINUS 75 85,11.264570449481656,cloudy,36.072641853889465,none,23.631023431997928,2,1,1,90.96704560501882,12.146535284237817
2026-05-09T21:45:29.885322,81B Retour,CITÃ‰ AF,CITÃ‰ EL FAOUE,42.49853111252774,fog,32.91195863925334,none,24.681177295974063,3,10,12,35.30164659052321,0.9496901849268833
2026-05-09T21:45:29.885322,27C,CITÃ‰ 26/2,GUICHET GÃ‰AN,34.83880877938639,clear,79.31099869027909,none,32.49882360459781,5,11,14,33.06570306794028,3.4841821514037257
2026-05-09T21:45:29.885322,17A,MC 33,PORT LA GOULETTE,55.630884910193195,cloudy,35.9794054526324,none,17.47022928762657,3,12,17,31.898944413529648,0.5741543009121663
2026-05-09T21:45:29.885322,48,ETTADHAMEN,USINE LAZREG,10.88974450064126,cloudy,67.66221408550308,none,38.87160190726297,6,10,16,61.12707610109111,5.426191789981129
2026-05-09T21:45:29.885322,5C,PHARMACIE CENTRAL,TOUTA 10 DECEMBRE,10.174587930148512,cloudy,71.54737525079499,none,29.17135621186911,1,2,11,47.42043327144644,1.1750694493647318
2026-05-09T21:45:29.885322,14C Retour,FOYER BARDO 2 RETOUR,GARE ROUTIÃ‰RE NORD RETOU,16.647613538298348,clear,14.097294981976916,none,33.40696723339635,3,7,18,26.525266800438295,1.2986321665908864
2026-05-09T21:45:29.885322,5D Retour,ï¿½TAT UNIS,PASSAGE JEANS JAURES ALLER,39.427590728534035,clear,60.539416552259055,none,27.420437815910642,3,7,2,22.958369714540233,3.634492870434234
2026-05-09T21:45:29.885322,104,IBN JAZZAR MANNOUBA ALLER,CHEBBI ALLER,34.87183267615082,cloudy,84.16937114696997,none,18.756175375460657,5,11,14,52.337731268237505,13.390903712833346
2026-05-09T21:45:29.885322,14A Retour,SIDI ALOUI,ALI BALAHOUAN,28.72334445652767,rain,56.38368976702077,none,35.54563850663081,1,10,19,50.51438044838387,0.4982772051826396
2026-05-09T21:45:29.885322,78 Retour,Depart,Arrivee,30.21881003581228,clear,96.91603311126066,greve_transport,35.23830679932037,4,10,16,122.47572939990553,10.650772105466976
2026-05-09T21:45:29.885322,51 Retour,Depart,Arrivee,10.826136489326329,clear,84.6717140400731,none,19.65423044134029,5,2,17,111.23660445899941,12.794872096494537
2026-05-09T21:45:29.886327,14A,GARE ROUTIÃ‰RE NORD RETOU,ETTAHRIR SUPÃ‰RIEU,22.84742557904238,cloudy,83.61958425398038,none,16.824600363714286,1,10,3,36.67570272176202,2.662997967092591
2026-05-09T21:45:29.886327,54D Retour,MIAMI MOUROUJ,MEUBLATEX,56.54864571214222,fog,95.4237748013246,congres,34.087742114225954,2,11,4,57.76326675975848,0.23705928497358109
2026-05-09T21:45:29.886327,44C,CAFÃ‰ JABBE,JABBES,25.148383509791568,cloudy,88.84039721182756,manifestation,9.854261005152061,0,8,21,66.1491716764729,0.6012470631783895
2026-05-09T21:45:29.886327,258 Retour,Depart,Arrivee,48.27022196271106,clear,13.635971224927015,none,31.357619451434072,5,9,13,17.08993177957322,3.9157494977459666
2026-05-09T21:45:29.886327,88A,BAB SADOUN,MOSQUÃ‰E ELBOR,22.435784098943124,clear,76.08927821454992,none,14.917930636117369,0,3,7,43.06930880399415,1.2850905380370463
2026-05-09T21:45:29.886327,23,BEN MAHMOUD-ALLER,CIMETIERE ANGLAIS-RETOUR,39.47157415003035,cloudy,70.60206073454839,none,34.0913322928117,0,4,13,70.86370580429868,23.9287308180264
2026-05-09T21:45:29.886327,10C,STATION BARCELONE,YASMINET CENTRE,23.346609892287816,clear,32.03996765292821,none,26.334351158317386,3,12,8,45.331095227424484,8.611749018651986
2026-05-09T21:45:29.886327,80 Retour,CITÃ‰ SPORTIV,PATISSERIE BEN YEDER,25.808902543810422,rain,59.10770139342086,none,38.31483238658485,3,4,5,41.30814098701066,1.3660364345044194
2026-05-09T21:45:29.886327,10C,RUE GAZA,JARDIN D'ENFANTS AMEN,55.99240123510978,clear,23.93889434147883,none,33.3515573518166,5,7,4,11.908304728711451,7.279219901055244
2026-05-09T21:45:29.886327,54 Retour,SIEFCOL,SOUASSI,37.088400168834625,storm,38.05937086745084,none,23.448572732190538,6,4,6,89.6890773191152,35.16947767895364
2026-05-09T21:45:29.886327,45B,BIR ZITOUN,MANZEL SHAL,20.47342159026178,clear,88.51838886913767,match_sport,15.42348278615593,1,12,10,92.66008192620028,15.850361106518246
2026-05-09T21:45:29.886327,23H,GHDIR ELGOLLAH-RETOUR ,RABATTEMENT SLIMEN KAHIA,23.50972297484971,fog,11.149633900365043,festival,20.19952594102732,6,7,12,48.908982427850205,5.1121253387397445
2026-05-09T21:45:29.886327,460,BUREAU DE POSTE PLACE PASTEUR,MOSQUÃ‰E MANOUB,42.2019636263205,storm,38.058764648691664,none,20.905916415773167,4,1,16,52.518128431335334,9.187730172600393
2026-05-09T21:45:29.887328,21B Retour,TARHOUNA,ERRISSALA,35.29159685695355,clear,61.913780883212695,foire,34.96392375922625,5,8,8,47.79356095425426,3.955673775477317
2026-05-09T21:45:29.887328,79,BAB JDID-ALLER,KASBAH,21.77234127758322,fog,83.94001304121932,none,12.37706700545662,4,10,22,39.25350201340473,0.6056016238857596
2026-05-09T21:45:29.887328,23T,CROISEMENT BEN YEDDER-ALLER,BEN MAHMOUD-RETOUR,59.19887887039304,clear,57.493476293767515,none,11.905008485714713,3,8,8,66.44469829311494,37.27062739647782
2026-05-09T21:45:29.887328,32A,BAB MNARA-RETOUR,BAB JDID-RETOUR,49.748681758798135,clear,55.49681067670372,match_sport,11.314836948224933,4,7,14,47.82353602311046,0.5588120177956846
2026-05-09T21:45:29.887328,44A Retour,GESSIR 1,MAGRO,46.046627417095564,rain,94.05090741735724,none,29.952535551358558,1,7,4,78.36372881779414,30.09223968723361
2026-05-09T21:45:29.887328,31C Retour,CHORFECH 3,BOUCHOUCHA-RETOUR,42.37975588065077,clear,83.32315831599891,none,25.876896381760304,3,8,13,67.65474099218912,28.249030570294526
2026-05-09T21:45:29.887328,82 Retour,KHLIGE BOUMHAL,CTTM,33.95134794878669,clear,52.10491054345682,none,37.6027722395565,3,1,14,36.66445903999135,1.6138554739066562
2026-05-09T21:45:29.887850,16A,CROISEMENT SANHAJA,CIMETIÃ‰RE SANHEJ,24.355408992200342,rain,20.505235636968134,none,27.473219869226103,4,2,18,30.580642152651894,0.4674211649561446
2026-05-09T21:45:29.887850,19G Retour,CENTRE DE FORMATION SNT,MOSQUÃ‰E AL HAWA ALLE,26.250691101125042,cloudy,68.78652418723958,none,37.20573289317993,5,2,19,54.7196587055132,8.358984589463153
2026-05-09T21:45:29.887850,32,JARDIN THAMEUR,UNIVERSITÃ‰ IBN CHARAF ALLE,22.983772779447463,cloudy,13.675019081775705,congres,37.39754152249486,6,9,19,53.92455035738756,7.031172740092849
2026-05-09T21:45:29.887850,260 Retour,Depart,Arrivee,26.784272073995783,rain,95.59018111681146,none,29.682087224796035,4,1,3,50.42851801840422,4.372737707230054
2026-05-09T21:45:29.887850,75 Retour,SIDI FATHALLAH1,CENTRE DE COORDINATION OUARDIA,39.79174484503612,clear,39.24886686013775,foire,17.729448628345843,3,9,12,43.497273389424315,1.6663151525153435
2026-05-09T21:45:29.887850,79,EL AKERMA ALLER,CASERNE EZZOUHOUR RETOUR,48.08134863946474,cloudy,89.39041184747398,none,37.51023483629986,6,3,8,52.33001982451431,5.292032598578699
2026-05-09T21:45:29.887850,17,SOFOMECA,EL AFRANE,11.27046191897891,clear,14.040380293697861,festival,34.20502763319871,5,7,12,43.7346238711553,2.7460694874202645
2026-05-09T21:45:29.887850,37 Retour,KM 14 CROISEMENT GP1/MC39,SOMAG,24.658299036545756,rain,89.68502261204713,none,20.263563021092434,2,11,11,86.64544082106423,17.451375343773222
2026-05-09T21:45:29.887850,62,NAHLI 3,GUICHET GÃ‰AN,31.861431583057506,storm,44.642239472255554,none,22.835269746027,6,11,3,32.59224285134298,1.123366130543035
2026-05-09T21:45:29.887850,93  Retour,Depart,Arrivee,54.37425933536679,clear,13.447649979230588,none,17.08538530938845,5,2,4,10.869439749898293,8.096376926019502
2026-05-09T21:45:29.887850,24 Retour,CITÃ‰ ZITOU,RABATTEMENT MOUROUJ 2,17.74299987607909,clear,67.68679563975988,match_sport,32.084053037897036,5,3,4,57.464360386987025,6.499332955570434
2026-05-09T21:45:29.887850,61,PRISON CIVILE MORNAGIAA,GHDIR ELGOLLAH-RETOUR,23.588938710415064,storm,26.48490890444984,none,17.2454986181071,1,9,0,54.65487578151468,9.990020776570024
2026-05-09T21:45:29.887850,60A,HOPITAL DES ENFANTS,CHARLE NICOLE-ALLER,57.23650641630151,clear,40.03973130426091,manifestation,12.79535745872942,6,1,14,40.74099604567474,0.6451228039208212
2026-05-09T21:45:29.888847,31C/,SONED,CHORFECH 3,55.4781330063786,clear,80.10075678238516,none,11.034643642214682,0,3,18,37.86128796417808,0.7166167362754621
2026-05-09T21:45:29.888847,25C,PROTECTION CIVILE,CENTRE BEN AROUS,17.06876631905276,cloudy,60.680057896301754,festival,21.373510580125473,4,7,8,64.53853282339678,2.9751049012712416
2026-05-09T21:45:29.888847,14A,FOYER BARDO 2 ALLER,RÃ‰SIDENCE YESMINE ALLE,51.26074974522865,cloudy,70.22777044409206,none,30.329698716968917,5,2,0,11.26394152818501,1.0614981786834634
2026-05-09T21:45:29.888847,24A,CITÃ‰ EL OUIFAK (GN,FOUCHANA CENTRE,27.266715807341377,cloudy,87.06341518899475,none,30.711528892789925,3,4,23,31.17573243971948,0.42556579804484596
2026-05-09T21:45:29.888847,20G,BAB ABDESLEM-ALLER,BUREAU DE POSTE PLACE PASTEUR,13.522246908968029,fog,24.72696033662711,none,27.367527045381227,0,2,17,53.01500381011212,2.306181181429509
2026-05-09T21:45:29.888847,21,MOSQUÃ‰E EL AYE,TRANSFORMATEUR OUZRA,41.33650433443926,cloudy,21.178296456739645,congres,18.913412326086693,5,1,15,22.187417368450433,2.4903639344338773
2026-05-09T21:45:29.888847,65 Retour,Depart,Arrivee,21.13790567735533,rain,83.6414225372737,none,26.835442742203373,0,5,10,48.91465850310885,5.326375376686039
2026-05-09T21:45:29.888847,18 Retour,PARC SOUKRA,HAMADI ABID,19.552624322974335,cloudy,28.333296249091866,match_sport,15.723860416128126,0,10,7,69.64646118627348,6.853492511808886
2026-05-09T21:45:29.888847,87 Retour,Depart,Arrivee,59.31249282359422,storm,88.2573474985597,match_sport,20.36660524801836,6,7,6,56.960914807873806,1.2798459852284636
2026-05-09T21:45:29.888847,21,OUZRA (SECTION),CITÃ‰ BRAIE,31.70057056553144,storm,30.593392839907303,none,10.712628953555456,3,4,12,50.864383705942494,6.046741121620916
2026-05-09T21:45:29.888847,81B Retour,AV EL BORHENE,CENTRE CHALLAKH EL MOUROUJ 4,30.206805555684614,storm,34.964875194615374,festival,28.077892811980664,4,4,15,56.44360092099946,2.086371239491463
2026-05-09T21:45:29.888847,23C,SOGEFRIPE-RETOUR,OUED GUERIANA L23,13.055353923446653,clear,92.17979082275944,match_sport,17.77400007343543,0,10,8,120.10913792717828,9.859490628494086
2026-05-09T21:45:29.888847,18 Retour,CLUB DE GARDE NATIONAL,LYCÃ‰E KHEREDINN,53.50112635945859,clear,69.97388717731636,festival,14.22343138337473,5,12,4,36.972529518493026,8.683619331975256
2026-05-09T21:45:29.889855,20B Retour,CHTIOUI,LAC PALACE,20.466414495640286,cloudy,46.72407404935608,none,36.72450218644228,1,3,1,38.50230010458639,4.9994236349480055
2026-05-09T21:45:29.889855,19A,DJEBEL JELLOUD GP1,CITÃ‰ JAOUHAR,38.03639490963451,cloudy,31.66404029854789,festival,31.252384904763122,1,5,19,62.37997154789872,14.985181987958342
2026-05-09T21:45:29.889855,93  Retour,Depart,Arrivee,50.117199949097646,clear,66.31058911498828,none,15.498617342912254,6,3,17,35.82307861736469,7.8077927518730865
2026-05-09T21:45:29.889855,68,SIDI ALOUI,CHAMP DE COURSE KSAR SAID ALLER,23.698467318780146,clear,44.829080815275,congres,16.519291744318945,2,6,2,35.70653681578574,5.097137636086361
2026-05-09T21:45:29.889855,46B Retour,BOUCHIBA,TERMINUS TEBOURBA,50.30739820165209,clear,90.54164842139018,none,9.254447970640879,0,1,2,47.46242289842278,13.961073485208157
2026-05-09T21:45:29.889855,18,CHOTRANA 2,MONGI SLIM,45.79372084658543,clear,54.793562623847606,none,28.18260262691227,6,4,15,16.103389664850432,4.7195999939328
2026-05-09T21:45:29.889855,54A,FERAILLE 1,MIAMI MOUROUJ,10.835304595578295,clear,30.405831806569868,none,26.774901885497584,6,5,14,35.39631190851105,1.9471985543480734
2026-05-09T21:45:29.889855,635 Retour,DEPOT CHARGUIA,TERMINUS TUNIS MARINE BUS,41.12259372451726,clear,51.158796058963986,none,35.71540996174535,0,9,17,43.713641914742134,4.49974361462232
2026-05-09T21:45:29.889855,44D/,CITÃ‰ POPULAIRE ENNAHL,MBARKA 1,25.08103685426665,rain,55.47783514183442,marathon,30.462520874514766,6,10,19,98.25641541363206,15.88931045548722
2026-05-09T21:45:29.889855,34A,BOURAGBA-RETOUR,CROISEMENT MORNAGIAA-RETOUR,55.36756357584345,cloudy,49.483801134327315,greve_transport,35.58445142117249,6,8,7,83.14493957239506,2.4835953895135603
2026-05-09T21:45:29.889855,635,CENTRE DE TRI POSTAL,PLACE SALA CENTRE,46.132516733077765,clear,11.947662097712621,none,35.620286800741155,4,3,1,16.26584947381865,3.1819072561346484
2026-05-09T21:45:29.889855,20 Retour,TEMINUS CITÃ‰ RIAD,SIDI DAOUED (N9),30.41417566115985,cloudy,73.54021686104721,match_sport,27.537197673815434,6,3,8,56.91914797833179,4.576416294902591
2026-05-09T21:45:29.889855,16,CASERNE OUED ELIL 1,EL HBIBIA 1,47.53940882270003,rain,71.04935841681367,none,38.52268709999866,4,5,8,70.02844315871938,11.120976750302367
2026-05-09T21:45:29.889855,14A,ETTAHRIR SUPÃ‰RIEU,OMRANE SUPÃ‰RIEUR ALLE,25.606939583163577,clear,15.324048598355137,match_sport,36.24550192962065,1,2,1,31.713304042519102,0.6930555718803033
2026-05-09T21:45:29.890855,263 Retour,Depart,Arrivee,49.917208027241514,rain,51.70233757578713,manifestation,37.63942621922607,2,6,12,70.9259059417364,3.532236535099762
2026-05-09T21:45:29.890855,635A,CHARGUIA1,DEPOT CHARGUIA,49.44609662070516,clear,21.44594783726896,none,15.921986140376497,0,3,22,9.539121249029261,1.2408437267674546
2026-05-09T21:45:29.890855,5D,SOURÃ‰SEA,MONOPRIX MENZEH 6,41.44414792838433,cloudy,55.445961303307065,none,32.05610745252157,4,4,18,33.23646894073234,0.4731531889071796
2026-05-09T21:45:29.890855,47A,LES ABATTOIRS,LA POSTE,45.13816304032453,cloudy,18.14939292624112,none,9.62957144405443,5,10,4,14.133936684909335,1.0687699490638547
2026-05-09T21:45:29.890855,514A Retour,ENNASER 2 X20,CHARGUIA 2,29.750583500684847,clear,33.128529623873426,congres,17.93162802829054,3,3,8,51.32202382647072,6.116810425344228
2026-05-09T21:45:29.890855,47A,CITE ENNASR 1,PLACE SALA CENTRE,47.466375684122774,cloudy,35.26268293723964,none,17.200646356228084,0,4,15,20.99518056772389,5.583926527366893
2026-05-09T21:45:29.890855,47A,LYCÃ‰E KHEREDINN,EL ANBARIA,55.63570431968743,clear,82.40876209110661,festival,33.460329349550946,1,9,13,44.0164417186501,0.26465132282459614
2026-05-09T21:45:29.890855,19 Retour,STADE MEGRINE COTEAUX,AV RÃ‰PUBLIQUE ,25.74388629588749,clear,96.87048935551216,festival,24.987402156791486,4,9,14,49.90628928274089,0.5834188716858129
2026-05-09T21:45:29.890855,34,USINE DE BALLES-ALLER,SALLE NILE-RETOUR,35.053516035363856,cloudy,71.74683678359528,none,9.729266955132875,2,5,15,126.49567409578574,55.82962189551727
2026-05-09T21:45:29.890855,635,AÃ‰ROPORT PÃ‰LERI,LES ABATTOIRS,39.28801791854456,clear,67.58591556501071,manifestation,39.93828011495159,1,10,6,60.18326607136951,3.4886568060122594
2026-05-09T21:45:29.890855,5,TERMINUS TUNIS MARINE BUS,MUNICIPALITÃ‰ CITE EL KHADR,22.799781026328855,clear,76.30494792637616,none,10.00626044436429,4,2,2,31.53393552586579,4.1948709207363875
2026-05-09T21:45:29.890855,38B,RX,FACULTÃ‰ DES SCIENCES DE TUNI,26.85208442440725,cloudy,79.61655270441648,festival,17.422620568131748,0,3,8,64.46804269055856,1.9706672722226717
2026-05-09T21:45:29.891855,247,CARTHAGE PRÃ‰SIDEN,PARC SIDI BOU SAID,41.95575641949016,clear,77.06981140223662,none,37.54525658356117,5,6,6,27.16619323719869,2.097185794945365
2026-05-09T21:45:29.891855,18C Retour,RUE AÃ‰ROPOR,PLACE SALA CENTRE,53.056889083942444,cloudy,35.349769190038764,none,8.418355827374313,5,3,8,30.633340161643215,4.55439378015161
2026-05-09T21:45:29.891855,54B Retour,BATAM,FOYER UNIVERSITAIRE MOUROUJ 3,11.118311148288292,cloudy,37.62590517339582,none,35.938796646870074,1,1,7,58.242040884786995,1.7264057076058217
2026-05-09T21:45:29.891855,20G Retour,KHEIREDDINE BACHA,MECHTEL,58.63097316114865,rain,75.99481262505792,foire,19.09898574609516,2,8,2,53.596188068915204,1.7387836253983444
2026-05-09T21:45:29.891855,714,STATION BARCELONE,SIEFCOL,16.981844081391397,clear,76.75097136834994,none,15.134294557872675,4,3,16,48.588192469462626,5.939203394247735
2026-05-09T21:45:29.891855,44B,BORJ JEBBES,CITÃ‰ MONJI SLIM TERMINUS 44B 44D,24.966822859468266,clear,60.24598717936752,none,37.44915022836537,5,2,10,53.72895583287559,15.41818581938896
2026-05-09T21:45:29.891855,42 Retour,Depart,Arrivee,39.27241457423115,cloudy,47.447242945194944,foire,34.37320124518485,0,5,6,44.47525514844209,8.25701572822707
2026-05-09T21:45:29.891855,84 Retour,CENTRE DE FORMATION MGHIRA,CITROEN,55.23367187658683,clear,88.28416079983282,none,36.17995251120071,2,6,18,49.08178492803617,0.9854298752829598
2026-05-09T21:45:29.891855,20A Retour,BANQUE DE L'HABITAT,PLACE DES DROITS DE L'HOMME,21.01330765918942,cloudy,16.14243751167229,foire,17.422960677032457,1,1,4,32.735330457332125,1.4412906552730558
2026-05-09T21:45:29.891855,36,TERMINUS MINISTÃ‰RE DES AFFAIRES ETRANGERES ( L 36 B ,PLACE PASTEUR ALLER,18.76353011213765,rain,29.16314941345398,festival,19.026681429108237,2,8,8,56.38781877839461,1.8711379212818517
2026-05-09T21:45:29.891855,88A,BOUCHOUCHA-ALLER,BEN MAHMOUD-RETOUR,53.07640651490192,clear,61.61049876038684,none,39.80840115498299,5,1,20,35.75085432145586,13.644685982889278
2026-05-09T21:45:29.891855,16A,CASERNE OUED ELIL 1,GARDE NATIONAL OUED ELLIL,22.28773856638915,cloudy,95.8216562115295,festival,30.0267631481566,6,2,2,41.67222383559883,2.798020747251311
2026-05-09T21:45:29.891855,17,LES BUNGALOWS,SOUK RADES,30.715932512617336,clear,27.873065484424846,manifestation,30.2879543310393,5,8,1,40.03874218792476,3.433868605298912
2026-05-09T21:45:29.891855,26B,GAN,LE CANAL,44.57395911207895,cloudy,42.8787606848359,none,34.56233914257847,0,9,19,32.202610990934275,2.683409136702661
2026-05-09T21:45:29.892854,91,MUNICIPALITE MANNOUBA-ALLER,CITE HASSEN BELKHOUJA1-RETOUR,15.516114843953908,cloudy,17.198736214662695,none,35.220052634035625,0,7,18,48.34676304839191,2.8382714436012804
2026-05-09T21:45:29.892854,73 Retour,Depart,Arrivee,29.723872049105935,clear,25.848683224071316,foire,11.539384062101263,0,2,20,42.581337794413585,8.064986367127197
2026-05-09T21:45:29.892854,259 Retour,Depart,Arrivee,46.31013938195502,clear,87.40448917265954,none,37.1181137085558,0,3,12,49.68444920317156,5.686728786307785
2026-05-09T21:45:29.892854,20G,MECHTEL,SIDI ABD AZIZ,38.02990353538895,clear,61.197471762505984,none,22.08893346690513,3,5,19,63.555780678398754,17.48764616950625
2026-05-09T21:45:29.892854,25D,NATACHA,CENTRE DES HANDICAPÃ‰,31.22095795838208,clear,22.475895703074073,none,27.439418158368355,0,5,6,37.71923289634984,16.804905282340012
2026-05-09T21:45:29.892854,116 Retour,GAALOUL,UNIVERSITÃ‰ IBN CHARAF RETOU,45.436490930322755,clear,50.22145826231567,congres,20.7030931972552,3,12,20,39.905324240560894,7.289728709208607
2026-05-09T21:45:29.892854,64,FOYER BARDO 1 ALLER,TERMINUS 64/30,39.18482914017078,clear,64.30868726452903,none,27.495627378301513,1,4,16,23.970606308036324,3.314610534488264
2026-05-09T21:45:29.892854,60A Retour,RUE DU SAHEL,CHARLE NICOLE-ALLER,58.81205164682875,rain,96.07776599599552,manifestation,31.282638396639133,1,4,4,68.63120583053114,2.8650937426238503
2026-05-09T21:45:29.892854,22,CENTRE DE TRAUMATOLOGIE ET DES GRANDS BRULÃ‰,CENTRE DE COORDINATION OUARDIA,53.499568445729736,clear,73.94374614606076,none,14.668719366917436,6,4,2,26.746077312077997,6.815321582302959
2026-05-09T21:45:29.892854,19E,"PONTS ET CHAUSSÃ‰ES , SAINT GOBI",SOCIÃ‰TÃ‰ ST,13.070872082191006,cloudy,23.73170128062489,match_sport,29.2925270965167,4,1,11,52.08239966047173,2.677328131371217
2026-05-09T21:45:29.892854,18 Retour,E.P SOUKRA,LYCÃ‰E KHEREDINN,55.627888593932994,rain,75.81917590069942,festival,11.372591166427625,0,12,13,57.99929650159553,6.067969586953689
2026-05-09T21:45:29.892854,34,FIRMAT AICHA LOUERDANIA-ALLER,ROND-POINT SIDI HSIN-RETOUR,41.15465636569529,clear,28.89610482241106,festival,37.310530719103454,6,8,16,118.96370518795794,64.15636062149856
2026-05-09T21:45:29.893846,104,IBN JAZZAR MANNOUBA ALLER,HEDI CHAKER MANNOUBA ALLER,41.14879378934454,cloudy,43.68370434835704,marathon,29.365136740075393,1,3,7,87.52938502267152,14.56232484452645
2026-05-09T21:45:29.893846,59 Retour,Depart,Arrivee,17.9426038079828,clear,24.450614002735865,match_sport,9.884682413686885,0,12,0,68.06459606994501,10.4727911992882
2026-05-09T21:45:29.893846,251 Retour,Depart,Arrivee,45.392960013681936,clear,74.07861813812944,foire,16.559404347161596,3,4,0,47.84859386640985,8.501091665418574
2026-05-09T21:45:29.893846,63 Retour,PASSAGE JEANS JAURES ALLER,BEJAWA 2,50.98558113766625,cloudy,11.16432030478204,none,18.947618524542424,0,4,6,23.264767284690784,16.05662610671284
2026-05-09T21:45:29.893846,46,CITÃ‰ ELBJAOU,EL HRACHNIA,28.944078470097768,clear,97.39665984392397,none,36.673813999935504,5,6,0,44.52788602181619,7.935439883206071
2026-05-09T21:45:29.893846,92,CHEMIN DE FER-ALLER,RABATTEMENT SLIMEN KAHIA,28.160147238832746,rain,77.70321338264435,marathon,17.832159396121956,4,3,12,81.57627892401935,3.1941961148423372
2026-05-09T21:45:29.893846,55,INEPS,TERMINUS HOPITAL DAOUAR HICHER,33.3097902618521,storm,89.30428002589107,none,31.144830095704673,3,3,8,74.88415514386121,2.2565319506037644
2026-05-09T21:45:29.893846,94 Retour,CITE ENNACER-ALLER,RABATTEMENT SLIMEN KAHIA,44.011809814155555,cloudy,98.61989450101314,none,33.15657541981648,0,12,3,44.4854871362803,8.763546618334622
2026-05-09T21:45:29.893846,33A,JARDIN THAMEUR,ECOLE ZOUHOUR4-ALLER,23.319745831048486,cloudy,61.30842126294924,none,30.10803392051082,5,5,7,46.78895223702765,6.5407916503385355
2026-05-09T21:45:29.893846,635 Retour,AÃ‰ROPORT PÃ‰LERI,FRETTE,59.20297861927056,clear,49.687784960176785,none,16.34004842678642,5,9,8,19.969135927759794,0.6878771504661136
2026-05-09T21:45:29.893846,92,RABATTEMENT SLIMEN KAHIA,RABATTEMENT SLIMEN KAHIA,56.24623573570085,clear,37.97104412941697,none,36.7901638488834,0,1,16,24.62233645795205,5.973400054144973
2026-05-09T21:45:29.893846,61 Retour,Depart,Arrivee,35.20307413419964,clear,72.24025301429889,none,39.40763723717504,5,1,11,47.639838266924315,14.798044818660847
2026-05-09T21:45:29.893846,33,CITE ESSALAMA,JARDIN THAMEUR,27.059095570418307,cloudy,82.7180064202726,none,25.261102760959567,4,10,23,113.9875985255646,36.44133206661557
2026-05-09T21:45:29.893846,38B Retour,JEANS JAURES,TERMINUS TUNIS MARINE BUS,46.47099966271284,cloudy,63.16175317440268,none,30.625577757535627,6,1,21,17.24776777087301,0.5937883565173401
2026-05-09T21:45:29.894855,74G Retour,LYCÃ‰E 2 MARS EL OUARDIA L(G,SALLE DES FÃ‰TES KERMES,10.931384426219617,cloudy,62.89464550603764,none,16.160056256861434,6,12,4,32.17879318059467,1.406257583636835
2026-05-09T21:45:29.894855,38B,TERMINUS TUNIS MARINE BUS,FOYER OMRANE SUPÃ‰RIEU,41.89028579878402,rain,89.99464979961539,none,34.030796580311176,3,12,9,62.42074847789611,8.739445251639506
2026-05-09T21:45:29.894855,44C Retour,KIOSQUE AGILE,BORJ JEBBES,30.249638545811305,cloudy,75.36820347272516,none,8.44737552272533,0,12,1,34.35960762905308,3.6128107307393122
2026-05-09T21:45:29.894855,46B,BOUCHIBA,TERMINUS LAAJEMA,24.799160685810403,clear,57.091981537815116,festival,31.969779590669056,3,9,3,36.02768703582498,0.8566145016085294
2026-05-09T21:45:29.894855,116 Retour,CHEBBI RETOUR,GORJANI RETOUR,44.65555297735286,clear,45.07697652642774,none,21.339833067661996,3,6,11,14.134841712843773,4.37856688741314
2026-05-09T21:45:29.894855,5C Retour,CITE MAHRAJENE,MOHAMED V,52.72102046906973,clear,70.10277147149787,none,24.942875263086933,2,4,4,19.282238969914918,1.7077851203957075
2026-05-09T21:45:29.894855,20A,PLACE DES DROITS DE L'HOMME,BHAR LAZREG1,15.605962508134944,cloudy,64.85201227958255,none,37.647078545909054,5,2,5,80.70548861469945,12.910521206037906
2026-05-09T21:45:29.894855,253 Retour,Depart,Arrivee,15.79260191506838,clear,26.409588629956414,none,30.180229606195237,3,5,5,36.91421532230501,5.778054167039539
2026-05-09T21:45:29.894855,635A Retour,DEPOT CHARGUIA,TERMINUS TUNIS MARINE BUS,49.51841124325438,storm,23.392189641561078,none,26.161195761133396,2,11,11,41.29525125342656,4.49974361462232
2026-05-09T21:45:29.894855,42B,ZONE F,MAASRA,42.73812642531252,cloudy,87.67665987315162,none,38.449348696175946,1,7,15,45.0858230022895,9.237405480957698
2026-05-09T21:45:29.894855,248 Retour,Depart,Arrivee,16.785703850050268,fog,95.99004193513782,none,34.9670931213811,4,7,3,97.71064808143305,13.042878920894172
2026-05-09T21:45:29.894855,54A/ Retour,SOCIÃ‰TÃ‰ NO,INSTITUT ENNOUR,42.64365464850799,clear,31.885081617315613,none,33.493067963194804,6,5,20,11.835638156887788,3.7452594520082707
2026-05-09T21:45:29.894855,94 Retour,ABDELMOULA-ALLER,OUED GUERIANA L23,31.955040287465543,cloudy,93.4715152219084,match_sport,22.142891369964236,6,7,15,37.086206661598915,0.4968889556858258
2026-05-09T21:45:29.895855,17A Retour,PTT RADES,CENTRE RADES,24.592598295829482,clear,91.247591347667,none,16.99075370153669,0,3,10,27.979451720883006,0.3094621823422159
2026-05-09T21:45:29.895855,460 Retour,POSTE POLICE MANOUBA-ALLER,PLACE PASTEUR,34.760150442551776,cloudy,45.23490987522005,none,14.977897112743893,6,4,16,31.764915647843488,9.215418601408093
2026-05-09T21:45:29.895855,635A Retour,DEPOT CHARGUIA,TERMINUS TUNIS MARINE BUS,56.58988272329993,cloudy,65.83049776557995,festival,25.963808550987736,2,6,12,50.358341311344304,4.49974361462232
2026-05-09T21:45:29.895855,258 Retour,Depart,Arrivee,55.678127791965146,cloudy,72.93150949920005,greve_transport,10.406289734706533,3,7,3,94.4419978985549,6.907028830244916
2026-05-09T21:45:29.895855,46 Retour,ELMELASSINE,CITÃ‰ ERRAJE,58.315535444620636,clear,80.75964075783438,foire,29.86641384114831,2,7,0,48.50861707385109,12.421686348846457
2026-05-09T21:45:29.895855,83 Retour,Depart,Arrivee,32.03747001857883,rain,93.43714645392726,none,26.13609328360968,2,5,0,69.66836022192653,13.888594571304875
2026-05-09T21:45:29.895855,44D/ Retour,TOUBEN 2,LES ABATTOIRS,25.103645039458485,cloudy,95.19904277972601,marathon,32.615756133614596,3,12,6,71.7851046399261,2.4961246636078442
2026-05-09T21:45:29.895855,263 Retour,Depart,Arrivee,48.94368241279813,clear,78.81723948564763,none,23.26559800694023,2,2,19,51.37197728161712,14.200280060148861
2026-05-09T21:45:29.895855,81 Retour,Depart,Arrivee,42.23210033031746,fog,60.974362054918664,match_sport,39.38376720720632,4,4,2,66.57459034180444,1.5248032597547636
2026-05-09T21:45:29.895855,48 Retour,IBN JAZZAR MANNOUBA RETOUR,POSTE POLICE MANOUBA-RETOUR,34.62078070642735,cloudy,96.55693193533307,none,32.37286364698136,6,7,5,20.691606088932474,0.6315402356346098
2026-05-09T21:45:29.895855,47A,PLACE SALA CENTRE,LA POSTE,37.30629761844672,clear,30.062006094669755,manifestation,23.22661104004132,4,11,15,40.248723869046316,0.41379882643305876
2026-05-09T21:45:29.895855,635 Retour,PLACE SALA CENTRE,CHARGUIA 2,38.78905074127002,storm,97.68823183047567,none,32.679573331771195,3,8,7,76.99680090194894,1.4127725350142724
2026-05-09T21:45:29.895855,60 Retour,"ECOLE PRIMAIRE 6,1",LYCÃ‰E OUARDI,23.137635390620655,clear,27.101656442391498,festival,22.67916972257854,3,1,9,41.110613433525856,3.689400051787633
2026-05-09T21:45:29.895855,68 Retour,CAFÃ‰ LA PAI,CHAMP DE COURSE KSAR SAID RETOUR,56.018015695693,clear,74.99655274233346,none,28.59086541204748,0,12,18,34.105995751742114,1.240770393858118
2026-05-09T21:45:29.895855,98,ERRIADH,SAIDA,10.173422962174769,fog,39.38044975762324,none,22.282688823060415,1,9,18,59.853430304143906,1.52295362092217
2026-05-09T21:45:29.895855,21 Retour,FERCH ANNABI (TERMINUS),AV BAYREM ETTOUNSI 2,50.963100236101454,clear,52.62982812569694,foire,39.96093721133781,0,6,15,44.99811468114788,5.725508921732021
2026-05-09T21:45:29.895855,54B Retour,IMMEUBLE OASIS,CENTRE CHALLAKH EL MOUROUJ 4,39.84141106826201,cloudy,64.97399864475338,festival,18.01817565800214,5,11,19,41.327930782954574,1.9366386525475998
2026-05-09T21:45:29.895855,36 B,TOUTA BARDO,CAMPUS ALLER,13.151303491576911,cloudy,68.78221955034175,none,19.892083790028867,3,2,11,42.89242270163594,2.5111110697929107
2026-05-09T21:45:29.895855,70 Retour,Depart,Arrivee,58.71729124886433,fog,38.56647962430722,congres,33.9966477358735,5,6,1,45.244836757850116,14.359344086456112
2026-05-09T21:45:29.895855,16C Retour,MOEZEYA,SECTION MANOUBA,19.35686042989107,clear,49.7869366095008,none,12.221510669550991,0,3,13,33.146608333469985,2.336689580602846
2026-05-09T21:45:29.897370,22A,CENTRE DE COORDINATION OUARDIA,AVENUE DE LA GARE,30.503122423928527,clear,10.923492556404584,festival,30.864034962171207,2,11,17,40.45425061339255,1.7642363431333727
2026-05-09T21:45:29.897370,527,STEG JEANS JAURES ALLER,CITÃ‰ EL KHADHR,37.81537353073395,clear,65.55396584202784,none,37.13931845679099,3,5,0,26.779127032697822,2.777546487726582
2026-05-09T21:45:29.897370,66B,LYCÃ‰E TECHNIQUE TEBOURB,ECOLE EL HAWARIA,46.160007136327685,cloudy,53.80017553079561,festival,20.664123207155043,0,12,6,64.02488912026777,23.67293800824425
2026-05-09T21:45:29.897370,16C Retour,BORTAL RETOUR,IMMEUBLE CHEFIA,55.64369214882317,cloudy,56.91083541279573,match_sport,8.128787571100453,0,11,9,57.78507889602997,3.084340336371673
2026-05-09T21:45:29.897370,258 Retour,Depart,Arrivee,42.05431419798292,clear,14.274480221409,manifestation,13.433440157941739,5,9,14,53.75317600786137,12.834364938621466
2026-05-09T21:45:29.897370,15 A,TERMINUS L 15 A,AVENUE MADRID,56.116153073933454,cloudy,32.28815053410899,none,15.371765229594114,1,10,14,25.422773911000608,6.447492710888938
2026-05-09T21:45:29.897370,3A Retour,RELAIS BARDO,TOUTA BARDO,15.796675532875318,clear,66.25482156733298,none,10.088780310453057,3,8,4,27.62740182576616,0.345757058017099
2026-05-09T21:45:29.897370,27,LYCÃ‰E SIDI AMO,TERMINUS RAOUED,23.929258642353282,cloudy,57.05253547050821,none,18.06439585192362,2,7,19,48.10368523387824,3.9973648073338772
2026-05-09T21:45:29.897370,61,CITE JABRI-RETOUR,ABDELMOULA-RETOUR,56.31814847090057,clear,27.71804359097265,festival,26.482485116223,0,12,19,35.633693087210034,4.360567230340905
2026-05-09T21:45:29.897370,81A,CENTRE CHALLAKH EL MOUROUJ 4,STEG MOUROUJ4,30.651355581576407,clear,55.75714295746107,festival,9.432071014195312,5,5,6,35.49871976272669,1.179649817702983
2026-05-09T21:45:29.897370,16/ Retour,CITE MILITAIRE,INOPLAST,20.189227727043843,rain,34.48027503380702,match_sport,25.29676348604317,0,10,17,63.985207913830116,1.9495238625318851
2026-05-09T21:45:29.897370,20A,EZOIDIA 20A,E.P BHAR LAZREG,40.79216779344965,clear,48.13945721015696,none,39.98458020529449,4,5,12,34.63828396570023,1.4341629922603385
2026-05-09T21:45:29.897370,94 Retour,CITÃ‰ AOUINE ,CITÃ‰ AOUINE ,29.2335312398717,clear,78.64010347488778,manifestation,26.796358104281836,4,11,5,69.41968867398757,8.53385741868045
2026-05-09T21:45:29.897370,81B Retour,AV EL BORHENE,14-janv,43.12436980177293,clear,93.08190874065153,marathon,30.9064102014092,5,9,11,54.75087151151936,1.704084876753353
2026-05-09T21:45:29.898384,3A Retour,MEFTEH SAADALLAH ALLER,SIDI ALOUI,59.855681700636964,cloudy,46.759300920285085,none,21.30668960857695,0,10,2,15.827835181946199,1.1605453710308327
2026-05-09T21:45:29.898384,93  Retour,Depart,Arrivee,46.10943062378372,rain,44.85066216606723,none,34.958534539920464,0,9,21,40.627310178579535,10.625591647732072
2026-05-09T21:45:29.898384,16 Retour,CASERNE OUED ELIL 1,BAB SAADOUN RETOUR,45.06364923374976,cloudy,26.053629712932608,congres,19.32881898712768,2,6,5,34.2935121918128,8.0961976074903
2026-05-09T21:45:29.898384,27 Retour,AICHOUCHA,MAGRO,11.765112725703483,storm,68.33616024388361,none,28.097744996813606,4,5,7,111.30658015593707,8.471571744118846
2026-05-09T21:45:29.898384,53 Retour,Depart,Arrivee,59.254776166989885,clear,75.00502891327145,none,28.878660751614515,1,1,10,26.420829396669667,3.7340201142241343
2026-05-09T21:45:29.898384,31,CHORFECH 1,OUED ELMELAH,28.8462981962554,cloudy,84.9626450315767,none,18.528338473836822,4,10,20,45.16555028494638,5.29446117630447
2026-05-09T21:45:29.898384,3710,ARRÃ‰T JARDIN D'ENFANT,Z.I BORJ CEDRIA,23.48503826228419,clear,49.27909973452725,festival,9.314809054957607,4,5,7,110.32297719913987,21.276179443275254
2026-05-09T21:45:29.898384,5 Retour,SCHILING,KHEIREDDINE BACHA,55.898099035067816,clear,24.26923780744142,manifestation,35.81705353676443,6,1,9,44.49838488204581,0.24300930904684392
2026-05-09T21:45:29.898384,94,CANAL AGBA-ALLER,CITÃ‰ AOUINE ,29.03305505641005,clear,63.98439124206794,none,22.767774767730963,2,1,12,72.80599294743122,20.936173433421807
2026-05-09T21:45:29.898384,635A,FOIRE LA CHARGUIA,DEPOT CHARGUIA,34.14457279971384,clear,37.90227978631822,foire,17.041389923072366,4,2,20,33.65297864717904,0.4837242437348923
2026-05-09T21:45:29.898384,88A,CITE JABRI-RETOUR,DENDEN-RETOUR,50.787579372855745,clear,32.235998088178796,marathon,36.767713793667,3,9,14,63.52276427331966,5.4852769098023035
2026-05-09T21:45:29.898384,32A,STADE MELLASSINE-ALLER,SIDI BECHIR-RETOUR,56.938580550719486,clear,10.517793609097119,none,23.617998717231103,2,3,11,21.764285049329782,18.328521336871603
2026-05-09T21:45:29.898384,93,RABATTEMENT KHAIREDDINE MANNOUBA,TERMINUS 16A 93,22.094232399139376,clear,23.19527006048174,none,14.5096800689324,0,8,2,13.038574197551348,2.433041576483721
2026-05-09T21:45:29.899384,98 Retour,OUED CHAFROU,DOUAR EL BEY,42.50861567862554,cloudy,17.017698116963036,none,33.3180724980256,1,10,20,17.543756343425756,5.029705260590452
2026-05-09T21:45:29.899384,61,BEN MAHMOUD-ALLER,CROISEMENT SIDI ALI HATTAB-RETOUR,32.333386223070775,cloudy,85.01710979628979,none,11.440865401096254,1,12,18,65.1216897541404,12.805405633746243
2026-05-09T21:45:29.899384,69 Retour,AVENUE CARTHAGE,MOEZEYA,12.539181961837567,cloudy,65.26138734051267,none,17.81650626089445,1,9,9,100.41849065248154,11.10352888001383
2026-05-09T21:45:29.899384,98 Retour,SIDI TALEB 16D,CITÃ‰ TORJME,44.731250219104716,cloudy,28.179554042595363,congres,21.687216491338216,1,1,5,27.82354056333446,6.6021261939018885
2026-05-09T21:45:29.899384,44D/ Retour,MAKFOUFINE 2,CHARGUIA 2,15.507681978981344,cloudy,34.59855007126906,none,14.975791394699833,3,10,2,80.1527707444887,16.0608915876956
2026-05-09T21:45:29.899384,50 Retour,Depart,Arrivee,54.51960674834163,rain,42.61541068124301,none,30.448110645999694,6,7,10,15.593134622173416,2.9085387556752043
2026-05-09T21:45:29.899384,66 Retour,EDKHILA,ENTREE CHOUIGUI,58.20103614786141,clear,79.18398178906727,congres,18.84506250507913,6,5,14,42.858097350399,9.353342550022756
2026-05-09T21:45:29.899384,32D,RABTA,JARDIN THAMEUR,44.34804774934223,storm,86.40090076704101,none,29.426020724932595,2,9,2,55.268413423535016,3.320948163921038
2026-05-09T21:45:29.899384,58,CITÃ‰ ENNEJET ,CITÃ‰ ELWARD 16,11.841790855165165,cloudy,68.48401029849708,congres,30.827761714050254,6,3,21,45.69010607468546,2.2838462618213207
2026-05-09T21:45:29.899384,18C,EZOIDIA,BYRSA1,22.701384629152013,cloudy,89.80872805377561,none,30.595966333306343,3,10,10,38.24954776196998,3.863116231841042
2026-05-09T21:45:29.899384,74B,CROISEMENT MOUROUJ 2,JARDIN D'ENFANTS MOUROUJ 3,41.02763292974406,cloudy,80.36463476289808,none,17.754020307661936,1,10,23,31.451729739139616,1.9391427300338613
2026-05-09T21:45:29.899384,44B,MAKFOUFINE 1,LYCÃ‰E SIDI THABE,41.091979324700965,clear,36.55065351194713,match_sport,15.379181915205859,6,2,10,31.364930381038562,2.7861415849644597
2026-05-09T21:45:29.899384,24A,RABATTEMENT MOUROUJ 2,CITÃ‰ TAYAR,20.505272475251076,clear,27.150511625716295,none,25.98662084595433,2,10,13,47.872249966020554,9.361692512288382
2026-05-09T21:45:29.899384,17,LES BUNGALOWS,CASINO RADÃ‰,40.56681734764765,cloudy,39.98838089132731,festival,37.31948266602288,5,7,10,35.53448849270571,1.1185752275929133
2026-05-09T21:45:29.900385,57A Retour,LYCEE CITE ERRAFEHA,INTILAKA,42.818190540050345,clear,41.56450457429492,none,31.77843631304563,0,6,5,12.92400673423309,0.635380056766885
2026-05-09T21:45:29.900385,251 Retour,Depart,Arrivee,47.26092385980779,clear,66.72143413955455,none,22.61212765283653,5,4,4,34.33620362159788,13.39870552842526
2026-05-09T21:45:29.900385,33,25 JUILLET-ALLER,USINE DATTIERS,34.30822328741985,cloudy,36.068140934265244,match_sport,27.306158300462076,6,5,18,74.85635620820214,17.44746835399717
2026-05-09T21:45:29.900385,81 Retour,Depart,Arrivee,26.08984542938044,clear,72.88621346352706,none,24.56587688096238,4,2,10,28.07992286184134,2.265176479174694
2026-05-09T21:45:29.900385,47A,CITE ENNASR 1,CARNOIE,30.46934184082246,clear,98.13699976756648,none,39.87446130549113,4,3,17,62.076266780592995,2.6589430068568536
2026-05-09T21:45:29.900385,25D,CITÃ‰ MEKK,EL AFRANE,44.28665507762499,clear,97.22324628624206,none,15.05246414657455,0,8,4,41.13158789679527,10.874430888926959
2026-05-09T21:45:29.900385,14CG,RÃ‰SIDENCE YESMINE RETOU,OMRANE SUPÃ‰RIEUR ALLE,39.41624972312232,clear,55.33183321252604,festival,32.77953235781082,2,1,4,28.87735880262832,1.2130550371261846
2026-05-09T21:45:29.900385,81 Retour,Depart,Arrivee,21.761728998532327,fog,23.76148996452057,festival,16.513990090397595,4,9,18,70.89902376435357,4.366273755713113
2026-05-09T21:45:29.900385,18B Retour,PLACE SALA CENTRE,LA POSTE,23.666697986809055,clear,25.951174672626315,festival,23.958948358656162,2,7,19,39.05366485354567,0.41379882643305965
2026-05-09T21:45:29.900385,44B,SANAD,INPFCA,25.700735512241742,clear,50.939780416554825,none,14.757135038808077,2,1,22,29.694433947876686,5.2547979818634545
2026-05-09T21:45:29.900385,63 Retour,FOYER ARIANA,LA FAYETTE ALLER,31.737586311999458,clear,52.49652459710207,none,35.34986265897179,2,3,2,39.57327261253623,5.893279007294712
2026-05-09T21:45:29.900385,75,CAFÃ‰ YASMINE,BOUJERDGA 75 26A 37,19.952221235967823,clear,32.23790963228904,none,10.43357984612889,3,6,20,21.24811348293446,3.3392821375939263
2026-05-09T21:45:29.900385,83 Retour,Depart,Arrivee,48.5045190702387,clear,76.36362701856275,festival,23.89811457727951,5,8,20,41.03292895766805,7.859512468579818
2026-05-09T21:45:29.900385,29 Retour,DUBOSVILLE,AVENUE DE LA GARE,43.73815206957094,rain,88.65614104726103,none,34.3313767566477,0,7,22,38.00480112392569,1.2537604753406484
2026-05-09T21:45:29.901384,55,SIDI ALOUI,CHAMP DE COURSE KSAR SAID ALLER,48.133621198827704,storm,80.86677655878117,marathon,31.930635549916417,5,7,15,76.51429353286511,5.097137636086361
2026-05-09T21:45:29.901384,96,CITÃ‰ SNIT MANOUB,GOBAA TERMINUS 96,30.536178498121405,clear,22.706738612174647,none,29.52960890190333,5,8,4,11.299635291405558,0.5329217434186563
2026-05-09T21:45:29.901384,4A,TÃ‰LÃ‰COM MANOUBA ALL,20 MARS RETOUR,19.800932265242906,clear,29.980948084688883,none,36.99714030502059,5,7,23,42.71680379994921,7.858684503201261
2026-05-09T21:45:29.901384,26A,MOSQUÃ‰E MEDINA JEDID,EL BAHRI,22.255952858617174,clear,18.540025771532598,none,26.80721256612119,2,4,21,54.713136000340775,18.732260931541255
2026-05-09T21:45:29.901384,37 Retour,LE THÃ‰ATR,EL KHELIJ,27.313713323870424,clear,36.669722598267086,none,22.955479271269787,2,11,22,51.47644086476139,19.489525181757504
2026-05-09T21:45:29.901384,66,ENTREE CHOUIGUI,EDKHILA,46.93655527312015,clear,59.927167344873304,none,8.031739663028066,4,8,9,50.794223367178,9.353342550022752
2026-05-09T21:45:29.901384,96,RABATTEMENT KHAIREDDINE MANNOUBA,GOBAA TERMINUS 96,30.9629049212807,fog,32.063321790770615,none,18.531693212634472,6,4,2,19.054025199974703,0.7533133728591199
2026-05-09T21:45:29.901384,60G Retour,IMMEUBLE MILITAIRE IBN SINA,GORJANI ALLER,59.33949727850415,cloudy,77.59484120921805,greve_transport,8.22370513277357,2,12,22,92.08002427304557,4.562696145852788
2026-05-09T21:45:29.901384,31A Retour,CHAMP DE COURSE KSAR SAID ALLER,BOUCHOUCHA-RETOUR,36.86895939568538,clear,10.994895882730857,none,21.92871164364612,5,5,19,23.404908412374077,3.3583172622101714
2026-05-09T21:45:29.901384,16C Retour,IMMEUBLE CHEFIA,ALI BALAHOUAN,52.811347088154164,fog,54.95515929990593,none,32.3526593348943,0,5,18,46.095686107673046,2.4439358827370654
2026-05-09T21:45:29.901384,21A,CITÃ‰ ABAA,JEBEL RASSAS,24.736613788834568,clear,67.39402814980423,congres,29.943799434575475,5,3,0,58.61342539242168,12.498799628063441
2026-05-09T21:45:29.901384,15 B,MIZANETTA-RETOUR,RABTA,52.31386862364596,fog,50.66942442858388,none,33.360993885007055,3,2,10,33.49781953346393,2.533911290498529
2026-05-09T21:45:29.901384,31A Retour,BAB LAASSAL,ALI BALAHOUAN,40.93690706088164,fog,24.81543046354942,none,9.860435198913112,4,4,14,36.27824259357356,0.8804664393358337
2026-05-09T21:45:29.901384,33A/,SIDI ABDALLAH-ALLER,CROISEMENT BIRINE-RETOUR,56.73973600302641,cloudy,90.2942319870833,none,27.124587093228268,2,3,16,36.14298124211994,9.459516531231696
2026-05-09T21:45:29.902383,26C Retour,STATION DE BUS MORNAG,USINE LOUKIL,59.60985765642167,clear,59.97516060020482,none,10.20511025930183,5,6,8,34.11625039601821,9.931496399440574
2026-05-09T21:45:29.902383,94,CITE ELWAHA-ALLER,EL BATTAN,33.34636941201623,clear,24.608787587651083,none,23.76905390462785,1,10,16,61.53690694558868,28.98370172077618
2026-05-09T21:45:29.902383,258 Retour,Depart,Arrivee,30.667113207440767,cloudy,74.25018667666292,none,17.296301208902047,4,1,17,62.08069263057532,11.850350778812908
2026-05-09T21:45:29.902383,65 Retour,Depart,Arrivee,35.79695032328421,cloudy,18.121718590067545,none,16.40844921325613,2,9,20,6.7713183418622505,1.519519161536153
2026-05-09T21:45:29.902383,68,20 MARS ALLER,CHEBBI ALLER,52.33789652936723,cloudy,67.06687191591237,none,21.300071633202982,6,9,9,33.20382566522768,0.9102813738840729
2026-05-09T21:45:29.902383,26C Retour,CITÃ‰ JABE,USINE LOUKIL,39.99243166050405,fog,31.520238342383475,none,35.82226204796666,5,6,13,42.605932511349906,8.25820974760497
2026-05-09T21:45:29.902383,22,BNA BEN AROUS,EL AFRANE,48.778407390471585,clear,68.83592501135291,none,32.32867978889068,2,3,23,25.374240585073654,3.373332808679965
2026-05-09T21:45:29.902383,26A,MOSQUÃ‰E MEDINA JEDID,TOUATI,37.34611654034178,storm,99.4810271958726,none,13.56164764624737,3,1,6,87.70264546637243,21.436557619338807
2026-05-09T21:45:29.902383,4G Retour,SAIDIA,HOPITAL DES ENFANTS,46.25673132908408,rain,37.26622730760727,none,29.446373322078156,5,6,20,24.302523637886946,3.0984285956134148
2026-05-09T21:45:29.902383,31A Retour,FERME 2,MOEZEYA,56.88924784008074,clear,75.12203904770344,manifestation,36.76434412358864,3,9,9,81.68746589178618,10.586506850124472
2026-05-09T21:45:29.902383,89,BAB ABDESLEM-RETOUR,MOSQUÃ‰E ELBOR,51.35654258102712,clear,42.45950117648675,none,35.75075528049167,2,7,20,12.721010237684611,0.4345140226115696
2026-05-09T21:45:29.902383,24/ Retour,CITÃ‰ ELLOU,FERAILLE 1,45.458662657979474,clear,84.0876397246191,none,39.76643719329639,3,9,23,45.83146126384818,7.362293717240623
2026-05-09T21:45:29.902383,14C,ALI BALAHOUAN,INTILAKA,52.37104438133279,clear,58.221915900908066,none,19.129908786749336,2,8,11,21.20946556327853,6.812026884724298
2026-05-09T21:45:29.902383,258 Retour,Depart,Arrivee,53.23627847589947,clear,17.6017748367587,manifestation,32.68986105008916,2,8,14,44.46161026178865,2.491513710517207
2026-05-09T21:45:29.902383,52 Retour,JBEL EL KHAOUI,CITÃ‰ EL KHALILL,43.98001959125418,clear,62.6766076344034,none,37.627070359477024,3,4,20,31.73238971850957,1.0510755976282482
2026-05-09T21:45:29.903453,58,ARRÃ‰T ONA,CITÃ‰ ELWARD 16,23.81136567826367,cloudy,78.69500964342794,festival,34.24461017445984,4,3,5,44.84983751628211,0.7055777194235615
2026-05-09T21:45:29.903453,24H Retour,CITÃ‰ EL HIDHA,FERME LOUKIL,12.927071097503898,clear,83.78892206434703,none,29.49894309774296,1,12,4,42.98631399889722,2.098189565453896
2026-05-09T21:45:29.903453,94,CITE ERRIMEL,TERMINUS TEBOURBA,15.669035480350114,clear,65.92196394932989,none,24.133579854012794,3,6,2,27.311798087173766,0.830128792663686
2026-05-09T21:45:29.903453,33A,COFAT,SIDI HSIN-RETOUR,47.22535183238598,cloudy,30.258752535278973,none,25.83463759202404,2,2,0,11.633727904297839,0.9698960983258544
2026-05-09T21:45:29.903453,24,LYCÃ‰E SECONDAIRE MHAMDI,CITÃ‰ TAYAR,31.682296236601495,clear,68.60131704570921,festival,12.00227966241821,6,11,4,24.761019643924882,0.11349718280359156
2026-05-09T21:45:29.903453,54B Retour,BRULÃ‰,FOYER UNIVERSITAIRE MOUROUJ 3,59.868817629771506,cloudy,61.507708431011274,festival,32.69287041340507,5,9,2,27.783789695190695,3.0675166018384035
2026-05-09T21:45:29.903453,54B Retour,CITÃ‰ EL FAOUE,JARDIN D'ENFANTS MOUROUJ 5,27.171569089487488,clear,40.98824007863878,match_sport,31.923349372300105,6,1,20,29.752032650697533,0.6622617511447073
2026-05-09T21:45:29.903453,74 Retour,14-janv,LYCÃ‰E OUARDI,33.92793575401763,cloudy,46.057333976922514,foire,31.804259550160065,1,8,17,68.62428548590319,9.804814908830725
2026-05-09T21:45:29.903453,44B,FRECHICH,MAKFOUFINE 2,27.921287119007438,fog,61.045579016668135,none,11.929113539812825,2,11,19,58.355583550819155,3.282696689347606
2026-05-09T21:45:29.903453,74B,BATAM,JARDIN D'ENFANTS MOUROUJ 5,10.61957319905846,fog,41.83053169554702,none,13.035461608145123,5,6,6,51.13624454269685,3.694267887657835
2026-05-09T21:45:29.903453,3710,CENTRE RADES,CELLULOSE (SILOS),39.64526707026317,rain,64.65778686291478,none,33.255026925683026,3,3,4,35.94731444406335,5.945819346715268
2026-05-09T21:45:29.903453,20B,PLACE DES DROITS DE L'HOMME,MAISON BLANCHE,51.76186584120255,cloudy,75.7959735968612,none,22.8637654281061,5,4,14,26.22554393973529,1.016352103506117
2026-05-09T21:45:29.903453,38C,PASSAGE JEANS JAURES ALLER,CLINIQUE TAOUFIK ALLER,31.67043668567382,cloudy,50.90171561573226,none,29.433761319626225,0,7,23,27.64753844870176,5.516266985085493
2026-05-09T21:45:29.903453,66B,FERME EL HAJRI,ECOLE EL HAWARIA,46.56355109896671,clear,14.62695462878825,festival,28.55464385785123,3,9,20,25.915448746338665,5.593255498608137
2026-05-09T21:45:29.903453,29,CAFÃ‰ EL QUOD,BELLEVUE,42.19316175052151,rain,42.35244186604074,none,14.546667908814033,2,8,14,29.65420719394346,0.8837798675529491
2026-05-09T21:45:29.904457,44A Retour,ARRÃ‰T SIDI AMO,ARRÃ‰T BAB HADI,19.653613689836565,storm,59.45270317169417,none,34.903876949978084,4,11,19,83.19593269958978,9.509893451518519
2026-05-09T21:45:29.904457,57 Retour,Depart,Arrivee,23.033856341724324,clear,55.44529865110761,marathon,35.80023781136178,4,9,12,69.19855434123829,1.6836610708162008
2026-05-09T21:45:29.904457,44B,INPFCA,MBARKA 1,25.94109480530294,rain,42.40981797324783,none,38.13610041317071,4,5,11,28.752445746664577,1.2438201663310693
2026-05-09T21:45:29.904457,714,SOCIÃ‰TÃ‰ NO,PISCINE OLYMPIQUE RADES,45.767351064373706,rain,94.30913200348921,none,36.73441098822543,3,9,13,56.25823854648563,3.217886713864707
2026-05-09T21:45:29.904457,31B Retour,MÃ‰DECINE VÃ‰TÃ‰RINA,FERME 2,59.874558043808825,cloudy,92.99958420830067,none,30.72903310369817,3,4,11,35.51575415604117,4.919192124191895
2026-05-09T21:45:29.904457,16D Retour,STADE DJEDAIDA,ERRIADH,59.02703243403469,clear,83.0001819608916,festival,23.34807159095752,1,10,10,39.57960098589219,4.705179524422942
2026-05-09T21:45:29.904457,460,MOSQUÃ‰E MANOUB,P.T.T MANOUBA,20.897742733005884,fog,30.907379625245035,none,18.99590387606841,1,3,3,26.705329826770562,0.3387029824637775
2026-05-09T21:45:29.904457,46B,TERMINUS TEBOURBA,LYCEE EL BATTAN,12.367193227471997,clear,22.80678209181858,none,12.90407090699691,1,8,16,36.746625583676206,3.0244253875407896
2026-05-09T21:45:29.904457,20,CITÃ‰ TAIEB MHIR,SIDI ABD AZIZ,10.408135572860802,cloudy,21.800551228019316,none,11.842237148416945,4,6,23,65.51229494013758,7.764672631168125
2026-05-09T21:45:29.904457,635A Retour,DEPOT CHARGUIA,TERMINUS TUNIS MARINE BUS,42.4840418972692,clear,40.75285064412006,none,15.051830098127727,0,5,20,16.932186834176623,4.49974361462232
2026-05-09T21:45:29.904457,24D,RABATTEMENT MOUROUJ 2,HUILERIE BEN SAIDAINE,42.11786753930952,cloudy,78.00951267261493,none,37.8612983990883,1,4,19,59.20724855160334,7.052888558290514
2026-05-09T21:45:29.904457,16 Retour,BAB SAADOUN RETOUR,BAB ABDESLEM-RETOUR,49.660776800659455,cloudy,46.94762025520444,none,38.95051058695019,2,9,19,40.364412767796885,0.40372962989214045
2026-05-09T21:45:29.904457,67 Retour,Depart,Arrivee,52.364440606017425,fog,22.793897678978546,none,27.37333069925597,4,10,22,30.113456077357625,13.313302296205224
2026-05-09T21:45:29.904457,87 Retour,Depart,Arrivee,55.06943077677865,clear,24.01778265327458,none,23.50160625254205,3,10,9,21.47751764459009,3.528911713265455
2026-05-09T21:45:29.905456,51 Retour,Depart,Arrivee,38.032622932048874,cloudy,63.63233155449158,congres,27.27287937599264,5,10,15,42.24327315654961,8.85053881891211
2026-05-09T21:45:29.905456,56 Retour,DÃ‰LÃ‰GATION DAOUAR HICH,CHEBBI RETOUR,19.39038887787845,cloudy,63.25123775788014,none,15.983356628216587,6,8,16,29.20207286759775,3.3437258302335735
2026-05-09T21:45:29.905456,98,CITÃ‰ RT,LYCÃ‰E CHAOUA,57.427435868043794,clear,87.7047908310426,none,26.269508857611935,2,10,7,37.57110759757818,2.8697582450014814
2026-05-09T21:45:29.905456,57A,SIDI MAROUEN,GUICHET GÃ‰AN,29.137366210379938,clear,39.79138142179228,none,15.222498255043512,2,4,18,26.295912988618298,0.8588357609580539
2026-05-09T21:45:29.905456,64 Retour,ALI BALAHOUAN,ECOLE PRIMAIRE,17.66161601173056,clear,68.23559863441444,none,30.943963458659802,6,9,6,74.27949583848942,14.76708264398824
2026-05-09T21:45:29.905456,81B Retour,14-janv,CENTRE CHALLAKH EL MOUROUJ 4,56.44449133277589,cloudy,68.98847509927937,none,17.36979195824329,0,7,3,15.831623277768184,0.3822863627381099
2026-05-09T21:45:29.905456,16/ Retour,GAALOUL,RELAIS BARDO,47.282289869226254,rain,87.02882019273343,none,25.84814081103337,1,2,3,42.95974735189662,4.581777990482335
2026-05-09T21:45:29.905456,49 Retour,Depart,Arrivee,14.976120408703832,rain,81.70624350021004,none,11.510757403522074,5,10,12,71.85830656800172,8.164582425800443
2026-05-09T21:45:29.905456,25D,MUNICIPALITÃ‰ BEN AROU,NAASSEN 2,42.44910991189221,clear,45.74107230446072,none,22.453559298405487,1,11,5,56.22503444198698,31.412806509811716
2026-05-09T21:45:29.905456,18,PARC SOUKRA,MONGI SLIM,14.77017171025793,fog,11.02360294041838,none,34.45752767243347,3,9,8,50.47322508230795,1.8025934773059635
2026-05-09T21:45:29.905456,76 Retour,Depart,Arrivee,58.59113501309806,rain,61.01198594242399,none,8.459846589655967,1,6,10,33.1154846998271,2.1550711863163574
2026-05-09T21:45:29.905456,46 Retour,EL HRACHNIA,TERMINUS TEBOURBA,17.752986070620672,cloudy,17.25501596195958,match_sport,26.71747503119455,6,5,19,98.93885421334002,19.84115656381274
2026-05-09T21:45:29.905456,93,RABATTEMENT KHAIREDDINE MANNOUBA,TERMINUS 16A 93,58.428600752459914,fog,47.063710207907256,match_sport,28.93373948908992,0,11,3,48.3894429878576,2.433041576483721
2026-05-09T21:45:29.905456,93,RABATTEMENT KHAIREDDINE MANNOUBA,TERMINUS 16A 93,47.384550456431846,fog,87.63385333658982,none,23.617063887526747,4,1,12,47.66764257843502,2.433041576483721
2026-05-09T21:45:29.905456,16D,MOSQUÃ‰E OUED ELLI,CHOCO TOM,56.07857365882831,clear,69.19050248879506,greve_transport,31.80492041330908,1,2,23,78.43065301677139,0.34643600563291344
2026-05-09T21:45:29.906460,34A,LYCEE 20 MARS-ALLER,CROISEMENT SIDI ALI HATTAB-ALLER,52.70077076029707,storm,54.08977962607925,none,21.300530132730568,3,11,0,37.14726855404763,2.602010683053372
2026-05-09T21:45:29.906460,255 Retour,Depart,Arrivee,54.618855729664986,clear,57.443913062257046,none,14.423749861303786,1,7,7,43.20883279189218,13.161564967791568
2026-05-09T21:45:29.906460,54C,LUSTRERIES,TERMINUS CITÃ‰ CHAKE,39.84248739980403,rain,52.780912636289756,festival,8.613121264193357,1,9,19,62.98857828169385,4.5985270650406855
2026-05-09T21:45:29.906460,18C Retour,RESTAURANT LE BOEUF,10 DECEMBRE,35.91261557066049,clear,83.6285405541292,none,9.799197306374182,2,3,7,53.0822177066576,7.389489854898802
2026-05-09T21:45:29.906460,20G Retour,HOPITAL DES ENFANTS,TRIBUNAL TAAKIB,46.44266849368829,clear,72.80378587776792,match_sport,15.851585791565949,5,10,5,37.244208553724675,1.0377739087166056
2026-05-09T21:45:29.906460,66B,CROISEMENT MATEUR,ECOLE EL HAWARIA,43.98212320356627,clear,16.325597857649615,manifestation,22.599460754160265,3,7,13,60.74105143870538,12.907366849657254
2026-05-09T21:45:29.906460,82,LUSTRERIES,HUILERIE BAYREM,58.71273722881318,clear,56.263496429128864,none,35.717379577346044,3,3,9,44.94475808191083,8.437752223137293
2026-05-09T21:45:29.906460,16D,IMMEUBLE CHEFIA,CHAMP DE COURSE KSAR SAID ALLER,27.84574507357576,cloudy,67.75768694183947,match_sport,34.24133731835805,2,6,16,52.12872545817702,3.565881310009936
2026-05-09T21:45:29.906460,45B,MANZEL SHAL,MAAFRINE,20.783040670182636,cloudy,58.06083855764703,match_sport,23.256656659405632,6,4,14,41.64713947909076,0.10051924750910501
2026-05-09T21:45:29.906460,44C,INTILAKA,SIDI MAROUEN,58.71518702517969,cloudy,60.53041155799041,none,9.420448038621373,6,5,0,26.930722499917596,6.064392090604107
2026-05-09T21:45:29.906460,84,ABATTOIR-ALLER,CITÃ‰ ZITOU,39.29521178137719,clear,62.86505270105917,marathon,23.14154425668332,2,9,3,58.91240611470396,2.2227062557840926
2026-05-09T21:45:29.906460,73 Retour,Depart,Arrivee,39.40512221588513,clear,39.380569337575274,none,8.066608395197449,3,9,14,52.60388245457908,14.060711762602498
2026-05-09T21:45:29.906460,16/,IMMEUBLE CHEFIA,ZONE F,36.345772294757104,cloudy,81.53994968211232,none,39.42641631895867,0,4,21,61.40805062264088,16.002889598063717
2026-05-09T21:45:29.906460,21,CITÃ‰ SNIT MORNAG L2,SIDI SAAD,59.12801809632351,clear,86.26150253287797,none,19.89801193378127,0,3,23,27.37078692724978,1.6574502091382657
2026-05-09T21:45:29.907461,90,CAFE BOUTOFFAHA-RETOUR,RABATTEMENT SLIMEN KAHIA,35.539080900354044,clear,46.261865472548735,none,39.595526545130696,3,6,10,24.026211941622737,0.2490976383104231
2026-05-09T21:45:29.907461,43 Retour,Depart,Arrivee,29.513943199427615,cloudy,36.63314299563699,none,26.373013325809662,3,10,20,36.41999967885969,10.171637021950762
2026-05-09T21:45:29.907461,5C Retour,CARNOIE2,CITÃ‰ SPORTIV,22.688130617249737,clear,67.89722306447648,none,11.070672955621578,4,9,17,39.41026823239722,1.0213824191806822
2026-05-09T21:45:29.907461,61,HUILERIE LOUKIL-RETOUR,BEN MAHMOUD-RETOUR,54.830047902748916,clear,57.823107743920495,festival,18.88029654105297,3,12,21,29.311246033483318,4.33644733994246
2026-05-09T21:45:29.907461,39,KIOSQUE TOTAL,"TERMINUS RADES FORET 19D , 39",24.809681510767103,clear,29.697839478587397,none,35.51815159174035,5,6,2,32.47004624662488,7.051862949263167
2026-05-09T21:45:29.907461,22A,EL AFRANE,EL AFRANE,11.02906131417937,clear,26.6432569038252,none,18.28209331284228,5,5,22,36.04748166932533,3.871187647607652
2026-05-09T21:45:29.907461,24F Retour,CITÃ‰ EL AMA,PROTECTION CIVILE,51.22879351647223,rain,42.89087432694463,none,19.18345527116845,3,9,2,22.84458500750309,2.6742372565045858
2026-05-09T21:45:29.907461,25A,BRIQUETERIE TUNISIENNE,AVENUE CARTHAGE,41.3359961474756,fog,96.18027656551573,none,8.636384574541818,2,4,9,88.8974899076305,16.18360331772789
2026-05-09T21:45:29.908064,46B Retour,PONT RACHED,TERMINUS TEBOURBA,38.18872114334066,rain,84.23982331136895,none,33.07640170774572,5,4,4,33.038907532054516,4.669590677437888
2026-05-09T21:45:29.908064,635A,CHARGUIA1,FOIRE LA CHARGUIA,32.936666356837094,cloudy,56.26369824206794,manifestation,15.406501482228492,6,1,20,44.70762800922035,0.7571194830325623
2026-05-09T21:45:29.908064,66B Retour,LANSARINE,ELMELEHA,54.54843179488275,clear,92.77225604278136,festival,11.886792387137703,6,6,10,40.89618378569455,4.085802642292193
2026-05-09T21:45:29.908064,53 Retour,Depart,Arrivee,47.48570866433992,clear,56.38370229635932,festival,28.60696851655514,3,7,3,43.198806857977196,9.017947403271501
2026-05-09T21:45:29.908064,67 Retour,Depart,Arrivee,59.6653597153899,cloudy,39.83897833258612,none,16.84769266191612,4,12,10,22.99616581913459,6.537542468328324
2026-05-09T21:45:29.908064,32D,ECOLE ZOUHOUR4-ALLER,SIDI HSIN SECTION-RETOUR,37.24267789180192,storm,72.56179441165764,none,32.8612575761442,0,10,21,48.04487217162131,2.0421617517004043
2026-05-09T21:45:29.908064,27A Retour,EL GHAZELA,10 DECEMBRE,52.943878812936596,clear,94.68990350425874,none,37.65915338120564,4,9,16,34.6515963342391,5.503497275710505
2026-05-09T21:45:29.908064,251 Retour,Depart,Arrivee,20.928389330626096,clear,99.42376291405391,none,25.613102181711547,6,3,13,63.31250335615903,11.966919601739422
2026-05-09T21:45:29.908064,19A,CITÃ‰ JAOUHAR,BAB ALIOUA GP1,25.918761155615833,cloudy,21.017799945672056,none,17.849403116253292,0,4,4,20.656746125939804,5.136002668973788
2026-05-09T21:45:29.909133,84,CITÃ‰ ESSAADA (MHAMDIA,CITÃ‰ TRABELS,14.026267638691177,rain,62.24739539721384,none,25.591754140605126,2,9,22,35.85456767404355,0.6896746357401513
2026-05-09T21:45:29.909133,77 Retour,ROUTE LYCÃ‰,GEANT,43.53557531113722,clear,53.052396604884684,festival,34.33832052826713,4,12,2,62.722433290836996,22.31432476837595
2026-05-09T21:45:29.909133,32 B,OFFICE DE L'HUILE-ALLER,JAYARA-ALLER,52.02447783043425,clear,91.15064427042866,none,10.149279763377763,4,7,4,23.38003593827534,4.3646901909230715
2026-05-09T21:45:29.909133,249 Retour,Depart,Arrivee,12.177879017737572,clear,15.393738980700261,none,16.50143218740613,4,6,5,65.34728474950367,10.615045557017389
2026-05-09T21:45:29.909133,44A Retour,ORANGE,JAAFER1,19.850793980750964,clear,64.84207365351932,none,29.53260172765724,2,12,21,25.504318436848706,0.9351777724377044
2026-05-09T21:45:29.909133,26B,USINE DE TOMATE,CITÃ‰ SPROLS BOUMHE,37.664320799047125,rain,42.61862535204811,match_sport,35.05346685268829,2,3,16,70.79814668197864,14.82840094694351
2026-05-09T21:45:29.909133,38B Retour,CARREFOUR,PASSAGE JEANS JAURES ALLER,25.48652999427636,clear,42.5299738892502,none,38.68949349549587,2,10,4,35.261084186655,6.373107574223884
2026-05-09T21:45:29.910131,98 Retour,STADE EJDAIDA,SIDI TALEB 16D,54.262837389932166,clear,48.343969311783574,none,11.970642739700718,4,5,8,25.347023411396496,0.714732048197301
2026-05-09T21:45:29.910131,635A,FOIRE LA CHARGUIA,DEPOT CHARGUIA,35.799204310468156,cloudy,77.90713089069601,none,38.287130537518294,6,1,12,34.18164121016344,0.4837242437348923
2026-05-09T21:45:29.910131,60A,MOSQUÃ‰E IBN SIN,IBN SINA(SECTION),29.27194585906229,clear,26.6040041969145,match_sport,27.164864022104478,1,11,5,32.26941800665198,0.3975747355731496
2026-05-09T21:45:29.910131,25D,MUNICIPALITÃ‰ BEN AROU,AV BAYREM ETTOUNSI 2,13.361161747729891,clear,14.179028985194314,none,26.780153337496287,2,3,19,123.80048333056769,21.00348969244056
2026-05-09T21:45:29.910131,18 Retour,P.T.T SOUKRA,LYCÃ‰E KHEREDINN,30.254206620208155,cloudy,97.46188316948849,none,10.00564058351371,2,8,6,46.697956463022635,5.867108698160286
2026-05-09T21:45:29.910131,20A Retour,AIN ZAGHOUEN,MONTPLAISIR,24.721155014854055,clear,45.92804657064442,none,13.90314272852877,6,10,17,43.651897356388446,9.2278290281788
2026-05-09T21:45:29.910131,66 Retour,FORET DE TEBOURBA,ENTREE CHOUIGUI,20.675924522168213,clear,75.2231631624045,none,13.698094026391427,2,12,17,41.612917409802414,1.2401602833831973
2026-05-09T21:45:29.910131,16B Retour,NOUVELLE HAMMED,CROISEMENT SANHAJA,23.162182813662334,clear,86.66777570627349,match_sport,22.168137144019784,2,7,11,84.34978018573027,15.5219702855346
2026-05-09T21:45:29.911130,44D,MREZGEYA,ECOLE PRIMAIRE GOUEZINE,40.11991590972782,clear,13.553316529604633,none,8.623256652134849,3,5,15,19.43530233299165,8.613380605277946
2026-05-09T21:45:29.911130,95 Retour,BAIGNEUR,INEPS,34.045883795432644,cloudy,85.72119973727037,none,39.65393691288289,2,1,8,52.97998495063906,1.316598010728172
2026-05-09T21:45:29.911130,10C,JARDIN D'ENFANTS AMEN,DUBOSVILLE,44.55675940628729,cloudy,10.311796818777818,none,14.408595397709536,5,3,14,21.981260667297086,7.430485377821203
2026-05-09T21:45:29.911130,56 Retour,DÃ‰LÃ‰GATION DAOUAR HICH,BAB LAASSAL,18.060764937984654,storm,28.332706339836655,none,9.02934158914682,3,6,0,62.37409624725849,6.878852729531683
2026-05-09T21:45:29.911130,5 Retour,CITE OLYMPIQUE,MUNICIPALITÃ‰ CITE EL KHADR,46.64571495847526,clear,45.61819333500849,marathon,24.650195463802824,6,10,20,44.05087382890473,1.71707656909633
2026-05-09T21:45:29.911130,94,LYCEE EL BATTAN,CITE ERRIMEL,13.319030363967551,clear,86.95881195608371,none,26.430521561694405,4,12,13,54.82766345284748,2.2973330663765097
2026-05-09T21:45:29.911130,39,CENTRE RADES,"TERMINUS RADES FORET 19D , 39",13.582604899179303,clear,13.994020680514687,festival,36.73584891237397,5,3,2,40.97465898153136,1.9646004846694485
2026-05-09T21:45:29.912134,14A,FOYER BARDO 1 ALLER,ETTAHRIR SUPÃ‰RIEU,27.198799880528554,rain,96.43884213840234,none,19.692512394673056,3,5,21,44.146031988206005,1.9973479447494573
2026-05-09T21:45:29.912134,42,EL BATTAN,TERMINUS TEBOURBA,46.70736985490466,rain,68.4644328491273,none,38.403320177649235,6,6,10,33.826907348275206,2.4119557010999415
2026-05-09T21:45:29.912134,80,CROISEMENT RIADH ANDALOUS,NAHLI 3,51.945741694264925,cloudy,59.72823445504851,marathon,37.456552571110706,2,8,8,84.80430740981171,4.914726899506141
2026-05-09T21:45:29.912134,46,BORJE ETTOUTA,EZENGA,27.16654695762127,clear,91.80584882612074,marathon,22.88953226506402,5,1,13,58.62458851111857,2.777023889573302
2026-05-09T21:45:29.912134,62A Retour,EJLAME,MAGRO,19.50245641446783,clear,87.35908499058509,none,9.911145247102215,2,9,4,66.27212300403826,11.982205654007979
2026-05-09T21:45:29.912134,254 Retour,Depart,Arrivee,28.893299578086104,clear,67.21807009307672,festival,22.96227079207736,3,8,1,62.38599638652839,13.696291655559895
2026-05-09T21:45:29.912134,16/ Retour,CITÃ‰ ENNASSI,CASERNE OUED ELIL 2,13.865939642890382,clear,83.65461007235064,none,26.627445861767114,3,4,2,82.43857988656941,10.94332263018481
2026-05-09T21:45:29.912134,79 Retour,Depart,Arrivee,50.062068317933615,clear,30.561404058922708,none,21.43441424191046,1,5,7,32.073006604941405,10.79117832842067
2026-05-09T21:45:29.912134,35,BOUSBIAA,RABATTEMENT 10 DECEMBRE,20.38577608623457,storm,96.15923636744837,none,12.643482148009543,1,10,3,54.91238168997509,2.270708560072201
2026-05-09T21:45:29.912134,10B,SOFOMECA,STATION BARCELONE,12.901481354714036,clear,96.20079724990913,none,19.407397077137635,2,3,21,61.07242889153635,5.382850439674332
2026-05-09T21:45:29.912134,46B Retour,CITÃ‰ AKACH,TERMINUS TEBOURBA,31.94275140840029,clear,24.44860779415838,none,24.277866486007337,3,5,20,14.114369922181089,3.982948083226228
2026-05-09T21:45:29.912134,44B Retour,SIDI MAROUEN,KIOSQUE,52.403439083490255,clear,35.79977427096857,match_sport,9.021450936785392,6,5,5,28.29374902683802,2.9121494896635163
2026-05-09T21:45:29.912134,23D,POULAILLER HMAIEM-ALLER,MENZEL HBIB 23D-23/,10.381949731288655,clear,74.91955807807312,none,33.11282660064752,2,3,8,180.0,28.18302951896741
2026-05-09T21:45:29.912134,24H,CITÃ‰ EL OUIFAK (GN,E.P CITÃ‰ HACHE,11.066103674035634,clear,66.19383599427782,none,28.639055521942122,3,7,18,68.96412598547322,4.165712054822142
2026-05-09T21:45:29.912134,23H,GRIAAT,SIDI MEDIEN,31.433805790603788,clear,10.018125832087938,marathon,32.88661152488944,2,11,12,68.10236544598645,11.668139166687263
2026-05-09T21:45:29.913138,66B Retour,ELMELEHA,AIN EZOMMITE,40.170526826301256,fog,60.38503524096739,none,19.062902223238954,5,7,15,35.18208147043412,3.0688961852444674
2026-05-09T21:45:29.913138,85,HUILERIE BAYREM,EL BAHRI,18.306261897722266,clear,29.57014111726965,marathon,17.715614906465053,2,6,19,61.8878491866993,0.9360085109720195
2026-05-09T21:45:29.913138,55 Retour,BORTAL RETOUR,20 MARS RETOUR,20.542739523900508,cloudy,95.48083911772058,none,17.70633984760512,4,10,5,38.59813901397028,2.094389840406148
2026-05-09T21:45:29.913138,23B,CROISEMENT BEN YEDDER-RETOUR,BEN MAHMOUD-RETOUR,31.508222625724983,clear,58.578803843274564,greve_transport,19.191666907007473,5,7,21,76.67722723328527,2.7382317060271895
2026-05-09T21:45:29.913138,27C Retour,ORANGE,ENKHILETTE,23.67857867776371,cloudy,63.3501724579074,match_sport,27.689965031278057,5,2,5,39.999292694952686,3.2055276814994453
2026-05-09T21:45:29.913138,5D Retour,PLACE JEANS DARK ALLER,PASSAGE JEANS JAURES ALLER,15.305673005181971,cloudy,31.857818547813963,none,26.968663031776714,0,1,23,21.824788811491935,1.2850141751040818
2026-05-09T21:45:29.913138,54 Retour,CROISEMENT MOUROUJ 3,14-janv,14.906220659973009,fog,40.320656678329556,holiday,39.31480818719302,5,5,8,53.21401483780991,0.5384816766401102
2026-05-09T21:45:29.913138,24H Retour,CITÃ‰ EL OUIFAK (GN,LE SOUK DES VOITURES,51.81275046857013,rain,96.36963052442023,none,15.335653208705029,6,2,3,35.217816509124724,4.126182297596536
2026-05-09T21:45:29.913138,56,IMMEUBLE CHEFIA,BAIGNEUR,18.339585902496175,rain,26.046935275218026,none,34.78664804661557,6,4,10,36.761547766813635,5.995108001238502
2026-05-09T21:45:29.913138,75,PROTECTION CIVILE,JARDIN D'ENFANTS AMEN,24.1626735885973,cloudy,82.69572516242755,none,13.11774078974467,2,10,1,43.05702287863326,4.937235996880669
2026-05-09T21:45:29.913138,20 Retour,MOHAMED V,PLACE DES DROITS DE L'HOMME,42.26329795332583,rain,93.96721670410743,match_sport,38.67703726452271,2,11,21,67.73450859185272,0.9143543933168843
2026-05-09T21:45:29.913138,54 Retour,CENTRE CHALLAKH EL MOUROUJ 4,14-janv,10.967758791542611,clear,19.00704823403323,none,10.194073821635119,2,6,9,31.291480540342608,0.38228636273811034
2026-05-09T21:45:29.913138,5C,CENTRE AMIRE,MENTAZEH MENZEH7,39.2389615531976,clear,82.39962896113836,none,18.076820251677784,2,6,19,39.42222813469767,0.21893353905784174
2026-05-09T21:45:29.913138,84,CITÃ‰ ESSAADA (MHAMDIA,CITÃ‰ TAYAR,19.992362954278168,clear,25.08066199538817,none,20.524501260232626,4,6,4,11.02443926753413,0.22633855611228437
2026-05-09T21:45:29.914131,76 Retour,Depart,Arrivee,57.58020344592741,cloudy,50.99046801761261,none,21.14382297073254,6,11,15,25.759429056350378,8.390549376607495
2026-05-09T21:45:29.914131,72,DÃ‰LÃ‰GATION DAOUAR HICH,CAFÃ‰ HAMME,56.40269599038803,clear,89.45493709054323,none,16.616847472344052,2,10,15,24.758539128073167,0.3857567641371915
2026-05-09T21:45:29.914131,29 Retour,DUBOSVILLE,STATION BARCELONE,57.511230279671615,clear,60.69099778691564,none,21.755263305275257,6,12,0,14.869675929525922,1.9893508061785816
2026-05-09T21:45:29.914131,3D Retour,MEUBLATEX ETTADHAMEN,CROISEMENT KSAR SAID 2,34.01707881111135,clear,48.98967716600605,festival,22.682013703725893,2,11,16,38.489750411783405,2.538034124314611
2026-05-09T21:45:29.914131,6B Retour,TERMINUS CITÃ‰ EL MALLAH,ARIANA SUPÃ‰RIEU,10.226885670549281,fog,23.370950785232136,none,23.253578523159188,1,1,6,28.578072756280008,0.1299966159419302
2026-05-09T21:45:29.914131,26C Retour,HOPITAL RÃ‰GIONAL YESMINE,CITÃ‰ THAMEU,28.66930522736709,rain,89.60181882572508,none,28.33290828494748,3,5,12,57.75686161155275,5.091651406219983
2026-05-09T21:45:29.914131,33,FOUCHANA-ALLER,SALLE FERDAOUES-RETOUR,37.97199557514488,clear,24.050807935902558,greve_transport,18.13456609110652,0,4,16,85.8326399269926,12.80477515969752
2026-05-09T21:45:29.914131,6,BORJE LOUZIR,TERMINUS SIDI SOUFIENE,23.192994277848165,rain,73.10757838518668,greve_transport,37.93432537556004,3,2,20,109.42093259042824,1.9107663893127156
2026-05-09T21:45:29.914131,14A,GARE ROUTIÃ‰RE NORD RETOU,FOYER BARDO 2 ALLER,15.075041498888938,clear,14.336773702739855,congres,12.040583293535654,1,2,3,24.4879132664186,1.323471118210585
2026-05-09T21:45:29.914131,27,LA POSTE,LYCÃ‰E SIDI AMO,23.817648445008338,fog,13.243696773868075,greve_transport,9.876502426446368,4,11,4,109.48362976858616,10.847839167103825
2026-05-09T21:45:29.914131,94,BEN MAHMOUD-ALLER,CITÃ‰ AKACH,32.00922403084678,cloudy,51.01474420587581,congres,13.737672471732623,5,11,13,81.46000471089371,27.852217000427853
2026-05-09T21:45:29.914131,54B,EL MOUROUJ 3,LES ROSES MOUROUJ 1,37.062598138027205,rain,79.62507704783533,match_sport,22.34523173438865,3,7,6,57.22015541007509,1.3080277187948326
2026-05-09T21:45:29.914131,55,USINE,TAXIPHONE DAOUAR HICHER,44.767685324035284,clear,63.071621926163544,none,14.278167968850159,0,7,18,33.61915410005273,0.624405421842475
2026-05-09T21:45:29.914131,49 Retour,Depart,Arrivee,45.692372481436344,fog,74.54542528524411,none,15.360922556129921,6,11,3,36.364841705049,2.4703929069218518
2026-05-09T21:45:29.915130,264 Retour,Depart,Arrivee,52.908133859117875,clear,57.75720241352106,match_sport,32.941779449706985,1,1,3,41.41176871264087,5.772311324301333
2026-05-09T21:45:29.915130,57A,SANHEJI,BEN ARFA,39.379061028074275,clear,92.42794417701442,foire,11.428878801253298,2,8,14,57.57087596768871,0.558312550305728
2026-05-09T21:45:29.915130,31A,GAALOUL,LYCÃ‰E SIDI THABE,48.65798748938283,clear,82.23757264697863,none,39.38830274544005,5,11,23,50.58902776116016,19.457056712949726
2026-05-09T21:45:29.915130,23E,MORNAGIAA-ALLER,CITE JABRI-RETOUR,38.2011896801091,fog,33.99378191473755,foire,33.75548529490291,1,2,3,130.09549070973793,52.68593979982317
2026-05-09T21:45:29.915130,50 Retour,Depart,Arrivee,16.615850792855028,clear,26.660425200840297,none,11.190081170369215,2,12,0,38.63794986294581,7.265650739799133
2026-05-09T21:45:29.915130,27A Retour,MAGAZIN AZIZA,SALON BADER,43.88895894101198,fog,22.183076845270215,manifestation,16.678954662719228,2,8,5,49.13238589693121,0.8392914780379126
2026-05-09T21:45:29.915130,10,CENTRE BEN AROUS,GARE DJEBEL JELLOUD,19.143712405898558,rain,49.55426798303253,none,11.209502941692456,1,2,2,32.42340974023732,3.0761292280696892
2026-05-09T21:45:29.915130,261 Retour,Depart,Arrivee,46.75805611733777,cloudy,92.13660982614579,none,20.82349372141978,1,6,14,51.48204809498655,10.973426897877074
2026-05-09T21:45:29.915130,54C,AV DE FRANCE,CROISEMENT SIDI REZIG,57.030293021203896,clear,72.54292281758751,match_sport,30.467282553148056,6,5,19,42.94722465741182,2.8154075044227485
2026-05-09T21:45:29.915130,71,20 MARS ALLER,MOSQUE ZAHROUNI-RETOUR,52.97402609298613,clear,13.603715264331317,none,28.695762754705527,0,2,21,16.732662196350937,9.951049912928115
2026-05-09T21:45:29.915130,261 Retour,Depart,Arrivee,59.772349879749235,fog,11.166559044204224,marathon,29.77758881184343,0,12,21,63.42881398166995,12.7860030857005
2026-05-09T21:45:29.915130,527 Retour,PLACE DES DROITS DE L'HOMME,STEG JEANS JAURES ALLER,58.45708100249299,cloudy,72.32657583281659,none,36.56660205104271,6,2,22,25.947231353457134,0.35433208893924295
2026-05-09T21:45:29.915130,34,RABTA,AVENUE MADRID,14.829361513447283,rain,87.95134531847532,none,19.71201752801666,5,12,11,45.38039233970093,2.70231093564189
2026-05-09T21:45:29.915130,44D RETOUR,CROISEMENT RIADH ANDALOUS,CHARGUIA 2,51.98920178086952,fog,82.56960773626227,none,33.98544763364989,5,2,14,41.736445014764634,4.068853881067987
2026-05-09T21:45:29.916138,24D,MOSQUÃ‰E RAHM,DOUAR HOUCH L(24D),11.986457668234543,clear,96.89922261045508,none,35.35955247462584,1,10,13,74.52438545573894,2.7657798667367928
2026-05-09T21:45:29.916138,10B,EL AFRANE,DUBOSVILLE,33.67291762098845,cloudy,66.12762427938893,festival,33.336344073612295,1,6,10,36.067703446829626,0.6474301460754894
2026-05-09T21:45:29.916138,11,TERMINUS JBEL LAHMER L 11,MARCHÃ‰ ZAYATINE RETOU,56.71526343182367,clear,11.000510410093627,match_sport,28.6845776482585,2,12,10,26.52470477995071,2.480739798876365
2026-05-09T21:45:29.916138,527 Retour,FOIRE LA CHARGUIA,CITÃ‰ EL KHADHR,54.47302068086984,rain,10.411197633169845,none,21.142853494457853,5,5,9,20.972771025451237,1.532342237566608
2026-05-09T21:45:29.916138,14C,RÃ‰SIDENCE YESMINE ALLE,NOGRA,32.050280046558186,cloudy,90.95524841183918,none,35.199505135974675,4,2,20,40.6179524774634,1.7356854782112299
2026-05-09T21:45:29.916138,20G,LE BELVÃ‰DÃ‰,LAHWECHE,33.515440786620886,cloudy,99.31809398563806,match_sport,9.14850445624673,6,11,6,74.56474752431497,16.072445556127384
2026-05-09T21:45:29.916138,24H,CITÃ‰ EL HIDHA,CITÃ‰ ZITOU,49.48472563684939,clear,76.00455634285052,none,31.87093785235471,4,3,15,24.810565291854406,2.4319127858141467
2026-05-09T21:45:29.916138,51A,PATISSERIE BEN YEDER,CAMOUNE MÃ‰DICAL,33.098701944514005,clear,13.040933989106737,none,11.683582906625098,5,9,21,23.504019670878332,6.633250223602095
2026-05-09T21:45:29.916138,45B,BIR ZITOUN,ROUTE CHAOUAT,36.576839847699496,cloudy,67.5794548912568,none,13.687556947889195,6,10,13,46.50525110431155,14.340239032199381
2026-05-09T21:45:29.916138,635A,TERMINUS TUNIS MARINE BUS,CHARGUIA1,55.93454633415965,clear,86.93414319399108,none,30.673374459535914,4,11,17,41.29079905029518,3.30715377170652
2026-05-09T21:45:29.916138,23/,AALOUINE1,POULAILLER MENZEL HBIB 23D-23/,25.726097645889137,clear,37.81934424027678,none,9.71516454172382,4,10,16,27.180700622161126,7.188944796619484
2026-05-09T21:45:29.916138,635A Retour,DEPOT CHARGUIA,TERMINUS TUNIS MARINE BUS,18.045167902628677,clear,63.537926579884164,none,35.00930923027441,6,7,5,41.56946879303427,4.49974361462232
2026-05-09T21:45:29.916138,46B Retour,LYCEE EL BATTAN,CITE ERRIMEL,15.65063126734892,clear,26.008357018080524,none,27.724656792859495,1,9,1,21.29595452817406,2.17932549366067
2026-05-09T21:45:29.916138,61 Retour,Depart,Arrivee,44.172101363751665,cloudy,68.48793661681,marathon,20.36562751508748,0,5,21,69.91918656559743,8.000103030422352
2026-05-09T21:45:29.916138,16C,ARRÃ‰T PHARMACI,LYCÃ‰E CHABBAO,37.855168293893854,fog,20.121979236522805,none,34.957678145425774,4,10,9,43.64083814148717,1.0618652578027366
2026-05-09T21:45:29.916138,714 Retour,DUBOSVILLE,AVENUE DE LA GARE,32.21965635145653,storm,43.33725577264667,congres,33.504683125578126,1,5,7,66.84611596661988,1.2537604753406484
2026-05-09T21:45:29.916138,15 A,TERMINUS L 15 A,CASERNE EZZOUHOUR RETOUR,13.834960830755985,fog,63.729974179059894,foire,28.22075108122767,2,9,8,77.02234987241741,0.9278923692410173
2026-05-09T21:45:29.916138,5C,PLACE JEANS DARK ALLER,10 DECEMBRE,59.963826297311854,rain,77.66308686948996,festival,21.49700750993374,1,8,16,50.87137274609711,2.6925762237279782
2026-05-09T21:45:29.916138,60A Retour,CHARLE NICOLE-ALLER,HOPITAL DES ENFANTS,49.813918914891424,clear,20.912744091915158,none,16.481392918762964,0,6,16,6.935862021704064,0.6451228039208221
2026-05-09T21:45:29.916138,81A Retour,14-janv,JARDIN D'ENFANTS MOUROUJ 5,58.61596279021081,cloudy,45.29844197411802,none,32.3935782554213,3,7,10,13.377123640347659,1.070996716542316
2026-05-09T21:45:29.916138,89,BEN DAHA-RETOUR,JARDIN THAMEUR,29.769623891856362,clear,55.66549771496078,festival,39.258125093905925,5,12,23,49.04734992281558,7.865103299711137
2026-05-09T21:45:29.916138,29,STATION BARCELONE,SALLE DES FÃ‰TES BELLEVU,22.039965496906923,clear,78.08632516441536,festival,27.51606807385939,4,5,16,45.66522731145565,2.6356543422276344
2026-05-09T21:45:29.917646,84 Retour,GARTEX-RETOUR,GARDE NATIONAL Z.I MGHIRA,39.360106493840604,clear,44.33684969703882,none,31.133253830444325,0,11,4,15.350132317269987,1.6343786522860109
2026-05-09T21:45:29.917646,19G,FACULTE 9 AVRIL ALLER,CENTRE DE COORDINATION OUARDIA,30.366162327695186,cloudy,96.89158675397849,none,15.939014757290394,2,5,20,41.921059023989585,4.64140320622873
2026-05-09T21:45:29.917646,95,AFFAIRES SOCIALES,TERMINUS 56 72,10.359647800392999,cloudy,23.565797584834396,none,30.344615422326672,5,2,23,20.916206650925478,0.5003136697084978
2026-05-09T21:45:29.917646,44,EL FAJJA,EJJBAL 2,19.981532433658565,clear,49.59668345569228,none,32.781174770780936,4,4,2,15.742813127744142,0.4908711263841745
2026-05-09T21:45:29.917646,74,FOYER UNIVERSITAIRE MOUROUJ 3,CITÃ‰ EL FAOUE,20.73667511921142,cloudy,52.33056531633839,festival,21.319029784244062,6,6,18,42.810723129278095,1.3056004289073044
2026-05-09T21:45:29.917646,14A Retour,SIDI ALOUI,ALI BALAHOUAN,59.588928588301954,cloudy,80.12860662414057,none,16.29184333668553,0,9,0,27.921554010866366,0.4982772051826396
2026-05-09T21:45:29.917646,44C,JABBES ELBORJ,JABBES,33.33029559719712,cloudy,89.70934092708981,none,15.269106292448608,4,6,18,53.96193699491425,1.746805973047362
2026-05-09T21:45:29.917646,31 Retour,GOUEZINE 2,INOPLAST,12.000221111181355,cloudy,13.164449027215795,none,22.77130293668224,2,5,4,84.33782025272042,13.248336658266435
2026-05-09T21:45:29.917646,60A Retour,MOSQUÃ‰E IBN SIN,IMMEUBLE MILITAIRE IBN SINA,27.12589441707437,clear,71.54820980542763,none,19.61776274831256,6,10,7,29.26111302656828,0.46763511740661334
2026-05-09T21:45:29.917646,460 Retour,LYCÃ‰E KHEREDINN,LA POSTE,42.51217542332835,clear,43.05212544246581,match_sport,25.662935085596867,6,12,9,40.523470476224176,0.3734039586124318
2026-05-09T21:45:29.917646,22G,LYCÃ‰E OUARDI,TRIBUNAL TAAKIB,57.83956864615405,clear,17.946797308076448,festival,20.4863955102914,0,4,1,29.131774009341633,3.7328853317290402
2026-05-09T21:45:29.917646,4G,BOUCHOUCHA-ALLER,DENDEN,58.453910013037735,clear,41.41365512074066,none,35.31534099242778,5,8,23,19.394835094174326,3.3744129901036626
2026-05-09T21:45:29.917646,94,CITÃ‰ AKACH,TERMINUS TEBOURBA,27.886000983573563,clear,35.013458083862275,none,29.259585167234672,6,5,14,22.619314686450604,4.085984554725634
2026-05-09T21:45:29.917646,44A Retour,ARRÃ‰T BAB HADI,LES ABATTOIRS,20.98793120303712,rain,49.44784475235147,none,10.42246835706225,1,12,2,26.599562724071035,0.8963845056255764
2026-05-09T21:45:29.917646,4G,DENDEN,TÃ‰LÃ‰COM MANOUBA ALL,38.448156796264655,cloudy,20.716608338446687,none,33.543498043962046,1,10,16,5.0,1.1213388994714188
2026-05-09T21:45:29.918736,14A,CENTER DE FORMATION RAS TABIA ALLER,RÃ‰SIDENCE YESMINE ALLE,44.10044992491135,clear,88.98234651447356,none,26.704316643575247,0,5,10,24.583317188651797,0.8512137478501978
2026-05-09T21:45:29.918736,44A,BOUHNACHE1,ERRMILA,34.70362887166034,cloudy,89.1370941930423,festival,22.77513338133411,1,12,3,79.10344693312257,20.534165181435945
2026-05-09T21:45:29.918736,20C,CITÃ‰ EL KHADHR,CHARGUIA,37.93564762972608,clear,60.11728801635357,match_sport,16.528314791807947,6,9,21,32.27975439199579,1.1199191624188254
2026-05-09T21:45:29.918736,47A,PLACE SALA CENTRE,LYCÃ‰E KHEREDINN,46.249112960479835,fog,25.304490361149334,none,11.820272123477547,4,10,12,27.82357131939847,0.7872027850454906
2026-05-09T21:45:29.918736,24H,CITÃ‰ EL OUIFAK (GN,CITÃ‰ ZITOU,55.562075051245166,clear,43.637449757179226,none,37.48403166490064,4,1,3,20.2537720261154,1.4468951459796164
2026-05-09T21:45:29.918736,264 Retour,Depart,Arrivee,44.07916600537597,clear,78.1352373553692,match_sport,22.071148893357574,3,1,15,66.7357232698782,13.998665842421001
2026-05-09T21:45:29.918736,26C Retour,SONED,CITÃ‰ THAMEU,17.761071389959167,clear,25.4589031103931,none,35.478618344484886,1,7,20,20.10191478759308,0.15452042772838936
2026-05-09T21:45:29.918736,410B,CNSS,AV DE FRANCE,38.15023819903486,cloudy,54.21111119486966,none,17.185811395812983,5,2,5,18.894769111120567,0.31361402026107044
2026-05-09T21:45:29.918736,14CG,GARE ROUTIÃ‰RE NORD ALLE,FOYER BARDO 1 ALLER,52.38088926144364,fog,58.317964037592624,none,37.30534900950358,6,12,13,35.71133230563216,0.723584997414985
2026-05-09T21:45:29.918736,87 Retour,Depart,Arrivee,56.16370431767747,cloudy,95.6654692269994,none,9.944119346816642,3,4,18,55.00483075838659,8.038098325366136
2026-05-09T21:45:29.918736,17A Retour,RADES PLAGE 1,PTT RADES,24.96183487435087,cloudy,59.62264109306329,none,37.072133752655034,5,3,12,34.9175669393749,3.744212658047518
2026-05-09T21:45:29.918736,19,CITÃ‰ COMMERCIAL,JARDIN D'ENFANTS,20.097873719284493,cloudy,49.91512442950374,none,21.39628339353533,3,4,12,26.4057481589412,0.858837442527034
2026-05-09T21:45:29.918736,34A,ECOLE ZOUHOUR4-RETOUR,JARDIN THAMEUR,15.809458695964043,rain,33.921326399869585,none,11.754966604918057,6,6,13,53.22016276237317,6.276118021198414
2026-05-09T21:45:29.918736,27,CAFÃ‰ LESKAL,JAAFER ESSEBELLE,36.06354750895976,cloudy,38.69185672396624,festival,16.072065629030465,6,12,3,31.618444541211446,3.416097813985058
2026-05-09T21:45:29.918736,247 Retour,Depart,Arrivee,57.64126574732385,clear,94.50018995187764,none,24.405166251753517,4,1,22,31.217674756942756,7.013636282060441
2026-05-09T21:45:29.918736,66B,LYCEE EDKHILA,ELMELEHA,32.289582551400315,storm,65.02591181527954,none,21.424678052863985,1,10,13,62.04831352125877,6.272302271463172
2026-05-09T21:45:29.919832,58,P.T.T OUED ELLIL,LYCÃ‰E IBN FOURA,21.17718778016412,clear,11.948615697298168,festival,38.41887282407684,1,6,14,35.96892474584708,1.1256724717138087
2026-05-09T21:45:29.919832,23/ Retour,PRISON CIVILE BORJ AMRI 23D-23/,AALOUINE2,56.50243318207643,clear,62.54760531619316,marathon,13.961829571691098,2,1,20,56.52566336144626,7.091189747791196
2026-05-09T21:45:29.919832,22A,CAFÃ‰ FOLL,CENTRE DE COORDINATION OUARDIA,46.625798496635696,clear,78.99302006748117,none,17.926388467653478,6,7,15,30.09280265561054,6.735665867848008
2026-05-09T21:45:29.919832,460,KHAZNADAR-ALLER,RABATTEMENT SLIMEN KAHIA,46.604562011136466,fog,94.27402259723135,none,11.513196470664777,1,5,10,39.47466133746193,2.0188514047107766
2026-05-09T21:45:29.919832,71 Retour,Depart,Arrivee,55.87816076453853,clear,20.210831764363885,none,13.561587930669457,6,8,14,13.495700309217803,5.304663092878155
2026-05-09T21:45:29.919832,43 Retour,Depart,Arrivee,38.36386856989286,clear,54.35634528859568,marathon,32.750824432578455,4,2,11,56.1656686753574,4.833593363878972
2026-05-09T21:45:29.919832,23T,HUILERIE LOUKIL-ALLER,LYCEE CHEBI-ALLER,40.03223505351089,cloudy,32.00470426531577,foire,9.471116390415343,6,11,9,43.569988412332435,1.2164200093602524
2026-05-09T21:45:29.919832,54A,CHOUCHET RADES,2Ã‰ME ARRÃ‰T IBN JAZZ,18.412310801399776,clear,57.670613282128045,manifestation,38.555522429934996,6,8,2,55.143108897059506,2.840654286592656
2026-05-09T21:45:29.919832,24F Retour,FERME LOUKIL,LE SOUK DES VOITURES,31.886969930881794,cloudy,29.582534248116033,festival,10.599316103081872,6,7,8,33.78370029448854,1.016122426901335
2026-05-09T21:45:29.919832,250 Retour,Depart,Arrivee,13.69232088376314,storm,92.24407259157364,foire,39.312076265527296,0,2,5,154.46694909090428,14.39289018868658
2026-05-09T21:45:29.919832,16C Retour,BAB ABDESLEM-RETOUR,BAB LAASSAL,16.609196516904824,clear,44.15471498022524,match_sport,14.12012516625099,3,4,11,35.61979656826356,0.6232191847400763
2026-05-09T21:45:29.919832,25D,CITÃ‰ BELLIL,SONED,36.30454188918806,cloudy,75.41938506867376,none,26.282248049793115,6,7,0,33.93374778626797,7.065892027723194
2026-05-09T21:45:29.919832,6B Retour,EL ANBARIA,10 DECEMBRE,11.211116920906852,clear,82.60702691250269,match_sport,23.82992476213062,5,5,16,46.55851330346142,0.9991466591280134
2026-05-09T21:45:29.919832,16C,CITÃ‰ ENNAJE,ARRÃ‰T PHARMACI,18.08741450721262,clear,97.45153755131805,foire,14.420626792515176,3,10,4,50.45551197452351,0.40615734960262806
2026-05-09T21:45:29.920834,18C,RUE IRAQ,BYRSA1,15.382121091673191,cloudy,78.01906608543631,none,23.66953809652998,5,11,12,46.25641420642783,4.045669143794569
2026-05-09T21:45:29.920834,257 Retour,Depart,Arrivee,47.108901072289,clear,39.416375665318995,none,14.034975951840128,0,2,19,32.87218629188102,5.567307137987179
2026-05-09T21:45:29.920834,82,EL AFRANE,BOULANGERIE ELALLGUA,41.05967888059435,clear,76.13696852275399,none,33.54087703393435,2,12,13,41.76561822736263,10.967321675627542
2026-05-09T21:45:29.920834,26C Retour,BIR EZZANGA,BATA,14.754689990136468,clear,43.90834089935352,none,15.37814023165059,5,2,3,49.054791571126714,7.493217820991951
2026-05-09T21:45:29.920834,38C Retour,SNIT,MINISTÃ‰RE DE L' Ã‰QUIPEME,56.3976127482816,cloudy,82.2409169173813,none,27.152190983699988,3,4,8,45.59998014744516,5.0454297436820195
2026-05-09T21:45:29.920834,31A Retour,GAALOUL,BORTAL RETOUR,45.32428175036126,clear,61.066142373133395,none,12.491607404355218,4,11,0,16.461571536059775,3.1528331833200554
2026-05-09T21:45:29.920834,26,FRIGO HADJ SALEH,EZZAOUIA MORNAG,54.46664823720554,cloudy,38.2276989268183,none,35.27304637640788,4,6,21,19.66026890651904,2.486532410282596
2026-05-09T21:45:29.920834,24H Retour,CITÃ‰ AYAR,FERAILLE 1,23.963931894924606,clear,29.408347147409085,festival,32.67081678353206,1,4,11,44.40983478562026,7.535958824771072
2026-05-09T21:45:29.920834,86,FERAILLE 1,AEROLIA TERMINUS,26.707886292356562,cloudy,60.50011471372708,none,36.79171491135182,4,12,16,39.35572720552316,4.724413911557102
2026-05-09T21:45:29.920834,18 Retour,PLACE SALA CENTRE,EL ANBARIA,40.78669167410726,fog,51.21116069303241,festival,34.25258729596762,1,3,15,47.33813922456385,1.0518541078700867
2026-05-09T21:45:29.920834,66 Retour,LYCÃ‰E TECHNIQUE TEBOURB,TERMINUS TEBOURBA,22.986766523337394,clear,56.20546644265427,none,15.148947988359247,1,12,8,40.260875600704935,2.317605874736607
2026-05-09T21:45:29.920834,59 Retour,Depart,Arrivee,38.26992425734822,cloudy,14.250577569892078,none,9.947492857752984,4,8,5,21.590886805024223,11.445137735638568
2026-05-09T21:45:29.920834,19G Retour,SIEFCOL,CENTRE DE COORDINATION OUARDIA,41.83222629447717,cloudy,64.61479384788208,festival,13.5505696032684,5,8,2,32.951833455983696,3.6462847828815743
2026-05-09T21:45:29.920834,54A/,CITÃ‰ ELLOU,JARDIN D'ENFANTS,43.32393455465464,fog,16.777018611960766,none,10.620970855608125,5,11,12,43.95384556695383,17.27483571354476
2026-05-09T21:45:29.921834,74G Retour,JARDIN D'ENFANTS MOUROUJ 3,HAMMAM LACAGNA,24.179001519453504,cloudy,44.16851294388691,none,32.219033476159495,1,12,1,37.997588845855596,7.778023653817942
2026-05-09T21:45:29.921834,54A/,CITÃ‰ ELLOU,FATOUMA BOURGUIBA,49.47510880576963,clear,63.14422110893242,none,39.54456338639403,2,8,3,29.704134530965252,0.12206027696342958
2026-05-09T21:45:29.921834,6,FOYER ARIANA,TERMINUS SIDI SOUFIENE,29.816532686806156,clear,60.550566295505,none,28.853311862001824,2,3,19,44.53707821629382,2.9057011608362693
2026-05-09T21:45:29.921834,27C,CITÃ‰ CHAKER RAOUE,ECOLE NATIONALE DES PRISONS,45.247856128749575,rain,62.604863171169605,none,26.315951915049514,1,6,19,48.077603709739314,2.3688927106780984
2026-05-09T21:45:29.921834,93  Retour,Depart,Arrivee,35.67043888878365,cloudy,15.22275056952585,festival,30.63042793436903,1,9,9,51.861336082549805,8.289415201627445
2026-05-09T21:45:29.921834,51A Retour,ï¿½TAT UNIS,JEANS JAURES,42.68530524008553,clear,47.266044991915265,match_sport,20.40243201282288,4,4,18,52.677743321091796,4.260423022191159
2026-05-09T21:45:29.921834,24/ Retour,DISPENSAIRE,RABATTEMENT MOUROUJ 2,22.55891058669213,storm,70.22539847035146,none,29.793198569778177,0,1,23,67.75759456386024,7.256086766532535
2026-05-09T21:45:29.921834,23,BORJ KHALSI-ALLER,CIMETIERE ANGLAIS-RETOUR,41.040204263439676,clear,12.299885618444153,none,22.148183752652162,5,11,16,13.228875558421606,8.479886411179443
2026-05-09T21:45:29.921834,37 Retour,HENKEL,KM 14 CROISEMENT GP1/MC39,10.037440460743559,clear,20.24929623073543,marathon,37.69542097387473,4,10,19,145.9591307463024,12.109085763098449
2026-05-09T21:45:29.921834,90,TERMINUS CITE BEN YOUNES,RABATTEMENT SLIMEN KAHIA,34.85279217108197,cloudy,72.65693613455043,congres,19.73191775207593,5,11,14,38.84644892712456,1.6729761232759297
2026-05-09T21:45:29.921834,249 Retour,Depart,Arrivee,18.123531830711993,rain,76.70374059570928,none,21.498521682393402,0,1,20,76.28374502908619,12.727252680864776
2026-05-09T21:45:29.921834,44B,MREZGEYA,LYCÃ‰E SIDI THABE,48.087424846444264,rain,23.3194171987368,none,35.4418786036065,0,3,19,42.54864962266469,0.4336592566162025
2026-05-09T21:45:29.921834,37,DOUKALI,CENTRE HAMMAM LIF,19.88709004005758,clear,70.79848943885148,none,11.64258103703888,0,4,23,95.55329830274535,24.91841871324909
2026-05-09T21:45:29.921834,44D/ Retour,MBARKA 1,ARRÃ‰T BAB HADI,44.629381983581595,clear,21.574032060267264,marathon,21.708651165621077,6,9,12,66.70770470872371,19.762656269470952
2026-05-09T21:45:29.922833,26B Retour,PLACE 14 JANVIER (BOUMHEL),GP1 KIOSQUE ESSO,42.51705846322167,clear,96.5723771270159,none,26.486576032494483,5,8,8,52.13549133414186,14.164968608779635
2026-05-09T21:45:29.922833,17A Retour,NORD GAZ,VILLAGE D'ENFANTS,50.54304847593957,clear,40.706204914032014,none,30.460779003807154,2,8,6,15.322159301273954,5.406842524292968
2026-05-09T21:45:29.922833,249 Retour,Depart,Arrivee,29.505823864713406,rain,57.26430629001255,none,14.615529780530363,6,8,9,57.55396606353849,10.529611474724641
2026-05-09T21:45:29.922833,81B Retour,AV EL BORHENE,CITÃ‰ AF,54.273119837691844,clear,45.62063037765043,festival,31.794179769302406,6,4,4,26.156540152446706,0.34565972642886095
2026-05-09T21:45:29.922833,38B Retour,PLACE JEANS DARK ALLER,LA FAYETTE ALLER,12.178083546543409,cloudy,45.376587861833045,none,16.459657109946427,2,10,13,40.65352412970291,0.8727163614899798
2026-05-09T21:45:29.922833,16D,INEPS,ECOLE PRIMAIRE,55.98308285437511,rain,59.75801375831904,none,11.548528743813478,4,10,23,27.14126854017117,8.266169712815206
2026-05-09T21:45:29.922833,42,CITE EL BOSTANE,OUED CHAFROU,43.582185484135344,cloudy,32.000857518633524,match_sport,33.56740696873355,5,3,6,34.97995897158202,6.247668705915977
2026-05-09T21:45:29.922833,46,ELMELASSINE,BORJE ETTOUMI,42.10820833011851,cloudy,96.153360055213,greve_transport,28.534318602950435,4,7,1,91.00860762392155,2.799714562880503
2026-05-09T21:45:29.922833,255 Retour,Depart,Arrivee,51.06151063346326,clear,70.29226169167924,none,36.88694191395838,0,11,20,33.71181313905794,2.2709166449655998
2026-05-09T21:45:29.922833,116 Retour,MOSQUÃ‰E OUED ELLI,BARDO,49.076157553092806,cloudy,57.97247543764318,marathon,22.382137543722507,5,5,22,54.80163769001203,8.87110553249489
2026-05-09T21:45:29.922833,96 Retour,CITÃ‰ SNIT MANOUB,RABATTEMENT KHAIREDDINE MANNOUBA,40.45294580970741,cloudy,33.4164853973831,festival,32.7564849727851,1,11,14,36.175352295858076,0.22039162944046364
2026-05-09T21:45:29.922833,72 Retour,TERMINUS 56 72,BORTAL ALLER,47.654983988581684,clear,37.92033351438934,none,8.609246960935952,4,2,22,28.317400482974087,5.382012985613796
2026-05-09T21:45:29.922833,60G Retour,RUE 10800 (2),TELECOM,33.73744937733656,clear,27.36540931938456,none,33.34068645317786,0,11,0,22.340576237430263,8.407986073687772
2026-05-09T21:45:29.922833,85,PTT NAASSEN,EL KHELIJ,26.47739426190909,fog,55.244089725519494,none,17.894705034187417,0,11,3,42.481835861714224,5.348705884049746
2026-05-09T21:45:29.922833,116 Retour,ECOLE PRIMAIRE,BAB ALIOUA,55.15919574565699,fog,24.716885607771303,manifestation,23.415110528425632,2,10,17,77.87640904767393,16.915374075420402
2026-05-09T21:45:29.923834,39 Retour,IMMEUBLE RADES FORET,CITÃ‰ 18 JANVIER TERMINUS 3,54.124656370957325,cloudy,88.7735446892198,holiday,24.576142475432107,6,8,14,39.81269821956596,5.566787606187375
2026-05-09T21:45:29.923834,18,FOYER ARIANA,GOLFE DE CARTHAGE,58.794309400993264,cloudy,25.608733323000187,none,22.940295092266275,1,4,19,27.18862280178863,5.315300506487574
2026-05-09T21:45:29.923834,52,NACER,SIDI BOU SAID,44.31505628718117,clear,81.18688589818291,match_sport,15.377123903734958,2,11,4,47.48395893420349,2.4076918019185722
2026-05-09T21:45:29.923834,19G,MÃ‰DINA JEDID,CARREFOUR MÃ‰DINA JEDID,31.193737171723225,cloudy,34.584675047220436,none,19.944915570327026,6,9,2,13.134278173983066,0.6508342675463421
2026-05-09T21:45:29.923834,81A,CROISEMENT MOUROUJ 3,LYCÃ‰E MOUROUJ,28.256918412936475,cloudy,99.90130311455067,none,38.85444754484338,2,6,12,44.90760756136252,1.384274916631862
2026-05-09T21:45:29.923834,258 Retour,Depart,Arrivee,40.622572422866256,clear,47.56738557938005,none,19.21308623417723,2,12,9,34.28019620841877,1.9603016117429848
2026-05-09T21:45:29.923834,21A,ERRIAHI,AVIATION CIVILE,12.506321616040807,clear,28.957738811931495,holiday,26.264800574921715,4,3,0,45.11408743433457,3.97897955001347
2026-05-09T21:45:29.923834,42,EL BATTAN,TERMINUS TEBOURBA,26.5625623495998,cloudy,33.18121292713274,none,28.871614219735456,2,7,17,31.42937896105383,2.4119557010999415
2026-05-09T21:45:29.923834,78,CAFE KAMEL BOU ALI RETOUR,FOYER OMRANE SUPERIEUR RETOUR,45.45660277787939,cloudy,29.26714793106413,none,31.989957046249668,3,9,11,14.12708491223037,0.1610066588003516
2026-05-09T21:45:29.923834,18C,RESTAURANT LE BOEUF,SOUKRA,55.99685335896223,clear,52.07813405002912,congres,36.13438372384711,0,2,9,49.58100676372073,1.5673667099889323
2026-05-09T21:45:29.923834,37,PONT AUTOROUTE SUD,STEG,10.499989772790165,clear,86.47979377260015,none,31.041756007038053,1,10,16,138.93844207601512,17.697161547444438
2026-05-09T21:45:29.923834,20A,MAISON BLANCHE,MONGI SLIM,54.03825058040515,clear,84.59125347701762,none,29.05518640848678,6,10,0,30.050481520071862,11.254811635576619
2026-05-09T21:45:29.924837,20A Retour,MOHAMED V,PLACE DES DROITS DE L'HOMME,51.204964481675354,clear,45.29982057418251,manifestation,14.589828809995051,0,7,14,52.1941275657387,0.9143543933168861
2026-05-09T21:45:29.924837,264 Retour,Depart,Arrivee,46.67631954691516,clear,28.06953835189826,match_sport,33.771873079271415,5,11,8,47.14969264495377,10.745072760746941
2026-05-09T21:45:29.924837,5 Retour,ECOLE CITE EL KHADHRA RETOUR,TERMINUS TUNIS MARINE BUS,48.90318125296168,clear,80.85865514982878,festival,29.730556175044782,0,7,2,40.82569631476774,4.296988886149231
2026-05-09T21:45:29.924837,3AG,TRIBUNAL TAAKIB,FOYER BARDO 1 ALLER,10.125717054213798,cloudy,93.1452786133322,manifestation,8.740358232141485,4,9,2,89.87526103856963,2.4877626521228624
2026-05-09T21:45:29.924837,45,ENTREE CHOUIGUI,TERMINUS CHOUIGUI,41.87335294070647,cloudy,29.825755097205935,match_sport,17.710751508262437,2,8,16,34.18566612527633,0.5350076714366008
2026-05-09T21:45:29.924837,20C,CITÃ‰ TAIEB MHIR,YASSMINA 2,29.823406037586683,clear,78.26956727245683,none,30.621732326021924,3,2,1,32.18633520696737,6.1028208212025135
2026-05-09T21:45:29.924837,21 Retour,BEN YOUSEF,FERME BAHRI,58.40999062315174,rain,95.77826856807597,festival,36.08397245960096,0,5,12,66.81934313701066,3.1044916958005526
2026-05-09T21:45:29.924837,44A Retour,MOSQUÃ‰E JAAFE,CAFÃ‰ LESKAL,48.31440687949127,clear,49.5964338815991,none,20.6203871917325,1,3,11,16.808149467455486,3.5640487784248087
2026-05-09T21:45:29.924837,97 Retour,ZONE F,COOPÃ‰RATIVE CENTRA,13.338310541337941,clear,85.16238058889296,none,16.380096865386374,3,3,13,60.69993236283505,3.973601739668245
2026-05-09T21:45:29.924837,86 Retour,CROISEMENT MOUROUJ 2 L24,BAB ABDESLEM-RETOUR,11.836467977231443,clear,83.89281072676823,none,38.13714328030615,2,6,14,96.62972658390174,9.016279175172365
2026-05-09T21:45:29.924837,80 Retour,MAGRO,PASSAGE JEANS JAURES ALLER,34.36411755843866,clear,75.74016086579817,none,26.247316196693582,1,1,3,38.76426283082418,6.311632436996051
2026-05-09T21:45:29.924837,44C,CITÃ‰ ERRAFEH,MNIHLA,54.53021414076916,cloudy,19.434360440859862,none,39.47368796408878,5,5,13,18.895683117672,0.7110440081319485
2026-05-09T21:45:29.924837,87 Retour,Depart,Arrivee,10.560055769411761,cloudy,21.818119256069522,manifestation,32.914344510653194,2,5,13,78.42196145680401,3.1876164472070387
2026-05-09T21:45:29.924837,248 Retour,Depart,Arrivee,54.55304186262731,cloudy,58.46830918906814,holiday,25.516708724284598,2,1,5,28.72975719369802,4.278580142170036
2026-05-09T21:45:29.925835,31A,HADJ HMEYDI,TERMINUS BECH HAMBA,41.704501718091514,clear,43.583368325766415,none,25.52121814557546,1,4,20,12.302691248774195,1.4510741628851562
2026-05-09T21:45:29.925835,94,CROISEMENT BEN YEDDER-ALLER,DOKEN BEN TARCHA,25.061918132338025,rain,69.77975432132718,manifestation,39.23577557449271,3,3,22,115.90148978589428,20.02187156332127
2026-05-09T21:45:29.925835,49 Retour,Depart,Arrivee,46.71853941367969,fog,76.19359652458435,marathon,9.745699676144255,6,4,15,69.16972454479445,9.021245751174735
2026-05-09T21:45:29.925835,44C,KIOSQUE,BORJ JEBBES,41.52901413100549,clear,14.345291816983165,none,9.521593669927228,5,4,12,15.896327672736636,0.424226317565374
2026-05-09T21:45:29.925835,54,DEPOT BIR EL KASSAA,CROISEMENT SIDI REZIG,55.88804682386499,clear,60.69730427406928,foire,37.247591928627095,2,5,15,51.682138570767044,7.595686709850387
2026-05-09T21:45:29.925835,17B,SOCIÃ‰TÃ‰ NO,STOA,10.831704190488392,fog,62.91410231312952,none,15.672557446132242,6,2,15,41.15211454222133,1.8283203696156711
2026-05-09T21:45:29.925835,514A Retour,CHARGUIA 2,DEPOT CHARGUIA,57.969680622191,cloudy,36.662720486740255,none,39.635527756382814,5,8,4,14.092523449327224,1.6860500621399375
2026-05-09T21:45:29.925835,86,AEROLIA 1,MECAPROTEC AEROLIA,14.5301508002679,clear,95.68218494526157,festival,32.1580532737885,6,6,12,50.769518445971535,0.4725177409253867
2026-05-09T21:45:29.925835,42B Retour,MOSQUÃ‰E BEN SASS,SIDI TALEB,28.40751162376876,clear,80.33026407631053,none,29.13574164227964,1,7,19,48.609951792959876,2.884852458233965
2026-05-09T21:45:29.925835,82,CTTM,KHLIGE BOUMHAL,31.670035898128603,storm,29.338709906561096,manifestation,34.41474831395829,4,7,20,65.93976368736423,1.613855473906657
2026-05-09T21:45:29.925835,16A Retour,OUED ELLIL,CASERNE OUED ELIL 1,44.096689159778784,cloudy,37.80536863290013,none,18.930239024034922,3,11,6,16.814483333990534,3.1379025664608804
2026-05-09T21:45:29.925835,89,CHARLE NICOLE-RETOUR,JARDIN THAMEUR,14.560713937632489,clear,45.00080475761256,none,12.327705139985792,0,4,13,43.10972140560403,2.639098658955845
2026-05-09T21:45:29.925835,75,HOPITAL RÃ‰GIONAL YESMINE,BOUJERDGA 75 26A 37,41.62747223092779,cloudy,59.41476458719021,none,24.68937704858181,0,5,19,35.60410838219421,2.4994110319542706
2026-05-09T21:45:29.925835,258 Retour,Depart,Arrivee,20.97655099078097,clear,41.30715890260811,greve_transport,19.324173006835522,6,10,14,94.01599121813342,10.0789685163675
2026-05-09T21:45:29.925835,94 Retour,EL KALATOUS,AEROPORT BORJ AMRI-ALLER,49.697534355257616,storm,30.768884693485443,none,36.390296535109,1,9,5,53.091036068492116,9.339512032075191
2026-05-09T21:45:29.925835,36,PLACE JEANS DARK ALLER,MINISTÃ‰RE DU TOURISME RETOU,29.687220838070996,clear,87.01805736211244,none,10.864710812878567,5,2,20,32.00749943306018,6.857035179452942
2026-05-09T21:45:29.925835,5 Retour,MINISTÃ‰RE DU TOURISME RETOU,TERMINUS TUNIS MARINE BUS,15.334319211328992,clear,82.43428272539315,match_sport,11.856698873345568,3,2,23,53.75163440058644,0.4172075938638695
2026-05-09T21:45:29.925835,44C Retour,MNIHLA,INTILAKA,35.48916828707921,fog,45.879318286084796,none,18.45228352899178,5,10,22,26.47807852159863,1.9917772787642
2026-05-09T21:45:29.925835,20C,CITÃ‰ EL KHADHR,YASSMINA1,16.661485363842118,clear,35.25262153241417,none,30.773784629164393,4,7,17,79.55660036765052,12.597368329316275
2026-05-09T21:45:29.925835,57 Retour,Depart,Arrivee,12.876499938604004,clear,50.37121880476862,none,17.181598142010106,5,12,15,39.942088980890766,4.871388627612604
2026-05-09T21:45:29.925835,58 Retour,CITÃ‰ ELWARD 16,OUED ELLIL (16C 58),55.93641282477658,cloudy,92.76591707523968,match_sport,27.148462853369896,3,3,0,48.63704444673575,2.2863825717760897
2026-05-09T21:45:29.925835,27A Retour,ENKHILETTE,MAGRO,42.30950847666186,cloudy,74.24857407467627,none,21.702451608267932,0,2,10,30.011105301404005,2.0175794786106858
2026-05-09T21:45:29.927428,260 Retour,Depart,Arrivee,56.81169505984265,clear,34.31400753081414,none,26.9627634377953,0,2,7,27.543832768422615,6.59118356091902
2026-05-09T21:45:29.927428,57A Retour,KIOSQUE,CITÃ‰ ERRAFEH,13.051385571620996,storm,57.0417752049635,none,19.442044118387354,4,3,14,65.68461085856818,1.8863037302783416
2026-05-09T21:45:29.927428,24/ Retour,MHAMDIA CENTRE,GARDE NATIONAL FOUCHANA,24.54947575262101,clear,41.53072619048214,none,13.949900623432548,6,8,23,12.434768237588878,2.391099644800002
2026-05-09T21:45:29.927428,77,HOPITAL MAHMOUD MATRI,MARBRERIE,55.76947078109402,clear,91.98954191141029,match_sport,39.493987625278294,4,12,10,57.81657530111674,1.4824838757423873
2026-05-09T21:45:29.927428,81A,CITÃ‰ EL FAOUE,LYCÃ‰E MOUROUJ,47.40388508161878,cloudy,74.4003620108022,festival,20.14140837956955,1,7,3,44.29739260350501,2.3314915586695806
2026-05-09T21:45:29.927428,19G Retour,RUE DU SAHEL,KASBAH,21.979380924701665,cloudy,77.57767598813786,none,28.28452447655687,0,2,6,35.85381668696873,2.3855318840195405
2026-05-09T21:45:29.927428,32D,AVENUE MADRID,JARDIN THAMEUR,44.768926700299204,rain,50.24002667336042,none,8.433418365580867,1,2,21,26.769994504885688,0.6186372282791375
2026-05-09T21:45:29.927428,258 Retour,Depart,Arrivee,45.12497866095386,rain,45.33136483628425,festival,31.061896008682087,0,6,1,38.51792196269192,2.642058287004531
2026-05-09T21:45:29.927428,53 Retour,Depart,Arrivee,43.85579858907965,cloudy,15.301226369078018,match_sport,26.1137329947537,5,5,17,46.03697018983635,8.512638971099635
2026-05-09T21:45:29.927428,42B Retour,CITÃ‰ TORJME,CROISEMENT SANHAJA,24.008703430581182,cloudy,13.42614080348917,match_sport,11.574595911455088,2,9,13,39.30234690231284,2.1218282606898207
2026-05-09T21:45:29.927428,89,EZZITOUN-RETOUR,RABTA,22.641841561320245,clear,21.46340390447798,none,35.91743856057463,6,7,11,32.479919256558375,6.2616379387189465
2026-05-09T21:45:29.927428,19,DJEBEL JELLOUD GP1,STOA,28.835725762261923,cloudy,56.367352973031196,none,34.53948361204643,1,5,14,33.134990838223125,1.1238520365766096
2026-05-09T21:45:29.927428,4G Retour,POSTE POLICE MANOUBA-RETOUR,BOUCHOUCHA-RETOUR,14.728724310415817,clear,20.628258237742003,none,20.78962849413985,2,12,4,32.372549248104924,5.783008954730047
2026-05-09T21:45:29.927428,38C,PLACE JEANS DARK ALLER,CLINIQUE TAOUFIK ALLER,43.26911159663507,rain,15.655666295841227,match_sport,31.4860960432521,3,1,8,55.42110798161382,4.231252809981411
2026-05-09T21:45:29.927428,51A,CITE MAHRAJENE,SOULA,30.566848502498647,clear,37.80811482445089,none,17.864393870893796,4,3,14,23.71746214122685,3.0318394117840284
2026-05-09T21:45:29.927428,22G,RUE DU SAHEL,HAMMAM LACAGNA,59.42381363973388,clear,69.73352378161943,none,27.25912416151136,0,12,11,22.757251469513342,5.816145136006613
2026-05-09T21:45:29.928521,88 Retour,Depart,Arrivee,59.87856901832677,cloudy,37.84609903852318,festival,35.035142600595805,0,10,6,41.96879369895345,5.468627941733773
2026-05-09T21:45:29.928521,24F,AMEN BANQUE,CITÃ‰ EL OUIFA,20.7736302925313,cloudy,58.46863486387143,greve_transport,19.57045827133005,4,10,12,93.35047632294781,2.109185011065529
2026-05-09T21:45:29.928521,64,CITE KSAIR SAID,SONED,18.224214328616846,clear,10.811487488667051,match_sport,22.973798974069787,3,12,7,38.90451938240957,0.2397982158280607
2026-05-09T21:45:29.928521,20C,CITÃ‰ ESSALE,BYRSA1,12.594862059256547,cloudy,60.78084065718144,none,28.214322970339424,1,3,2,53.83641648480669,5.3360617664419046
2026-05-09T21:45:29.928521,27A Retour,EL ANBARIA,10 DECEMBRE,46.42779031149691,cloudy,95.41257858564379,none,31.114294172122484,2,8,4,35.86231670488902,0.9991466591280131
2026-05-09T21:45:29.928521,24H,TERMINUS CITÃ‰ ENNASSI,CITÃ‰ AYAR,15.49653091472252,cloudy,22.070346469627395,none,30.89859847714224,1,12,10,17.86540976086549,1.1279994249816951
2026-05-09T21:45:29.928521,27C,LYCÃ‰E EL WAF,MOSQUÃ‰E BORJE TOUIL,41.02768728145695,cloudy,36.826745842833546,none,31.547332467229328,4,3,2,25.404767048356852,9.256497712953685
2026-05-09T21:45:29.928521,76 Retour,Depart,Arrivee,31.464447515047596,clear,96.78033602890756,none,39.53847790365501,6,12,2,52.50780023063542,10.831067147533808
2026-05-09T21:45:29.928521,48,RABATTEMENT SLIMEN KAHIA,CAFÃ‰ SIRIN,36.96139713342119,cloudy,60.875727962001974,none,38.089219206091755,2,7,18,52.408220436676245,10.282095982615006
2026-05-09T21:45:29.928521,16 Retour,BAB SAADOUN RETOUR,BAB ABDESLEM-RETOUR,46.13104374942701,cloudy,67.8715914172602,none,8.859728710266342,4,2,11,28.6606721124983,0.40372962989214045
2026-05-09T21:45:29.928521,62 Retour,MAGRO,TOUTA 10 DECEMBRE,30.103520080871395,clear,39.152784445000066,none,16.622004179035574,4,7,7,24.183129733333985,1.964866638096808
2026-05-09T21:45:29.928521,257 Retour,Depart,Arrivee,49.60991170881466,clear,95.91506836387438,none,35.208479706811985,5,8,21,31.91369841089035,4.180070970281164
2026-05-09T21:45:29.928521,81B Retour,AV EL BORHENE,CITÃ‰ EL FAOUE,36.07772262014949,cloudy,73.07690300282485,marathon,10.936060410427064,2,5,19,73.62973963897514,1.2953499113557443
2026-05-09T21:45:29.928521,69,13 AOUT L( 69),MARCHÃ‰ CITÃ‰ HELL,31.696384473125374,clear,94.0503264199841,none,31.346275099426403,0,9,4,32.66332035857875,1.5289819766656736
2026-05-09T21:45:29.929524,11,TERMINUS L12 ZAYATINE,CHARLE NICOLE-ALLER,40.22492962665807,clear,10.384761219444187,greve_transport,19.186708796465293,0,6,3,68.44887772174263,2.780578298392056
2026-05-09T21:45:29.929524,27A,LYCÃ‰E KHEREDINN,MAGAZIN AZIZA,53.56779580890445,cloudy,43.18249705707453,marathon,31.991174470835205,6,7,0,42.5690113976234,5.26632167893429
2026-05-09T21:45:29.929524,51A Retour,MENZEH9,SOULA,17.324927200977648,fog,25.346675084063946,none,14.390406190051923,0,3,17,41.451424207911614,1.2644803458247837
2026-05-09T21:45:29.929524,92,TERMINUS L92,CITE ORANGERS 1-RETOUR,29.107298344438416,clear,63.68010305570775,manifestation,29.944398136321798,0,6,22,50.73496811553059,0.918138782210066
2026-05-09T21:45:29.929524,255 Retour,Depart,Arrivee,29.41364953981324,cloudy,46.96870959016801,none,34.76724417972511,5,4,12,39.8918779905567,9.291347585653392
2026-05-09T21:45:29.929524,38C,JEANS JAURES,CLINIQUE TAOUFIK ALLER,29.93571246768696,rain,44.28447422551396,festival,17.38059663086935,0,6,17,65.87369244308431,6.142197136842416
2026-05-09T21:45:29.929524,66,TERMINUS TEBOURBA,TERMINUS EDKHILA,42.76842805558789,cloudy,12.468589188980147,none,26.71045454515154,0,3,2,34.10156797023414,17.05907456700714
2026-05-09T21:45:29.929524,31 Retour,LYCÃ‰E SIDI THABE,INEPS,57.585865031917656,cloudy,55.227152322443345,foire,17.277383549714553,0,2,0,57.520867472624,21.61321026870158
2026-05-09T21:45:29.929524,92,CITE ORANGERS 2-ALLER,TERMINUS L92,35.72993619371456,clear,93.49769539202077,match_sport,34.606136954683144,3,10,21,47.986468853859165,0.6524204810093006
2026-05-09T21:45:29.929524,86 Retour,PROMED TECH,FERAILLE 2,33.21858792454468,cloudy,89.1525866544588,match_sport,37.0864993779393,2,9,10,62.611587305270156,2.7841010446295655
2026-05-09T21:45:29.929524,62A Retour,ECOLE NATIONALE DES PRISONS,CITÃ‰ POPULAIRE ENNAHL,31.528242108493234,rain,39.3007301000069,marathon,19.61968217242682,1,9,4,74.45156297136514,8.8740371778995
2026-05-09T21:45:29.929524,16A,CITÃ‰ TORJME,CIMETIÃ‰RE SANHEJ,13.808533094596244,cloudy,58.57139437796631,none,26.204954256147523,1,12,1,40.36058478612041,2.5865587790279854
2026-05-09T21:45:29.929524,62A,LYCEE ARIANA,NAHLI 2,26.182904640266287,cloudy,67.6678597368513,festival,27.78581283126312,5,12,14,53.57469011031086,7.356677995364732
2026-05-09T21:45:29.929524,18 Retour,CHOTRANA 3,P.T.T SOUKRA,31.707306432911434,clear,74.42943896555725,none,8.303750257151954,3,6,2,32.31330047088766,2.411831424253516
2026-05-09T21:45:29.930521,54A,CENTRE DE FORMATION SNT,LYCÃ‰E SIDI REZI,48.863094425706116,clear,67.66082122503906,festival,22.60653713767537,3,4,11,42.772054231803594,2.596034325696568
2026-05-09T21:45:29.930521,48,IBN JAZZAR MANNOUBA ALLER,CAFÃ‰ LA PAI,24.018789889407895,rain,70.74295993940476,none,39.31607843714411,4,10,8,63.57655067712532,2.8072305543892186
2026-05-09T21:45:29.930521,17A Retour,LYCÃ‰E TECHNIQUE RADE,MOSQUÃ‰E MEDINA JEDID,51.66368421065592,clear,46.34467268002042,none,36.03266663330797,0,7,17,35.96933416577751,2.3372543524488485
2026-05-09T21:45:29.930521,23D,CITE ELWAHA-RETOUR,RABATTEMENT SLIMEN KAHIA,49.34980593833145,rain,74.6836473508383,none,33.02910461505428,0,4,19,53.71590276292988,3.933696768787314
2026-05-09T21:45:29.930521,5C,PATISSERIE BEN YEDER,MENZEH 6,51.268600461300245,clear,52.87754136907581,congres,26.645928066262574,3,10,12,36.59418676716348,3.6889793867725653
2026-05-09T21:45:29.930521,22G,MOSQUÃ‰E AL HAWA ALLE,HOPITAL DES ENFANTS,54.344014256052034,clear,98.9878694872066,none,27.22204453950666,5,5,0,26.275696741716793,1.7569360957489621
2026-05-09T21:45:29.930521,17A Retour,LES BUNGALOWS,AVENUE DE LA RÃ‰PUBLIQUE ,11.715277003226511,clear,48.52742337846354,festival,20.36366799473014,5,3,17,60.92055360790687,3.3553797826099725
2026-05-09T21:45:29.930521,16D,BOUDREYA,STIL,30.963809036072405,cloudy,14.913602777750764,festival,19.352052607434732,5,7,19,54.886389932555986,13.034471143624371
2026-05-09T21:45:29.930521,3AG,SAINT CLEMENT ALLER,USINE MY MODE,59.64459217589263,clear,80.97689980577717,none,21.865764626802733,0,2,16,18.662737997918672,2.1691593821381403
2026-05-09T21:45:29.930521,410B,AV DE FRANCE,LYCEE IBN ABI DHIEF MANNOUBA,28.288062969636883,fog,62.01094461722508,festival,36.14625080075369,2,3,12,93.4350241278714,14.121662537044257
2026-05-09T21:45:29.930521,24,LYCÃ‰E SECONDAIRE MHAMDI,CEBALET CHEIKH,20.67072176084485,rain,22.669819859285624,none,21.482310348398222,5,3,21,22.11657261140077,2.6381878576903777
2026-05-09T21:45:29.930521,87,USINE DE TOMATES-ALLER,L'ARTISANAT-RETOUR,50.58176599823533,cloudy,50.773111152015865,festival,27.261598483423096,5,2,23,42.64734225455696,13.095023875895402
2026-05-09T21:45:29.930521,81B Retour,14-janv,CENTRE CHALLAKH EL MOUROUJ 4,12.854305061899055,clear,21.15850022609776,festival,19.820030121420736,5,3,15,28.929124566900335,0.3822863627381099
2026-05-09T21:45:29.930521,4G Retour,BOUDRIA RETOUR,TRIBUNAL TAAKIB,32.121611514279095,cloudy,66.9824199390851,none,18.456196065740965,0,10,16,44.4836431390127,9.390881793753827
2026-05-09T21:45:29.931520,527,CITÃ‰ EL KHADHR,SALON BADER,37.78364544700597,cloudy,86.34130098287226,none,10.383337171404008,5,7,20,39.268555366997155,8.140580038369087
2026-05-09T21:45:29.931520,6P Retour,LE PASSAGE,JARDIN THAMEUR,18.217389645800644,clear,95.71522585385166,none,38.639673630595,6,1,4,25.827104592565995,0.199339837121431
2026-05-09T21:45:29.931520,247 Retour,Depart,Arrivee,17.928261472217564,cloudy,58.77059650902845,marathon,19.20969776681518,2,7,16,73.58156376888239,4.836323673590677
2026-05-09T21:45:29.931520,93  Retour,Depart,Arrivee,38.17580096034799,clear,38.36880932677492,festival,13.037254418949686,1,1,17,66.2168269657747,13.5359721713608
2026-05-09T21:45:29.931520,88,BOUCHOUCHA-RETOUR,AVENUE MADRID,42.126125003119725,clear,36.14380941785138,none,13.987213371669522,0,7,9,28.271114021589916,2.4535787506649136
2026-05-09T21:45:29.931520,20G,KHEIREDDINE BACHA,SIDI DAOUED (N9),53.70472600696701,storm,25.560473040520044,none,9.920346203394807,1,11,5,51.229382428976166,11.952102147649278
2026-05-09T21:45:29.931520,45,ENTREE CHOUIGUI,TERMINUS CHOUIGUI,49.895137944706306,clear,82.56045917148013,none,29.018521988363208,1,3,5,29.766772658047152,0.5350076714366008
2026-05-09T21:45:29.931520,16B Retour,STEG TEBOURBA,HAMMED,24.546070266378802,clear,22.77196657564103,none,37.72743728621461,4,11,5,34.58769696484849,10.631626987367488
2026-05-09T21:45:29.931520,45B Retour,MAAFRINE,SIDI SALEM,59.54660814732771,clear,66.79436891758169,match_sport,20.564642618758665,5,9,2,40.02171720397941,8.565379977992116
2026-05-09T21:45:29.931520,87,CROISEMENT BIRINE-RETOUR,CITE EL ANTIT-RETOUR,12.3210692723377,rain,91.48733320024918,none,10.365940592534322,6,8,8,81.83125945710651,6.5337620472502
2026-05-09T21:45:29.931520,27C,GUICHET GÃ‰AN,CITE EL BOKRI,46.01501666375474,rain,69.95932661317752,none,17.45655806691062,0,6,4,33.81917549338066,1.0215351476001544
2026-05-09T21:45:29.931520,14CG Retour,GARE ROUTIÃ‰RE NORD RETOU,KASBAH,26.760983617175036,clear,79.3988133429319,none,27.721121927552765,1,10,19,48.020002229349096,2.1850825373416445
2026-05-09T21:45:29.931520,66 Retour,E.P TEBOURBA,TERMINUS TEBOURBA,39.38136486207353,rain,14.3982962836359,none,28.581561450858942,5,12,20,10.014388776935757,0.4640860353723184
2026-05-09T21:45:29.931520,44D RETOUR,NAHLI 3,ARRÃ‰T BAB HADI,40.94970026445051,clear,67.127006685092,festival,15.653592315573071,5,2,19,47.72840345261979,7.258783216513532
2026-05-09T21:45:29.931520,26B Retour,BAB ALIOUA GP1,AVENUE DE LA GARE,59.84372999877651,cloudy,95.6627457341997,none,36.25653054184916,4,9,22,35.08135998596353,0.3080252245431758
2026-05-09T21:45:29.932522,26,EL AFRANE,HOPITAL RÃ‰GIONAL YESMINE,42.80853486432137,clear,71.55244990277163,none,27.067155023906757,1,4,15,34.762858007701894,6.933439806605933
2026-05-09T21:45:29.932522,23F,CIMETIERE ANGLAIS-ALLER,CIMETIERE ANGLAIS-RETOUR,54.22657198140012,rain,87.83478394341694,none,28.679462872044287,1,3,20,54.589509658003564,21.84415319979336
2026-05-09T21:45:29.932522,31C/,ARRÃ‰T BAB HADI,CHORFECH 3,37.941558070592805,clear,92.8389721695001,festival,35.48335421278013,4,1,14,94.48572354060647,22.290481402893132
2026-05-09T21:45:29.932522,54C  Retour,USINE DE CARTON,JARDIN D'ENFANTS BEN AROUS,23.238135651636824,cloudy,86.9330040685553,none,26.108702827360013,4,9,2,39.38082029064729,2.7873462227330505
2026-05-09T21:45:29.932522,81 Retour,Depart,Arrivee,33.71207558851525,rain,25.01544624774619,none,12.304068723263082,2,2,13,33.86121352102857,3.177157398616139
2026-05-09T21:45:29.932522,33C,CITE ESSALAMA,CHAKIRA,12.245013861008626,clear,10.021679558845083,festival,25.991530294863317,3,7,15,60.005950652127865,6.667259591222837
2026-05-09T21:45:29.932522,75 Retour,BNA BEN AROUS,EL AFRANE,10.486693619831657,clear,23.724695599885884,match_sport,25.051003314516553,5,2,23,54.3002628383742,3.380011224154142
2026-05-09T21:45:29.932522,4G Retour,20 MARS RETOUR,HOPITAL DES ENFANTS,54.04599977298763,clear,41.693310014996506,match_sport,14.672193540486901,2,6,20,35.25959683489018,1.652024590147029
2026-05-09T21:45:29.932522,84 Retour,CITÃ‰ ZITOU,PROMED TECH,53.929521218791976,clear,35.93826669909549,none,28.838526718586888,4,12,17,29.384183996682864,3.3079906159861805
2026-05-09T21:45:29.932522,20A Retour,MOHAMED V,JARDIN THAMEUR,10.723042287690545,clear,62.333585938417755,foire,27.236533339611032,2,5,2,61.16187365095674,1.6674983466386593
2026-05-09T21:45:29.932522,21B,CITÃ‰ MEZIAN,CROISEMENT PRISON CIVILE,15.048190562060057,rain,12.366086399265065,foire,17.78384621764482,2,9,11,82.41390761034472,9.953667267635915
2026-05-09T21:45:29.932522,92,DAR MOCENNINE-ALLER,TERMINUS L92,23.737763808725617,clear,95.02080698775082,none,32.26187550708021,4,8,15,37.88881333733503,1.915595447574389
2026-05-09T21:45:29.932522,66B Retour,ECOLE EL HAWARIA,LYCÃ‰E TECHNIQUE TEBOURB,39.88750184428304,fog,93.15848794518381,festival,36.9979446730576,3,1,23,98.96226571041156,23.672938008244245
2026-05-09T21:45:29.932522,26,KIOSQUE MOBIL BEN AROUS,BATA,40.25122986014707,rain,15.999468695008208,none,29.428835913715517,0,8,6,17.38698349398041,1.1452394726836141
2026-05-09T21:45:29.933523,15 B,AVENUE MADRID,JARDIN THAMEUR,58.35591772474912,clear,29.208352057156993,none,29.47065709024953,3,5,22,5.0,0.6186372282791375
2026-05-09T21:45:29.933523,86,FERME LOUKIL,GARDE NATIONAL Z.I MGHIRA,55.24260509000647,cloudy,14.70761681587171,none,10.375267707790549,0,5,8,23.55603149989468,2.239454498037444
2026-05-09T21:45:29.933523,69 Retour,CITÃ‰ HELLAL (TERMINUS 69,MONOPOLES,13.513811794384996,cloudy,49.44943367911534,none,23.6977067836827,2,10,4,42.01921438438794,3.3002649392254266
2026-05-09T21:45:29.933523,44D,LES ABATTOIRS,GOUEZINE 1,47.877539754114515,cloudy,11.791129186054606,foire,34.564408462040745,2,1,16,54.6094752168493,26.325594977752402
2026-05-09T21:45:29.933523,26C,DOUKALI,STATION DE BUS MORNAG,39.942496815305844,storm,88.9314905455904,none,24.230723328925592,6,5,5,43.980757140420515,1.1484086634109651
2026-05-09T21:45:29.933523,24A,CITÃ‰ TAYAR,OUDHNA VILLAGE,37.90804291430507,rain,74.65745847036705,festival,16.933562961711285,5,11,6,47.14696818794872,5.74430731617529
2026-05-09T21:45:29.933523,18,E.P SOUKRA,RUE IRAQ,51.70202048598027,clear,15.426784122179473,none,15.315873856942243,3,2,20,5.5413526591650255,6.080947220054125
2026-05-09T21:45:29.933523,4A,AVENUE MADRID,JARDIN THAMEUR,35.332462083935255,cloudy,77.93879920994122,none,38.02513328488354,2,1,14,44.94614203687126,0.6186372282791375
2026-05-09T21:45:29.933523,74 Retour,PONT MOUROUJ 2,MONCEF BEY RETOUR,55.458714936984045,fog,84.77616546175435,none,13.085039423383499,5,10,17,49.35541800259766,6.300435508657781
2026-05-09T21:45:29.933523,116,STIL,STEG TEBOURBA,38.2699758992336,cloudy,94.21529935409188,festival,33.16156211447367,5,1,5,53.228628277217496,11.941047880767695
2026-05-09T21:45:29.933523,116,CHOCO TOM,ZONE F,22.33216876808376,clear,35.758168175907485,none,23.764169086149348,5,3,9,31.98695340986642,5.004280720747856
2026-05-09T21:45:29.933523,32 B,IMMEUBLES HRAIRIA-RETOUR,MOSQUÃ‰E ELBOR,42.608456354587844,fog,60.06734753222474,none,10.234782499506228,0,3,16,44.29761722560898,5.2880387889845935
2026-05-09T21:45:29.933523,34A,MORNAGIAA-RETOUR,MOSQUÃ‰E ELBOR,44.140404303495465,cloudy,20.78786168645692,match_sport,19.8578930629465,5,11,18,61.95634891845122,20.528445756657668
2026-05-09T21:45:29.933523,25A,MOSQUÃ‰E RAHM,ENTRÃ‰E FOUCHAN,36.183831140205676,clear,58.568294847732844,none,24.092417817141378,6,8,12,24.72768937289341,2.884247873451485
2026-05-09T21:45:29.934525,91,CITE HASSEN BELKHOUJA1-RETOUR,ONAS MANOUBA-RETOUR,51.30693301776658,storm,62.05891942181795,none,32.974977284958115,1,11,16,49.523104906814474,1.1443042113532256
2026-05-09T21:45:29.934525,24D,ENTRÃ‰E FOUCHAN,HUILERIE BEN SAIDAINE,32.566560662974254,fog,36.917297672911076,none,38.30781402390657,6,6,2,25.471139640743992,1.4862851406502156
2026-05-09T21:45:29.934525,19C,CENTRE DE COORDINATION OUARDIA,DUBOSVILLE,26.082041732419928,clear,73.12349017923958,none,15.451742795146917,0,9,20,28.154995609860606,0.5104758677927244
2026-05-09T21:45:29.934525,5C,CITÃ‰ SPORTIV,LYCEE MENZEH6,20.422662281474267,clear,61.12682373230756,none,10.209027728232684,5,6,11,20.074239754115165,1.8590431168119945
2026-05-09T21:45:29.934525,14C Retour,BAB LAASSAL,ALI BALAHOUAN,46.36546885148235,rain,86.75517410942462,none,24.341887491690464,6,7,6,30.57367219993768,0.8804664393358337
2026-05-09T21:45:29.934525,19C/,GOUVERNORAT DE BEN AROUS,CITE SPROLS,14.166888868060292,fog,50.08350644583135,festival,36.2495294560997,6,8,4,51.14664560945892,0.20198039406682167
2026-05-09T21:45:29.934525,21A,ERRISSALA,NUIJI,16.542205205013012,cloudy,99.94695290709733,none,21.566178718074376,0,10,6,52.8381721134552,3.916215527547625
2026-05-09T21:45:29.934525,19C/ Retour,LUSTRERIES,EL AFRANE,16.107460394530058,rain,44.85511784435141,none,21.88094081583635,6,6,8,49.83090630642684,4.884693756508179
2026-05-09T21:45:29.934525,50 Retour,Depart,Arrivee,28.210852237414,clear,63.41065652535043,match_sport,17.996713083750237,1,7,1,60.75940069848516,10.55356946449961
2026-05-09T21:45:29.934525,26B,CITÃ‰ MILE,KM 14 CROISEMENT GP1/MC39,25.30767810660504,clear,38.471435898672894,none,37.467586942280164,2,10,8,59.122732390970626,10.374437163139653
2026-05-09T21:45:29.934525,88,JARDIN THAMEUR,AGBA SUPERIEUR-ALLER,13.332779587333672,clear,79.58466976128591,none,8.545617474053714,2,11,15,104.54747902682259,14.80854592104114
2026-05-09T21:45:29.934525,87 Retour,Depart,Arrivee,13.270164235805856,clear,32.32553149401403,none,34.30087205273162,6,10,10,26.896784427440508,2.5178778358160674
2026-05-09T21:45:29.934525,66 Retour,LYCÃ‰E EDKHIL,FORET DE TEBOURBA,50.99446917695911,cloudy,12.196736073334742,none,12.295425745006948,0,1,5,13.159838924055748,7.734193770624
2026-05-09T21:45:29.934525,14A,FOYER BARDO 1 ALLER,CENTER DE FORMATION RAS TABIA ALLER,43.190214345539296,clear,81.4024011013012,none,12.54806518130805,5,7,12,22.72104058643525,0.8681055267007167
2026-05-09T21:45:29.934525,635,FRETTE,CHARGUIA 2,59.87192524436633,cloudy,68.15438928424305,none,35.489619265073195,5,6,12,31.13853520838013,3.406210077027355
2026-05-09T21:45:29.935521,32,POSTE POLICE ( 17 ) ZAHROUNI RETOUR,KHAROUBA-RETOUR,25.280732369874777,cloudy,82.50472061532548,foire,10.171535314474635,6,8,2,48.431573062733975,2.6892233932799403
2026-05-09T21:45:29.935521,19C/,EL AFRANE,GOUVERNORAT DE BEN AROUS,37.579628554242895,cloudy,75.25763172878693,none,35.54662475197408,0,7,19,58.33092388319927,5.419849423795442
2026-05-09T21:45:29.935521,43,CHARLE NICOLE-ALLER,HOPITAL DE NEUROLOGIE RABTA ALLER,16.60118384566678,rain,44.42661171774184,festival,31.593958287026986,4,2,4,46.57239041849197,0.6058754432975535
2026-05-09T21:45:29.935521,3D,CHAMBRE DES DÃ‰PUTï¿½,CITE ETAHRIR AOUINA,11.662016249330506,clear,16.73817664804072,none,34.977125268431685,5,8,20,24.422229056107895,3.34843346246155
2026-05-09T21:45:29.935521,6B Retour,MOSQUÃ‰E ARIANA EL JADID,10 DECEMBRE,42.144959663674534,clear,12.264290421542448,congres,10.2698391056826,2,4,19,31.981924407178507,1.2424731034529786
2026-05-09T21:45:29.935521,16A,GAALOUL,CITE EL BOSTANE,43.20940097531303,fog,77.44827051739948,manifestation,21.32454693951569,3,12,1,77.78514898339678,6.106963158201593
2026-05-09T21:45:29.935521,250 Retour,Depart,Arrivee,16.780389137066905,clear,31.963097231720596,none,34.802171714587416,3,8,7,57.46347954918066,8.828447182451084
2026-05-09T21:45:29.935521,60 Retour,RUE 10800 (1),"ECOLE PRIMAIRE 6,1",11.444408613598092,rain,56.87893411822962,none,38.89225524348237,4,10,4,49.66385800997452,0.2890808215535625
2026-05-09T21:45:29.935521,255 Retour,Depart,Arrivee,26.04907367962392,cloudy,59.704790732237086,none,29.15632470138719,4,4,21,29.09131834662168,2.269218911228394
2026-05-09T21:45:29.935521,34A,MIZANETTA-RETOUR,OFFICE DE L'HUILE-RETOUR,27.444490663344673,clear,16.637763129204515,none,33.76472250098246,1,10,8,17.423638150404976,0.6498809319945522
2026-05-09T21:45:29.935521,248 Retour,Depart,Arrivee,40.05774765451159,storm,38.46782694848661,none,31.59273502884209,1,5,17,52.729129980730576,1.1290743189526375
2026-05-09T21:45:29.935521,6 Retour,FOYER ARIANA,10 DECEMBRE,14.71230788863472,rain,28.1857026769205,manifestation,38.76901825955204,6,3,6,59.4123200703097,2.344586588420869
2026-05-09T21:45:29.935521,61,FIRMA-ALLER,OUED GUERIANA L23,48.53200849717614,cloudy,83.8626391211267,none,28.86200825235027,6,11,17,59.00781510066939,17.1302524622635
2026-05-09T21:45:29.935521,48 Retour,LYCEE CITE ERRAFEHA,BOUDRIA RETOUR,10.267316450196958,cloudy,47.2853902206986,none,32.07110149646004,4,3,19,75.04703971639692,5.473146529331384
2026-05-09T21:45:29.936523,47 Retour,PLACE SALA CENTRE,LYCÃ‰E KHEREDINN,30.73047296180966,clear,36.10833122689742,none,17.43050165173011,0,8,18,28.427960618307974,0.7872027850454941
2026-05-09T21:45:29.936523,33A,USINE CARRELAGE RTE BIRINE-RETOUR,CENTRE DE FORMATION ZOUHOUR-RETOUR,23.19967922702547,clear,83.75200763449796,none,19.132606108199802,6,6,17,63.672171518308545,9.402371497168133
2026-05-09T21:45:29.936523,84,LYCÃ‰E SECONDAIRE MHAMDI,CITÃ‰ TAYAR,12.081556205172763,clear,64.14165363564423,congres,28.026500584887586,0,1,17,55.83782083196529,0.11349718280359156
2026-05-09T21:45:29.936523,10B,MÃ‰DINA JEDID,DJEBEL JELLOUD GP1,51.304338694771545,clear,31.70980677050987,none,26.11248586030174,1,11,1,11.64402592914061,7.167368351963198
2026-05-09T21:45:29.936523,20A Retour,EZOIDIA 20A,DAH DAH,42.24477051508055,clear,95.85781426724884,none,28.04021537026145,6,7,19,44.9801346715923,6.698840140761865
2026-05-09T21:45:29.936523,5C Retour,CARNOIE2,MINISTÃ‰RE DE L' Ã‰QUIPEME,17.438815642362485,fog,41.54376555082689,none,22.810952225098504,6,9,10,29.532963912763332,1.7834864331553604
2026-05-09T21:45:29.936523,90,CAFE BOUTOFFAHA-RETOUR,RABATTEMENT SLIMEN KAHIA,36.1576449656968,clear,37.38670314024931,none,25.8792725992243,5,5,5,9.727259118931968,0.2490976383104231
2026-05-09T21:45:29.936523,53 Retour,Depart,Arrivee,48.50935755524124,clear,74.45456961460485,none,31.34874266947901,3,2,14,44.03859160005733,9.952427205959925
2026-05-09T21:45:29.936523,49 Retour,Depart,Arrivee,11.818541687361636,clear,65.47961282208885,manifestation,20.195444382243743,3,10,20,122.37827488731908,12.793834021034936
2026-05-09T21:45:29.936523,62A,HOPITAL MAHMOUD MATRI,EJLAME,40.98674181764033,fog,89.626904635602,none,28.78854311286931,3,9,23,53.751424987125546,11.267531789698872
2026-05-09T21:45:29.936523,21B,ALLALGA 1,CROISEMENT PRISON CIVILE,56.661834561992144,clear,72.29676595421054,match_sport,31.709262759589787,3,12,17,65.11237498060805,7.994786405553521
2026-05-09T21:45:29.936523,55,MOSQUÃ‰E DAOUAR HICHE,TERMINUS HOPITAL DAOUAR HICHER,49.98916673434092,clear,31.31127980708101,congres,22.211505228236312,2,3,7,33.27669042253767,0.9348468061108068
2026-05-09T21:45:29.936523,251 Retour,Depart,Arrivee,44.995938741921115,fog,18.416175978858924,none,30.256999952378635,3,12,1,34.69391334155058,11.01347796408082
2026-05-09T21:45:29.936523,11,CITE ZAYATINE ALLER,HOPITAL DES ENFANTS,50.80054209122313,clear,48.11124460621585,festival,19.87399370264812,6,10,15,27.563498138793626,2.3213302187954863
2026-05-09T21:45:29.937520,90,RABATTEMENT SLIMEN KAHIA,CITE BEN YOUNES-RETOUR,15.813941944225748,cloudy,23.068905455015013,foire,18.04920578223868,3,1,3,45.80879952912408,2.9932114129902336
2026-05-09T21:45:29.937520,24/ Retour,CITÃ‰ EL ELMI ,DISPENSAIRE,22.051131927884917,rain,87.5791551860093,none,19.995571188856584,0,1,3,34.50570452895895,1.87614789729686
2026-05-09T21:45:29.937520,84,ABATTOIR-ALLER,GARTEX-ALLER,10.537408287579089,rain,56.14785032779889,none,10.15338600009564,6,1,21,30.748637507129793,0.293587391786609
2026-05-09T21:45:29.937520,77,EL FAJJA,MUNICIPALE,24.36626997029481,cloudy,43.7436146223396,none,15.591431354994572,1,5,20,21.71165446182724,1.1023806231832936
2026-05-09T21:45:29.937520,16D,CITÃ‰ RT,TERMINUS SIDI OTHMAN,22.27277413052883,cloudy,72.92933534326794,none,29.934441243583635,1,8,17,72.89191309673583,14.264089800065818
2026-05-09T21:45:29.937520,16C Retour,BAB SAADOUN RETOUR,ALI BALAHOUAN,24.464387353324632,clear,80.80704028550332,none,29.82359696468191,3,4,0,25.287985582566787,1.9074152539680505
2026-05-09T21:45:29.937520,24D Retour,CHEBEDDA,FERAILLE 1,46.190776195393816,rain,62.92504606050673,none,17.9353034597529,6,1,22,30.648160201322195,7.603522029801365
2026-05-09T21:45:29.937520,74G Retour,JARDIN D'ENFANTS MOUROUJ 3,GORJANI ALLER,32.357671209675395,storm,83.71619423257663,none,31.043555803995726,2,3,12,75.36418421117793,10.800030954082612
2026-05-09T21:45:29.938127,527,FOIRE LA CHARGUIA,TUNISIE TÃ‰LÃ‰COM EL GHAZE,42.3293975264413,cloudy,22.967664494631634,none,26.748767064033277,3,6,14,32.89084649257347,7.298309419774817
2026-05-09T21:45:29.938127,19,DJEBEL JELLOUD GP1,SALLE DE SPORT,36.40535629875276,cloudy,46.33667168513379,none,33.89815602001784,6,7,16,20.745995080548184,6.1380660069367075
2026-05-09T21:45:29.938127,34,GHDHAOUNIA MOSQUE-ALLER,GHOUL KAMMOUN-ALLER,27.839292568482414,cloudy,40.05979354793523,none,17.01325086664679,0,10,2,26.933010802634357,7.176814711559192
2026-05-09T21:45:29.938127,33A,25 JUILLET-ALLER,SOUK MELLASSINE-RETOUR,36.59699205576827,rain,49.36045362965467,none,29.815839548057536,6,10,14,63.02668551994933,20.24847994063802
2026-05-09T21:45:29.938127,63 Retour,BORJE LOUZIR,LES ABATTOIRS,27.97808738889047,cloudy,54.56877395045777,none,21.436362222087098,6,9,18,28.60408426533421,0.6338487987022974
2026-05-09T21:45:29.938127,17,DJEBEL JELLOUD GP1,SOFOMECA,30.894158784853246,clear,97.01816558836428,none,34.03241746319475,3,12,23,39.687947317966774,5.495625880188562
2026-05-09T21:45:29.938127,116 Retour,CASERNE OUED ELIL 2,CITE ERRAOUDHA RETOUR,35.73036551177309,clear,84.47520167214927,none,20.303794605034238,6,3,17,51.45376071124764,8.075093732823625
2026-05-09T21:45:29.938127,60A Retour,POSTE POLICE RUE DU SAHEL,ARRET ESSAYDA ALLER,55.94572984979981,cloudy,75.84515373820298,none,25.928174560037032,3,9,21,25.586125645503476,0.997002109550448
2026-05-09T21:45:29.938127,9B,DJEBEL JELLOUD 9B,HAMMAM LACAGNA,54.947409279052216,clear,18.84218567967207,festival,34.33116497671821,2,10,17,32.33937527106795,0.8089883204420012
2026-05-09T21:45:29.938127,258 Retour,Depart,Arrivee,21.830467129548637,clear,38.31103596937032,none,13.416304774529465,4,5,23,18.26069841507251,3.144218121623644
2026-05-09T21:45:29.938127,54A/ Retour,CITÃ‰ COMMERCIAL,SIEFCOL,53.112368461241985,rain,47.481194709560185,festival,17.2125047710468,5,2,4,31.925858902481863,3.888100588227807
2026-05-09T21:45:29.938127,60,MONOPOLES,HAMMAM LACAGNA,41.36263940093504,rain,79.66964083384367,none,10.385695195265676,2,8,0,33.650641137859246,1.3326305024387721
2026-05-09T21:45:29.938127,23/,AALOUINE2,PRISON CIVILE BORJ AMRI 23D-23/,55.340530249064145,fog,74.67398335861552,none,18.924454442257712,0,10,5,41.25038221459428,7.091189747791195
2026-05-09T21:45:29.938127,74G,JARDIN D'ENFANTS MOUROUJ 3,FOYER UNIVERSITAIRE MOUROUJ 3,44.54082245565135,clear,23.569435612999087,festival,30.779207132041797,5,8,13,20.917794705248287,0.2285389700406526
2026-05-09T21:45:29.938127,47 Retour,CAFÃ‰ HAMIED 18,EL ANBARIA,13.545372920662782,clear,33.582708399803025,none,20.938405173815617,1,7,23,28.155488088563576,2.321991568325373
2026-05-09T21:45:29.938127,3A Retour,TERMINUS KSAR SAID 2,MEFTEH SAADALLAH ALLER,31.031982878265893,clear,93.63921387050883,none,24.603741432952653,0,7,3,40.27664448726871,6.116409650904513
2026-05-09T21:45:29.939210,46 Retour,CITÃ‰ BEN GHENI,ELAROUSSIA1,28.958575097495036,storm,97.0177561046833,none,38.293297442510806,4,7,18,126.14660485563795,24.230753264294382
2026-05-09T21:45:29.939210,265 Retour,Depart,Arrivee,34.97243596628214,cloudy,77.60630453492426,none,18.878588743622466,6,10,0,28.01938823901114,6.334367164035128
2026-05-09T21:45:29.939210,16C,CASERNE OUED ELIL 1,GARDE NATIONAL OUED ELLIL,54.165133186685644,clear,77.19986554901367,none,36.63892411660367,3,12,12,43.85912712325388,2.798020747251311
2026-05-09T21:45:29.939210,16,EL HBIBIA,TERMINUS 16,31.02945803451952,cloudy,55.488276534770314,none,11.634661960710396,0,2,18,37.80144976672338,0.9871765137093789
2026-05-09T21:45:29.939210,24/ Retour,TERMINUS CITÃ‰ ENNASSI,FERAILLE 1,48.5636308104067,clear,90.55914084663297,marathon,25.021567651123647,2,2,7,80.59824855505896,6.362673091550877
2026-05-09T21:45:29.939210,86,RABATTEMENT MOUROUJ 2,PROTECTION CIVILE,50.53960360814141,fog,16.566210074310725,match_sport,16.170989956815706,5,12,19,47.151344331349236,3.916591544182565
2026-05-09T21:45:29.939210,249 Retour,Depart,Arrivee,40.42104059426997,storm,69.49131463294641,foire,26.11230266019436,6,10,8,77.78491104490607,5.749958945283186
2026-05-09T21:45:29.939210,42,CITE ENAJET1,EL HATHERMINE,45.9592926870518,fog,65.74373457161337,none,37.78805976093164,2,1,17,75.0834495518899,7.112253620783793
2026-05-09T21:45:29.939210,20B Retour,TERMINUS 20B,LAC PALACE,50.403135934183695,cloudy,53.78085513962253,none,23.496807802294533,5,10,3,31.69542363298571,12.022543342707214
2026-05-09T21:45:29.939210,31C,IMMEUBLE CHEFIA,GARDE NATIONAL OUED ELLIL,55.27601892523434,clear,38.24345751390713,congres,28.084250308443774,5,10,13,36.420922975210416,10.31468076037541
2026-05-09T21:45:29.939210,265 Retour,Depart,Arrivee,25.507840430888375,clear,65.59799627184185,none,32.12526093888935,3,4,1,28.147043799667912,5.358517510876738
2026-05-09T21:45:29.939210,66,HOPITAL TEBOURBA,CROISEMENT MATEUR,20.79940967178775,rain,35.45844920626656,none,11.51790624181908,2,10,13,60.28128800026011,10.598783738159456
2026-05-09T21:45:29.940193,75 Retour,EL AFRANE,STATION BARCELONE,32.3770154281583,cloudy,92.24072492715267,none,14.959433881185731,6,6,12,34.68629864087745,2.636780952254071
2026-05-09T21:45:29.940193,81 Retour,Depart,Arrivee,49.941968737742776,clear,98.80685314535891,none,35.060893144246066,0,6,14,56.68476381922224,13.663057977053104
2026-05-09T21:45:29.940193,19C/,EL AFRANE,CNSS,26.23975327059667,clear,92.14646260879537,holiday,32.76813766897408,5,1,15,34.211512569983036,2.9149905894243666
2026-05-09T21:45:29.940193,45B Retour,STEG TEBOURBA 45B,TERMINUS TEBOURBA,54.44115333508475,clear,26.46835628893126,marathon,36.32311408809006,4,11,17,66.1163050596133,0.45367588658838187
2026-05-09T21:45:29.940193,31B,ECOLE PRIMAIRE,EJJBAL,59.686509747146815,clear,57.99550054235933,none,36.76631825649182,1,8,2,33.877368741655474,12.035452798927377
2026-05-09T21:45:29.940193,19A,STOA,CITÃ‰ JAOUHAR,51.24273872068695,clear,73.96035391371441,none,11.924798608798216,4,2,21,27.29928090916172,6.937758233391232
2026-05-09T21:45:29.940193,38B,PLACE JEANS DARK ALLER,TERMINUS OMRANE SUPÃ‰RIEUR L 78 + 38 ,36.04980629929085,cloudy,75.68979980704722,none,34.93633306282534,4,3,3,37.00553510551253,6.513147381248058
2026-05-09T21:45:29.940193,94  Retour,Depart,Arrivee,52.93080431450587,clear,74.07812155037463,festival,26.291726740813353,2,11,10,43.50172190968739,3.945623672186754
2026-05-09T21:45:29.940784,26C,BIR EZZANGA,STATION DE BUS MORNAG,55.92042112366173,clear,47.15734359672156,none,11.631244864311597,0,2,18,24.319496265145062,3.1324052963237357
2026-05-09T21:45:29.940784,24D,AMEN BANQUE,MOSQUÃ‰E RAHM,17.027994838483437,cloudy,44.83111629507604,festival,11.288174154258854,2,11,23,52.47034879623192,4.666681361298629
2026-05-09T21:45:29.940784,19C,COLLÃ‰GE YASMINE,GARE DJEBEL JELLOUD,52.38445971823228,clear,71.29819357568624,congres,26.079689538628212,1,5,22,42.45882844959655,5.844101153866086
2026-05-09T21:45:29.940784,26 Retour,DJEBEL JELLOUD,CENTRE DE COORDINATION OUARDIA,31.307916257263848,rain,74.23049683085384,none,27.186517120801536,5,7,5,29.333180017145807,1.0318717164790971
2026-05-09T21:45:29.940784,48 Retour,CAFÃ‰ LA PAI,IBN JAZZAR MANNOUBA RETOUR,35.49772530013071,clear,40.78801370806097,none,39.90473932863184,3,4,4,20.65651764014943,2.676480971561082
2026-05-09T21:45:29.940784,44D,SANAD,INPFCA,31.558232415553185,clear,26.699086007015765,match_sport,12.13666009343612,1,8,2,39.76830100017565,5.2547979818634545
2026-05-09T21:45:29.940784,23E,MOSQUÃ‰E MORNAGIAA-RETOU,CITE JABRI-RETOUR,25.39706297729268,clear,35.58418236950969,festival,23.541767063025237,6,8,18,39.50734985608729,4.117719383033382
2026-05-09T21:45:29.940784,72,GARE ROUTIÃ‰RE SU,CHAMP DE COURSE KSAR SAID ALLER,28.4775042544176,clear,78.10236599206064,manifestation,13.565583264311265,3,4,13,80.09138821754443,7.7335597368450735
2026-05-09T21:45:29.941378,3D Retour,BAB LAASSAL,ALI BALAHOUAN,10.729491242160819,clear,74.40751693200127,congres,18.007719438004266,3,12,8,63.34228842689768,0.8804664393358337
2026-05-09T21:45:29.941378,57 Retour,Depart,Arrivee,30.598122847076294,fog,91.2681684150714,none,14.539279376908638,0,5,19,81.57545603518969,13.220676545544867
2026-05-09T21:45:29.941378,81A Retour,CROISEMENT MOUROUJ 3,14-janv,41.55584227152157,clear,83.04925843541098,match_sport,36.56059277516524,1,1,9,75.74327643958433,0.5384816766401099
2026-05-09T21:45:29.941378,19C/,EL AFRANE,SOFOMECA,29.487370733683047,cloudy,10.98355590709737,match_sport,16.303606636027293,0,10,14,43.695121656472246,2.7460694874202636
2026-05-09T21:45:29.941378,21B,ALLALGA 1,DOUAR SALEM,17.74156590967234,storm,38.78211213531897,none,11.800281716024017,6,1,14,72.51485859031912,8.647725065551612
2026-05-09T21:45:29.941378,23F,LYCEE CHEBI-RETOUR,SONEDE AGBA-RETOUR,26.462323182271348,fog,52.44412611728993,none,13.185321958231878,5,10,1,30.774872053021564,4.459871124483804
2026-05-09T21:45:29.941378,42B Retour,EL HATHERMINE,RABATTEMENT KHAIREDDINE MANNOUBA,51.930989720324305,clear,12.909439584175733,manifestation,22.916667216991588,6,6,9,55.87078756361431,18.19033853394329
2026-05-09T21:45:29.941378,83 Retour,Depart,Arrivee,35.91431851467861,clear,61.68610289834369,marathon,14.97089671744084,3,1,5,78.30444481681913,12.556108903119503
2026-05-09T21:45:29.941378,96 Retour,CITÃ‰ SNIT MANOUB,RABATTEMENT KHAIREDDINE MANNOUBA,22.887993144906943,storm,47.493885314059995,none,26.934862426469333,4,6,4,41.54113799204617,0.22039162944046364
2026-05-09T21:45:29.941378,18 Retour,PLACE SALA CENTRE,10 DECEMBRE,13.515829635887702,fog,27.887722945172044,match_sport,19.18565722250707,0,12,20,55.34035461583194,2.0556800007584783
2026-05-09T21:45:29.941378,48,RABATTEMENT SLIMEN KAHIA,IBN JAZZAR MANNOUBA ALLER,49.494389758340134,rain,27.84529997083377,none,27.9742775188513,5,10,22,11.826576151016457,1.3993941798696277
2026-05-09T21:45:29.941378,63 Retour,MINISTÃ‰RE DE L' Ã‰QUIPEME,CITE MAHRAJENE,20.855752540854283,clear,54.289189507503664,none,38.64350346010734,2,5,13,29.564360157566966,0.3400054440702407
2026-05-09T21:45:29.941378,31C,INPFCA,SIDI THABET CENTRE,54.45480677379028,cloudy,66.531857066384,congres,25.237821874839206,4,7,1,35.061190167303444,0.2881723567116232
2026-05-09T21:45:29.941378,86 Retour,ZONE INDUSTRIELLE,FERME LOUKIL,50.45496148339744,clear,77.12505858345205,none,36.038020231728915,5,8,14,33.460128188209566,0.3529454884905294
2026-05-09T21:45:29.941378,5C,MENZEH8,MENZEH 6,39.751542667075654,cloudy,44.08371178731226,festival,21.70172921965954,6,12,7,40.34694948243312,0.93727002948141
2026-05-09T21:45:29.941378,53 Retour,Depart,Arrivee,58.695283671850184,clear,15.8025290199716,greve_transport,27.96181310161716,1,8,10,72.44099983772158,9.249822428736639
2026-05-09T21:45:29.942470,44D,ECOLE PRIMAIRE GOUEZINE,BEJAWA 2,51.775507729102976,fog,55.11805298875184,none,12.067807009270673,1,4,9,43.42637011806809,1.712642084462935
2026-05-09T21:45:29.942470,88 Retour,Depart,Arrivee,49.997128251993296,clear,14.773939049086096,none,31.663056945489522,0,8,15,24.65878234036391,13.673989196506943
2026-05-09T21:45:29.942470,38C Retour,ï¿½TAT UNIS,PASSAGE JEANS JAURES ALLER,57.17527918940175,cloudy,57.94471641549692,none,34.66799277614039,3,3,8,34.91454778921719,3.634492870434234
2026-05-09T21:45:29.942470,61 Retour,Depart,Arrivee,40.10157980706542,cloudy,95.88929191109051,none,8.189361235126146,6,7,1,39.75843752761304,7.687105283576117
2026-05-09T21:45:29.942470,66,FRIGO,CROISEMENT MATEUR,24.377978254534945,clear,30.014342216118354,none,19.300258404589197,2,3,9,43.11432483912275,7.615312543562581
2026-05-09T21:45:29.942470,54A,CITÃ‰ TRABELS,ARRÃ‰T JARDIN D'ENFANT,57.15811288205523,clear,93.07761346038848,festival,29.476637175781505,5,2,12,53.96831207315782,12.859323238196716
2026-05-09T21:45:29.942470,66,HOPITAL TEBOURBA,CROISEMENT MATEUR,21.378008154767578,clear,10.419002341010403,marathon,17.4716958488254,2,1,3,66.02004974977925,10.598783738159456
2026-05-09T21:45:29.942470,5C,10 DECEMBRE,MENZEH7,25.126104625693323,clear,38.27310536355454,foire,9.342546281300127,6,10,23,31.146351393880956,1.7106743057191958
2026-05-09T21:45:29.943074,31 Retour,PONT BIZERTE GLASSE RETOUR,BOUDREYA,23.62965279917978,clear,36.74247576111705,none,17.317698071965285,6,5,3,79.44173317980224,30.3331594266614
2026-05-09T21:45:29.943074,33,MOSQUÃ‰E ELBOR,AVENUE MADRID,13.575815754681638,clear,13.48149348082002,none,16.170036355179526,1,2,4,15.287771461961565,0.8574103657610905
2026-05-09T21:45:29.943074,44 Retour,BORJ YOUSSEF 1,KIOSQUE AGILE,38.66628946753451,storm,19.294991675297545,none,21.410512961452294,0,7,6,35.392442675191504,4.965837970850924
2026-05-09T21:45:29.943074,252 Retour,Depart,Arrivee,25.50664224951838,clear,63.447379575956845,none,26.530444473509753,6,12,3,34.237357172766174,7.0817431267395845
2026-05-09T21:45:29.943074,63,BORJE LOUZIR,EL MANSOURA,56.16381250563183,rain,17.580952254044956,none,21.928442737250382,4,1,1,11.680875805015308,0.4891802080010086
2026-05-09T21:45:29.943074,635,CHARGUIA 2,LES ABATTOIRS,27.462977062139977,clear,16.10212993403608,none,35.33397716542288,6,6,0,7.687022190619496,0.7703238794510181
2026-05-09T21:45:29.943074,248 Retour,Depart,Arrivee,39.210457059961584,clear,85.00606205944507,none,9.019525087310182,0,4,15,31.13082120230407,2.812399146970205
2026-05-09T21:45:29.943074,3AG Retour,CAFÃ‰ EL HAJ RETOU,TELECOM,32.638330463903785,fog,35.62293655895539,festival,11.593431085116727,3,12,23,42.82501984051714,3.006727132685162
2026-05-09T21:45:29.943074,24H Retour,CROISEMENT MOUROUJ 2 L24,RABATTEMENT MOUROUJ 2,17.671851460453016,clear,57.09094740325384,festival,11.62774611950347,0,11,3,37.60716250943677,1.1847446747211094
2026-05-09T21:45:29.943074,18C,EL ANBARIA,MOSQUÃ‰E SIDI FRA,30.062835326618618,clear,61.43124517468,none,32.98498586820905,6,8,0,29.53316381038205,8.47839625492046
2026-05-09T21:45:29.943074,18C Retour,LYCÃ‰E KHEREDINN,EL ANBARIA,31.877065120660205,clear,87.55268789795704,holiday,37.542678166768724,6,10,9,48.73422723391065,0.2646513228245979
2026-05-09T21:45:29.943074,21B Retour,ALLALGA 1,CITÃ‰ SNIT MORNA,26.339709255389774,rain,38.27724674935762,greve_transport,32.272742120342656,3,7,21,88.46394980401845,2.2819166538919884
2026-05-09T21:45:29.943074,44,CITÃ‰ ERRAFEH,LYCÃ‰E KALAATE AL ANDALOUS,34.88983985168791,clear,43.11447505098515,none,38.278406783255505,1,7,11,65.62713861756853,28.413057464994814
2026-05-09T21:45:29.943074,43 B,KHEIREDDINE BACHA,BAB ABDESLEM-RETOUR,38.55984785528348,clear,87.32236553684513,foire,15.050299781318763,4,2,9,72.46315861053601,5.959315330135016
2026-05-09T21:45:29.943074,252 Retour,Depart,Arrivee,45.59720575891364,clear,63.52059217509107,festival,19.745878027231033,4,3,3,52.54777912969275,14.745122599664727
2026-05-09T21:45:29.943074,66 Retour,EDKHILA,LYCÃ‰E TECHNIQUE TEBOURB,29.31930214811905,cloudy,66.04044257157884,none,13.64893132968541,2,12,15,55.66411368631232,14.33428942178325
2026-05-09T21:45:29.944151,84,CITÃ‰ EL OUIFAK (GN,CITÃ‰ TRABELS,12.030261097999574,clear,90.01638329393475,match_sport,26.395306013891133,5,5,19,87.63088111586407,4.7987509257851055
2026-05-09T21:45:29.944151,60,HAMMAM LACAGNA,RUE 10800 (2),36.11995551806609,fog,22.86433163851462,festival,15.964274448070253,0,5,10,41.14392894714809,3.4864832008024074
2026-05-09T21:45:29.944151,27C,CITÃ‰ 26/2,GUICHET GÃ‰AN,20.04807824479454,cloudy,78.3231076483724,none,10.986569846847267,4,9,4,39.28653741729505,3.4841821514037257
2026-05-09T21:45:29.944151,63 Retour,PLACE JEANS DARK ALLER,BEJAWA 2,59.10260729713008,rain,66.65243454845657,none,8.866219300382884,2,10,13,55.269706231566374,17.34164028181692
2026-05-09T21:45:29.944151,14A Retour,GARE ROUTIÃ‰RE NORD RETOU,ALI BALAHOUAN,36.56165304947976,clear,82.62218363432189,none,33.66504739412379,5,4,14,29.528300059040376,2.109059832812468
2026-05-09T21:45:29.944151,527 Retour,CITÃ‰ NOZH,CHARGUIA1,31.66282818446115,clear,19.604219969076173,none,34.78363076632468,4,9,19,31.09089054286386,4.550879236824908
2026-05-09T21:45:29.944151,24 Retour,SIÃ‰GE DÃ‰LÃ‰GATION MHAM,LE SOUK DES VOITURES,41.238695851658434,rain,85.49778079281245,none,31.84748329782365,2,2,15,44.36413005500639,7.128189983026564
2026-05-09T21:45:29.944151,252 Retour,Depart,Arrivee,13.928579114583586,cloudy,59.52557597224048,none,30.260531453298885,5,6,22,40.558035768088914,4.074931880088666
2026-05-09T21:45:29.944151,16/,MOSQUÃ‰E OUED ELLI,CITÃ‰ ENNASSI,58.22352998785622,cloudy,57.35063440427918,none,21.619035672812636,0,12,15,23.474136884531802,8.467212667316446
2026-05-09T21:45:29.944151,45,TERMINUS TEBOURBA,CITÃ‰ ERRAJE,46.49266234770577,cloudy,15.156799775439321,none,19.28091080250717,4,2,10,5.0,1.2313011556589766
2026-05-09T21:45:29.944151,69 Retour,13 AOUT L( 69),MONCEF BEY RETOUR,18.711672044220897,cloudy,45.61071489628584,none,28.58560531315547,4,9,23,26.93975045517015,2.4498734390925554
2026-05-09T21:45:29.944151,61 Retour,Depart,Arrivee,43.774481030480736,clear,53.34365560944498,none,29.959754557032852,1,6,18,27.40279111239631,2.0185213538728446
2026-05-09T21:45:29.944151,81B,JARDIN D'ENFANTS MOUROUJ 5,CITÃ‰ AF,20.401833416568085,fog,88.45984081902131,none,30.060847719560073,6,4,0,30.17024036868039,0.287428433782176
2026-05-09T21:45:29.944151,54D Retour,MEUBLATEX,CITÃ‰ AF,46.25821834645029,storm,42.744646517732434,match_sport,29.86690410501516,1,2,3,62.84333099692975,3.454059613391479
2026-05-09T21:45:29.945150,26A Retour,DZIRI,OUED MELIANE L(26A-B-82),40.50424234703196,storm,94.18443986123286,none,10.560941765494388,5,11,1,67.5453312452376,18.132167138327674
2026-05-09T21:45:29.945150,6B Retour,ARIANA SUPÃ‰RIEU,10 DECEMBRE,47.84631938137402,rain,11.295889527953756,none,14.819141796751353,6,10,10,15.145894869181657,1.5620017214043747
2026-05-09T21:45:29.945150,98,CROISEMENT SANHAJA,CITÃ‰ TORJME,37.88909271064661,clear,67.89662512468891,none,16.36321034926363,6,10,3,19.549749019543786,2.1218282606898216
2026-05-09T21:45:29.945150,259 Retour,Depart,Arrivee,12.848676280268537,clear,62.229073347910344,match_sport,24.90827703414592,0,11,22,93.83070902708197,9.80388663164189
2026-05-09T21:45:29.945150,66,CROISEMENT MATEUR,LYCÃ‰E EDKHIL,17.949811772471733,storm,61.97603927290225,none,37.18566010101016,2,8,17,76.67193395179947,3.1897297671806975
2026-05-09T21:45:29.945150,20 Retour,DAH DAH,MONTPLAISIR,38.25611421703107,clear,98.63196014524055,none,22.302569176980835,6,8,16,26.80592438115105,3.012214931762534
2026-05-09T21:45:29.945150,635A Retour,DEPOT CHARGUIA,TERMINUS TUNIS MARINE BUS,40.758790569162116,clear,88.45826768194038,match_sport,32.11677703429058,4,3,5,54.95584631993702,4.49974361462232
2026-05-09T21:45:29.945150,92,CHEMIN DE FER-RETOUR,ONAS MANOUBA-RETOUR,54.47461728570442,cloudy,92.76461755485731,none,30.244415120879925,2,8,13,34.33826475216892,2.06998506051037
2026-05-09T21:45:29.945150,514A Retour,MAGRO,DEPOT CHARGUIA,17.179544914157447,storm,14.076561595825108,none,21.60257014853958,5,1,12,46.904408082145665,3.786838781754316
2026-05-09T21:45:29.945150,69,MONOPOLES,LYCÃ‰E 2 MARS EL OUARDIA L(G,54.615352367106034,storm,97.23649261288195,festival,12.583281849925747,4,11,5,67.45040476780547,0.5072648036270562
2026-05-09T21:45:29.945150,21B,ERRISSALA,DOUAR SALEM,25.2327573447741,clear,40.95876753746227,festival,14.834273556146641,4,12,12,38.35153775178105,3.6453591000436347
2026-05-09T21:45:29.945150,96 Retour,CITÃ‰ SNIT MANOUB,RABATTEMENT KHAIREDDINE MANNOUBA,38.22815705887375,fog,19.145093653109186,none,32.52313484259379,3,1,6,24.218166176958892,0.22039162944046364
2026-05-09T21:45:29.945150,27C Retour,STADE ESSIEBE,EL ANBARIA,12.24133570767493,clear,82.84802839264385,none,9.13213488554624,6,3,20,92.96510591179376,12.265246603427434
2026-05-09T21:45:29.945150,19G,AV FAYCEL IBN ABDELAZIZ,CIMETIÃ‰RE SIDI MOSBE,55.78118905333925,clear,31.156606950767674,festival,26.345445999044752,0,1,11,21.428266929961886,1.3698674078029391
2026-05-09T21:45:29.946152,24H Retour,LE SOUK DES VOITURES,RABATTEMENT MOUROUJ 2,13.01278222733788,fog,31.57088577501467,none,29.032507268202604,5,5,8,41.891717855765044,0.926948033941386
2026-05-09T21:45:29.946152,25B,SIDI FATHALLAH1,AVENUE CARTHAGE,59.1436074576484,cloudy,85.99156055620402,none,19.326588388634168,6,9,18,35.30396548546152,3.803172339894772
2026-05-09T21:45:29.946152,250 Retour,Depart,Arrivee,45.747402756839726,clear,50.463192798315966,marathon,32.19545281098654,3,4,14,66.74593445068828,9.246232266232633
2026-05-09T21:45:29.946152,72 Retour,SIDI BECHIR-RETOUR,GARE ROUTIÃ‰RE SU,49.30126360247344,clear,92.06924174897134,none,36.41516617482803,2,7,17,54.15906781683537,0.3870135921181834
2026-05-09T21:45:29.946152,20G Retour,CITÃ‰ TAIEB MHIR,BUREAU DE POSTE PLACE PASTEUR,37.383344500744286,clear,12.265581673504913,none,30.852029849111336,6,6,4,16.657290805032467,8.530415534539705
2026-05-09T21:45:29.946152,20A Retour,LAC PALACE,DAH DAH,18.546889560413454,clear,19.923351068373684,congres,29.528054330860165,0,12,22,23.766069957528916,1.3206854652644697
2026-05-09T21:45:29.946152,23/ Retour,MENZEL HBIB 23D-23/,CITE 26/26,29.201229098814498,clear,34.46509816224143,none,9.979896348535949,1,5,1,27.997102954689527,4.731478881747561
2026-05-09T21:45:29.946152,21B,ANCIENNE GARE AHMED ZAIED,CROISEMENT PRISON CIVILE,48.57269265689397,clear,41.84932162185375,foire,9.736632758929726,6,1,13,48.83199771791542,5.953032214888749
2026-05-09T21:45:29.946152,44B Retour,KIOSQUE AGILE,SIDI MAROUEN,45.966140965557095,cloudy,53.62324828092327,none,24.623585015699984,5,9,21,12.843656991025592,1.1396819586111722
2026-05-09T21:45:29.946152,5C,TERMINUS TUNIS MARINE BUS,PATISSERIE BEN YEDER,34.00615088095063,cloudy,60.333221173540885,none,11.118590311831227,2,1,7,45.93293142997682,3.4333433020723745
2026-05-09T21:45:29.946152,57A,LYCEE CITE ERRAFEHA,MNIHLA,22.64194799828551,cloudy,81.40896629424468,none,33.2824581397858,0,12,15,31.075236047688666,1.3564217922320434
2026-05-09T21:45:29.946152,27,CAFÃ‰ LESKAL,CAFÃ‰ MANACHO,27.447151099882575,cloudy,65.75460246949146,greve_transport,17.995076598994938,4,8,1,105.64045161167789,10.522155214665325
2026-05-09T21:45:29.946152,20 Retour,MOHAMED V,JARDIN THAMEUR,41.64429500102064,rain,12.581701627586241,none,10.230264946212667,4,12,21,15.961062239846703,1.6674983466386593
2026-05-09T21:45:29.946152,69,13 AOUT L( 69),CITÃ‰ DES MARTYRS 6,32.21897273388301,rain,43.85952800374207,none,22.27577853662929,2,10,15,27.11466095608124,0.6712004367395799
2026-05-09T21:45:29.946152,96,RABATTEMENT KHAIREDDINE MANNOUBA,GOBAA TERMINUS 96,35.16985725744759,rain,59.68657935528687,none,8.978027880312524,4,2,23,34.66182053718358,0.7533133728591199
2026-05-09T21:45:29.946152,32 B,BAB ABDESLEM-ALLER,CITE ESSALAMA,36.34706125180165,cloudy,54.18294206304621,festival,19.6774564607995,5,1,2,38.401240537144844,5.717853416953765
2026-05-09T21:45:29.946152,76 Retour,Depart,Arrivee,50.97067522699977,clear,50.4258756540701,none,14.099016658324413,1,2,23,20.31406275483071,6.972676247186543
2026-05-09T21:45:29.946152,54D,EL MOUROUJ 3,CELLULOSE (SILOS),46.98519782255949,cloudy,96.50809793951022,none,25.328130639447767,1,8,6,32.943476695530975,2.36404121500958
2026-05-09T21:45:29.946152,16A Retour,DOUAR EL BEY,GAALOUL,44.248727634261336,rain,47.41133233814459,none,39.20391312930685,1,1,13,51.29570250874698,9.506478021741907
2026-05-09T21:45:29.946152,6B,10 DECEMBRE,EL ANBARIA,50.3543047754283,clear,14.39236221016385,match_sport,19.82543656250593,0,6,11,19.148878749884492,0.9991466591280134
2026-05-09T21:45:29.946152,74B Retour,RUE DU SAHEL,CHARLE NICOLE-ALLER,24.803855877378076,clear,50.34766944154009,festival,25.732141053662613,0,5,11,34.40808262498383,2.8468069807644287
2026-05-09T21:45:29.946152,94 Retour,CITE ELWAHA-ALLER,BEN MAHMOUD-ALLER,46.68887114619102,clear,68.04975471247411,none,35.52212226316661,2,9,5,27.861681806334452,0.557515234493799
2026-05-09T21:45:29.946152,37 Retour,CHALET VERT,CLINIQUE EZZAHRAOUI,15.88810834006594,clear,76.19979900549743,congres,19.971356515906624,2,4,5,53.07600811464378,3.7745541658769293
2026-05-09T21:45:29.947744,4G,IMMEUBLE CHEFIA,L'ARTISANAT-ALLER,54.9561414904194,clear,39.62989549061038,none,35.10762315170944,2,10,3,18.579372809839906,3.28628273750916
2026-05-09T21:45:29.947744,72 Retour,CAFÃ‰ HAMME,CASERNE OUED ELIL 1,53.8372150647835,clear,38.21683247291454,none,16.915385124204246,1,5,23,32.44081095881374,20.247193254982278
2026-05-09T21:45:29.947744,88,LYCEE SAOUEB-ALLER,GARDE NATIONAL AGBA-ALLER,47.935990113582264,clear,16.62233384248973,none,27.96621493747073,0,7,5,15.439930242796438,3.840227617833307
2026-05-09T21:45:29.947744,256 Retour,Depart,Arrivee,11.605573113891069,cloudy,33.28440419695049,none,30.372141310829928,3,10,14,56.896630024521535,5.468997502851462
2026-05-09T21:45:29.947744,39,MONGIL,"TERMINUS RADES FORET 19D , 39",39.8398346506463,cloudy,24.644686808279943,none,25.683730591418456,6,3,14,17.123308041742874,1.6366659997574136
2026-05-09T21:45:29.947744,88,BARDO-RETOUR,BAB SADOUN,30.86200595878575,clear,80.94448838317496,foire,17.790806502049286,6,8,18,48.04930497471181,1.2900715646449825
2026-05-09T21:45:29.947744,54 Retour,AV EL BORHENE,SOUASSI,17.67442785648789,fog,57.01275530577125,none,36.091808221136404,5,11,10,129.6745624705411,26.99595124490734
2026-05-09T21:45:29.947744,54A/ Retour,AV DE FRANCE,CROISEMENT MOUROUJ 2 L24,29.06156558419249,clear,42.153358038633144,none,22.849059452848543,3,4,10,23.933101298696698,7.793778254705048
2026-05-09T21:45:29.947744,43 B,CHARLE NICOLE-RETOUR,MOSQUÃ‰E ELBOR,48.04431251664023,cloudy,47.43432499543108,none,25.288451305468186,3,9,0,20.6405159022049,1.1630510649156163
2026-05-09T21:45:29.947744,19,STADE MEGRINE COTEAUX,TERMINUS M-COTEAUX,16.50407859459088,clear,64.42069205519127,none,9.913578941635162,3,11,2,31.540105686012495,0.8949990492601501
2026-05-09T21:45:29.947744,23/ Retour,CROISEMENT BORJ AMRI 23D-23/,CAFE MEDINA 23/,35.45845047887003,rain,30.50091774632737,manifestation,16.843631346821635,2,1,23,60.104847683038216,8.315323162899993
2026-05-09T21:45:29.947744,26C Retour,CAFÃ‰ YASMINE,CITÃ‰ THAMEU,19.49891235924887,clear,57.623652905493984,none,35.84426506812093,5,7,13,34.733520564431046,4.251780300580327
2026-05-09T21:45:29.947744,16 Retour,EL HBIBIA,CASERNE OUED ELIL 1,24.424052111686393,clear,78.28331497487854,none,14.303918598654036,3,10,16,59.42595076027638,14.190638801421123
2026-05-09T21:45:29.947744,248 Retour,Depart,Arrivee,22.47689264855193,clear,50.932601891439376,none,39.861922854177244,1,9,9,76.19047946367155,12.968137783982018
2026-05-09T21:45:29.948764,87,LYCEE SAOUEB-ALLER,25 JUILLET-ALLER,12.34981916514247,clear,43.12111683099844,none,22.85476111340491,4,9,9,80.58825405642638,8.56009080940803
2026-05-09T21:45:29.948764,24/,CITÃ‰ ZITOU,MHAMDIA CENTRE,33.967778380012184,clear,55.07443380801447,none,31.809378582107836,3,8,14,31.966904028856163,1.9369925552395921
2026-05-09T21:45:29.948764,94  Retour,Depart,Arrivee,25.80535275639157,clear,66.90040261944696,none,37.0437793561116,1,3,5,57.980556687161965,14.290190016697096
2026-05-09T21:45:29.948764,32C,CITE EL ANTIT-RETOUR,BOUCHOUCHA-RETOUR,42.35421654434249,storm,85.89452410582712,none,14.60865809937274,0,6,17,71.4995818375129,4.274595860946441
2026-05-09T21:45:29.948764,16/ Retour,CHAMP DE COURSE KSAR SAID RETOUR,BAB LAASSAL,24.914633921538833,clear,80.90598372373147,none,21.734274003987075,4,4,3,37.273647604546696,5.13762147107712
2026-05-09T21:45:29.948764,75 Retour,DJEBEL JELLOUD,DUBOSVILLE,42.31117639123397,cloudy,34.025680678347335,none,35.61753739012256,5,7,13,29.131345133292744,1.5423475842718215
2026-05-09T21:45:29.948764,15,BAB ABDESLEM-RETOUR,JARDIN THAMEUR,37.85782098101181,clear,65.95751772376103,match_sport,39.758346249581095,0,11,5,52.05859734908058,1.9105616166518011
2026-05-09T21:45:29.948764,64,SIDI ALOUI,TERMINUS 64/30,36.425114371391786,clear,36.061929645706726,none,18.45391429727837,3,8,16,23.201636257909563,5.724940940529074
2026-05-09T21:45:29.948764,6P,JARDIN THAMEUR,CITE MAHRAJENE,10.755362081784671,clear,55.08051345429159,foire,31.385438448964642,1,8,19,78.17880649738493,2.9453965647174827
2026-05-09T21:45:29.948764,21A Retour,NUIJI,MAALLAH,27.292644645142865,cloudy,33.20450014120856,none,27.8675456024563,1,3,19,35.96368354608246,3.026644319637474
2026-05-09T21:45:29.948764,46,BORJE ETTOUMI,DAR ELBIDHA,47.27569753731491,clear,48.59410192768056,none,24.219617296609233,3,6,2,13.75994995082734,3.0125998314968676
2026-05-09T21:45:29.948764,23F,CROISEMENT BEN YEDDER-RETOUR,RABATTEMENT SLIMEN KAHIA,29.19173853614449,fog,98.22264917282517,manifestation,39.693250912387995,3,12,15,98.14240940838721,6.105824297345549
2026-05-09T21:45:29.948764,62A,CITÃ‰ CHAKER RAOUE,SIDI AMOR,47.84398762403399,clear,66.00731619113199,none,38.19712082571116,6,11,9,40.549730307799415,1.0420228944008443
2026-05-09T21:45:29.948764,44D RETOUR,BEJAWA 3,MREZGEYA,33.908213366139094,clear,50.50475311580326,none,13.333602682964926,6,5,15,27.031896866757098,9.919030088318506
2026-05-09T21:45:29.948764,26A Retour,AVENUE DE LA GARE,STATION BARCELONE,39.85916147389223,fog,54.405624522346706,none,11.716074059711005,3,2,18,46.95220658397165,0.7355903308379297
2026-05-09T21:45:29.949847,72 Retour,GARE ROUTIÃ‰RE SU,CASERNE OUED ELIL 1,16.511397317926814,rain,69.83523157318612,festival,37.93101787704538,5,7,4,81.50202396802409,10.49841704999246
2026-05-09T21:45:29.949847,66 Retour,CITÃ‰ ERRAJE,TERMINUS TEBOURBA,56.64375398700623,clear,37.92274176254416,none,33.79195054581463,2,8,10,17.194817366049733,1.2425210300584695
2026-05-09T21:45:29.949847,26A Retour,CITÃ‰ MILE,POULINA,50.69207925847842,cloudy,91.91332858717136,none,13.69877337906702,5,11,19,30.37243683833157,1.5303644990006902
2026-05-09T21:45:29.949847,32,OFFICE DE L'HUILE-RETOUR,CHARLE NICOLE-RETOUR,37.6648171256982,cloudy,66.7053466024222,manifestation,30.758852854016887,4,7,15,57.48603070795387,2.5658798634691706
2026-05-09T21:45:29.949847,19C/,LUSTRERIES,MOSQUÃ‰E MEDINA JEDID,18.320902412236176,clear,81.19818211878112,none,30.113620887064943,0,7,4,27.12299949809983,0.9746081668112554
2026-05-09T21:45:29.949847,14C Retour,BAB LAASSAL,ALI BALAHOUAN,11.076630014929902,clear,97.88236055633791,none,37.9209847467456,6,2,2,44.51777891291235,0.8804664393358337
2026-05-09T21:45:29.949847,5,ALAIN SAVARY,STATION LAVAGE CITE EL KHADHRA,15.660928875096339,cloudy,38.666263378625075,none,22.085470650719138,1,8,15,27.201499496869083,2.4956245128263426
2026-05-09T21:45:29.949847,18B,TOUTA 10 DECEMBRE,MONOPRIX,12.03452185755717,clear,48.25596971359549,none,16.89295191846597,6,5,0,42.27890035796075,3.940702901970202
2026-05-09T21:45:29.949847,74G Retour,LES ROSES MOUROUJ 1,GORJANI ALLER,45.163054496040964,clear,45.12035780792103,festival,19.461219899238614,1,1,9,50.007221359498594,6.967596320354956
2026-05-09T21:45:29.949847,38B,PASSAGE JEANS JAURES ALLER,SONED,35.64074770533033,cloudy,38.53676803547987,none,22.710704206128906,2,11,19,35.775214501439876,4.457216110143477
2026-05-09T21:45:29.949847,16C Retour,LYCÃ‰E CHABBAO,IMMEUBLE CHEFIA,22.359881126994892,cloudy,32.188527808924746,none,25.508094535377037,4,7,15,42.88587329884724,12.607095365024787
2026-05-09T21:45:29.949847,23T,RABATTEMENT SLIMEN KAHIA,AHMED LAOUINI-ALLER,31.441400485344296,rain,75.59353294977971,none,18.232227902360428,5,8,6,30.745642272342785,2.4822866470777694
2026-05-09T21:45:29.949847,31,ECOLE PRIMAIRE GOUEZINE,CHORFECH 1,46.5111668292783,cloudy,42.948256307077784,festival,22.897007404797396,5,1,18,54.57592647662496,10.995294784990055
2026-05-09T21:45:29.949847,26B Retour,SOCIÃ‰TÃ‰ NO,SOFOMECA,57.70248799639591,cloudy,77.84243758541979,none,17.15851969457887,2,3,0,21.485594841870483,1.2089359752989743
2026-05-09T21:45:29.950843,81B,CITÃ‰ AF,AV EL BORHENE,52.55998054742931,clear,37.92349851877374,festival,24.232241625856954,5,6,8,27.48525564160821,0.345659726428861
2026-05-09T21:45:29.950843,19G Retour,AV FAYCEL IBN ABDELAZIZ,SOCIÃ‰TÃ‰ NO,49.937681140836354,rain,38.09174380646628,festival,23.82560608310989,4,1,7,58.39685289843459,2.488115697692165
2026-05-09T21:45:29.950843,24,CITÃ‰ TRABELS,CEBALET CHEIKH,24.369963665972904,clear,29.315659258782254,none,12.717965962321031,6,7,6,9.18147662683441,2.061354595258919
2026-05-09T21:45:29.950843,22G,GORJANI RETOUR,FACULTE 9 AVRIL ALLER,29.16809408688837,clear,34.95609130310146,none,17.631579322456645,5,12,6,10.990265546118652,0.8919423156691799
2026-05-09T21:45:29.950843,42 Retour,Depart,Arrivee,22.529847009803635,fog,56.01473473270014,none,16.947400656777084,6,12,21,37.65718748199958,2.373764746855584
2026-05-09T21:45:29.950843,42,MOSQUÃ‰E OUED ELLI,CHOCO TOM,39.43489768071959,clear,54.36015122513788,holiday,20.396887059016425,2,2,19,45.170706127425206,0.34643600563291344
2026-05-09T21:45:29.950843,57A Retour,BEN ARFA,KIOSQUE,56.21802061319835,cloudy,67.39301605220992,none,27.59677394427249,5,3,19,28.237784913994417,1.6933138698887866
2026-05-09T21:45:29.950843,59A Retour,LYCÃ‰E OUARDI,AVENUE DE LA GARE,27.783928201549127,clear,87.10682341665323,manifestation,21.213852751446073,5,3,20,49.53562092593423,1.5555865385270273
2026-05-09T21:45:29.950843,80,MINISTÃ‰RE DE L' Ã‰QUIPEME,CITÃ‰ SPORTIV,37.11418252823354,cloudy,70.37293458934393,none,31.1785462690283,3,2,23,19.096320226511892,0.7621040139746782
2026-05-09T21:45:29.950843,263 Retour,Depart,Arrivee,19.998706134403037,fog,92.99398427144975,none,33.956824678331316,5,5,15,77.67399295895439,13.72309700550019
2026-05-09T21:45:29.950843,29,SALLE DES FÃ‰TES BELLEVU,BELLEVUE,53.57018957130814,fog,68.55573739619763,match_sport,27.61432090734363,4,11,12,64.06188647892613,0.584670219236469
2026-05-09T21:45:29.950843,72,FOYER BARDO 1 ALLER,MOSQUÃ‰E AVENUE CHEBB,52.49814391459218,clear,38.185151957447275,none,16.248566149938366,5,2,16,11.414371189405582,6.536791532347646
2026-05-09T21:45:29.950843,74 Retour,CROISEMENT MOUROUJ 2,MONCEF BEY RETOUR,20.463691892769873,fog,11.955646246166728,marathon,11.624083460101357,4,12,9,85.6714519638859,6.670883362839847
2026-05-09T21:45:29.950843,47,MUNICIPALITÃ‰ AIN ZAGHOUA,KHEREDINNE,57.034418316288864,cloudy,18.883000514848465,none,33.46791551602435,2,12,7,27.23370541351346,5.394043187483984
2026-05-09T21:45:29.950843,16B,SAIDA,SIDI TALEB 16D,23.046323285880252,rain,34.11060642182589,none,14.362262107224133,0,9,23,23.486741576629786,2.4674938553034718
2026-05-09T21:45:29.951837,74,LYCÃ‰E OUARDI,JARDIN D'ENFANTS MOUROUJ 5,24.239076739887107,cloudy,83.10244111592047,none,28.717963817243323,1,1,8,65.04535545037031,8.838552481492727
2026-05-09T21:45:29.951837,48 Retour,INTILAKA,NOGRA,23.025122572703257,cloudy,85.79576030900107,none,36.70945598709953,1,10,5,37.765025351026566,0.5823122768065518
2026-05-09T21:45:29.951837,23C,AGBA SUPERIEUR-ALLER,CITE ELWAHA-RETOUR,59.442948736702405,cloudy,39.469203572222256,marathon,17.990878617040117,5,1,4,99.80854738794896,62.41237320329148
2026-05-09T21:45:29.951837,89,MOSQUÃ‰E CITE MRAD-RETOU,BAB ABDESLEM-RETOUR,45.42571276294193,cloudy,75.34695385348866,festival,32.313483509374265,5,7,13,51.57519694697942,7.362837538904117
2026-05-09T21:45:29.951837,3A Retour,SIDI ALOUI,ALI BALAHOUAN,38.32366714213846,clear,31.22220555422799,match_sport,15.759574178694997,6,2,1,23.10824577856585,0.4982772051826396
2026-05-09T21:45:29.951837,33B,IMMEUBLES HRAIRIA-RETOUR,MOSQUÃ‰E ELBOR,47.59831128432408,clear,66.94072291769253,none,38.31481745274601,3,4,23,34.50452764169745,5.2880387889845935
2026-05-09T21:45:29.951837,61,LYCEE 20 MARS-RETOUR,CITE JABRI-RETOUR,44.29077165608838,cloudy,86.82312312500439,marathon,20.444365989625734,5,2,6,65.35861248264533,5.791805756126028
2026-05-09T21:45:29.951837,19C/,SOFOMECA,LUSTRERIES,25.89003094392938,rain,10.273241721290864,none,29.256647204993385,6,8,14,25.46634527646691,2.1386242690879156
2026-05-09T21:45:29.951837,44D RETOUR,CHOCO TOM,DEPOT CHARGUIA,11.521826786865443,rain,61.725671877750656,congres,21.810931101327224,6,4,3,180.0,33.091431166679676
2026-05-09T21:45:29.951837,94,OUED GUERIANA L23,DOKEN BEN TARCHA,28.702674726126833,clear,65.40849084608747,congres,18.5852102466242,2,8,11,88.59720270950609,25.31312826288025
2026-05-09T21:45:29.951837,4A,AVENUE DE L'ENVIRONNEMENT MANNOUBA ALLER,AVENUE DE L'ENVIRONNEMENT MANNOUBA RETOUR,26.060814944818112,cloudy,85.69512424276792,festival,22.811416902895164,4,8,19,63.480241218392614,0.966035367449507
2026-05-09T21:45:29.951837,31B Retour,BAB SAADOUN RETOUR,BAB LAASSAL,57.523692957548704,clear,59.94972162792286,match_sport,24.444553534543616,0,4,7,51.14030242287905,1.0269488146322203
2026-05-09T21:45:29.951837,25A,CITÃ‰ BELLIL,CENTRE DE COORDINATION OUARDIA,26.165043750219056,rain,85.67972353937982,none,38.39474821668024,5,5,18,73.20124574389942,9.216260222383955
2026-05-09T21:45:29.951837,57A,LYCEE CITE ERRAFEHA,BEN ARFA,13.73702285942763,clear,96.12809528852269,none,13.110818237568754,6,7,18,60.63679766389375,4.224995384267223
2026-05-09T21:45:29.952838,24D,CITÃ‰ EL OUIFAK (GN,MOSQUÃ‰E RAHM,10.897673549961953,clear,57.409415498378635,none,30.41466484575264,4,1,12,54.99792625380111,3.0037850729026543
2026-05-09T21:45:29.952838,39 Retour,MONGIL,CITÃ‰ 18 JANVIER TERMINUS 3,23.140043864406955,clear,44.406170966869475,none,14.959255673933335,4,9,8,37.856389342773845,4.331851071588433
2026-05-09T21:45:29.952838,116,ECOLE HAMMED,PARC MAYANA,20.01674766359435,fog,19.83705676938332,none,32.416056885078675,5,12,6,21.37029227229204,2.48886429832503
2026-05-09T21:45:29.952838,77,OUED ELMELAH,HUILERIE ENTRÃ‰E GALAA,46.850582954778076,rain,98.20300996544898,none,30.701468245419232,1,11,15,51.01102763084576,8.551055112488054
2026-05-09T21:45:29.952838,45B Retour,FRIGO,CANAL,30.04202351961421,clear,49.38170215985461,none,33.722871545615746,0,1,5,18.039811748737186,2.2455760038739143
2026-05-09T21:45:29.952838,249 Retour,Depart,Arrivee,22.089116389155297,clear,85.76501011801264,none,12.657923830627144,6,3,8,46.902663473674686,5.565231716921233
2026-05-09T21:45:29.952838,21B Retour,DOUAR SALEM,MAALLAH,17.08540547671732,clear,25.36542385682236,none,33.50340484823106,5,6,22,27.750013703206495,4.534930307953784
2026-05-09T21:45:29.952838,5D Retour,MONOPRIX MENZEH 6,PATISSERIE BEN YEDER,49.351792109763814,clear,79.63772240896073,none,16.986001509863602,5,8,16,26.071016687768317,2.7085732217370975
2026-05-09T21:45:29.952838,48,HOPITAL KASSAB ALLER,CAFÃ‰ SIRIN,22.966237949624336,rain,47.61641341604348,none,19.203778542755998,5,4,14,42.32927948369276,7.787205374406906
2026-05-09T21:45:29.952838,5 Retour,MARCHE CITE EL KHADHRA-RETOUR,PLACE DES DROITS DE L'HOMME,19.046540737104475,cloudy,62.19925813316055,none,18.999191162501134,0,1,23,30.8034645602944,3.4637387313189434
2026-05-09T21:45:29.952838,46B Retour,CITÃ‰ ENNOU,LYCEE EL BATTAN,54.563591941904726,cloudy,25.80253415643221,none,37.41945809658931,6,8,16,15.677655156914511,2.6624508721042286
2026-05-09T21:45:29.952838,42B Retour,ZONE F,COOPÃ‰RATIVE CENTRA,35.62250194167308,cloudy,51.1218623876157,none,22.54121015339735,1,7,4,21.510645041869715,3.973601739668247
2026-05-09T21:45:29.952838,23E,ENTREE GRIAAT-RETOUR,KIOSQUE AGIL -RETOUR,28.97943351696506,clear,12.00703474185886,none,31.23559735662194,4,8,6,27.381704243487782,10.391999572978122
2026-05-09T21:45:29.952838,76 Retour,Depart,Arrivee,30.098506406519522,storm,35.46491572901893,none,22.837832615229377,5,9,2,57.621512551939695,13.749741149969303
2026-05-09T21:45:29.953837,12,MEFTEH SAADALLAH RETOUR,AVENUE MADRID,38.296382227266534,cloudy,14.541607290990587,none,35.246541253696535,5,12,13,17.81388380004152,1.8328677951474113
2026-05-09T21:45:29.953837,32D,OFFICE DE L'HUILE-RETOUR,CHARLE NICOLE-RETOUR,13.730507938987394,cloudy,46.41524497255965,foire,17.809958858537172,2,9,14,60.043688977300036,2.5658798634691706
2026-05-09T21:45:29.953837,3AG Retour,HOPITAL DES ENFANTS,TELECOM,42.19094095922667,clear,56.079606313837004,holiday,31.73913585324422,1,1,5,24.21423046017174,0.9718367623614643
2026-05-09T21:45:29.953837,263 Retour,Depart,Arrivee,48.853549566143755,clear,21.097378502923938,none,38.47281441109067,2,7,14,36.306156716688974,10.84547394226542
2026-05-09T21:45:29.953837,31C Retour,ECOLE PRIMAIRE GOUEZINE,CASERNE OUED ELIL 1,39.39282079994703,cloudy,84.30080404108435,none,29.98150104503941,0,11,17,52.83287174294778,7.9645243810084345
2026-05-09T21:45:29.953837,48,RABATTEMENT SLIMEN KAHIA,MESS DES OFFICIERS,16.715614988959334,clear,32.72353517864049,none,38.05363919800422,1,9,5,35.42201502478108,3.679576977258246
2026-05-09T21:45:29.953837,6B Retour,TERMINUS CITÃ‰ EL MALLAH,ARIANA SUPÃ‰RIEU,43.90397550954656,rain,52.800286431262286,none,32.745876567219895,2,6,16,24.918680064915463,0.1299966159419302
2026-05-09T21:45:29.953837,78,CHARLE NICOLE-RETOUR,GARE ROUTIERE NORD RETOUR,41.619863220606845,storm,40.50040811307724,greve_transport,12.657991927315955,2,10,10,117.4126326202993,13.295576625559882
2026-05-09T21:45:29.953837,86 Retour,LE SOUK DES VOITURES,RABATTEMENT MOUROUJ 2,26.375025175445025,clear,67.20480968906529,none,32.52970785087139,4,11,4,22.64081337545996,0.9269480339413851
2026-05-09T21:45:29.954436,26A,STATION BARCELONE,LUSTRERIES,33.077143346295486,storm,55.39580468474231,none,28.04697181062061,6,3,19,59.39061402133753,7.314583373825421
2026-05-09T21:45:29.954436,25D,HUILERIE SADIRA,IMPRIMERIE BOUSLAMA,18.062002457900686,clear,81.97992074395027,none,17.99559432866754,6,7,2,53.95916427364499,8.528456759974581
2026-05-09T21:45:29.954436,48,MAGAZIN CARREFOUR,NOGRA,28.443519835049017,rain,52.05078574757327,none,25.95852263068356,0,7,4,31.194125181187328,3.3605469047716827
2026-05-09T21:45:29.954436,43 B,MINISTÃ‰RE DU TOURISM,CHARLE NICOLE-RETOUR,31.954178801499175,cloudy,21.25663245364921,festival,27.08722174064141,6,2,9,39.075495915113606,7.063960312361955
2026-05-09T21:45:29.954436,32C,AVENUE MADRID,JARDIN THAMEUR,59.40230871911036,rain,59.22029204714356,festival,38.869671563729284,6,5,1,34.96095461787424,0.6186372282791375
2026-05-09T21:45:29.954436,80,MARBRERIE,CITÃ‰ POPULAIRE ENNAHL,12.511844962888048,rain,31.22586990489478,none,20.712660858943657,5,3,13,38.40688402574153,1.2714834213923627
2026-05-09T21:45:29.954436,54C,IMPRIMERIE OFFICIELLE,SILOS MÃ‰GRINE COTEAU,43.955138091828715,clear,59.95333275012945,none,14.26205355457342,3,1,14,31.394491274712532,1.6649572093401313
2026-05-09T21:45:29.954436,20C,CITÃ‰ ESSALE,BYRSA1,50.81160853697274,rain,37.843512621681924,manifestation,13.849666569256986,5,5,20,46.11982699605441,5.3360617664419046
2026-05-09T21:45:29.954436,45B Retour,FRIGO,TERMINUS TEBOURBA,54.46211267919014,clear,86.42013998091917,none,31.878205042761813,6,5,4,28.80790612333168,11.73034724421261
2026-05-09T21:45:29.954436,96,RABATTEMENT KHAIREDDINE MANNOUBA,GOBAA TERMINUS 96,13.694607260676698,cloudy,21.00821356753707,none,16.276012559567103,1,5,3,14.859743175300963,0.7533133728591199
2026-05-09T21:45:29.954436,27A,MAGRO,LAKRADE,34.94415277786149,clear,30.420670596060045,none,8.281888236592522,2,9,23,15.016200206608328,1.7048890319356635
2026-05-09T21:45:29.954436,42,BARDO-ALLER,CITE ENAJET1,53.02610697458001,rain,83.96649373565701,none,36.499738600537995,6,3,7,64.86096901925333,19.848411319987946
2026-05-09T21:45:29.955511,60G Retour,POSTE POLICE RUE DU SAHEL,GORJANI ALLER,27.314728101419817,clear,70.6450144623247,none,35.255094400068536,3,3,11,30.7778132128081,1.4407983236510127
2026-05-09T21:45:29.955511,20G Retour,LAHWECHE,MECHTEL,14.175533875318004,clear,70.92402973771954,match_sport,20.759274390995312,5,12,1,111.3800634950271,16.850746199457692
2026-05-09T21:45:29.955511,19E,SOCIÃ‰TÃ‰ NADH,SOCIÃ‰TÃ‰ ST,42.31363590079569,rain,56.93750546989339,festival,36.67925676090728,5,10,23,42.4408168171278,3.2976303695809275
2026-05-09T21:45:29.955511,98,CITÃ‰ TORJME,STIL,41.48745813405316,clear,25.40122767144567,none,15.446681861679,5,9,0,21.338176531941222,6.152651603431488
2026-05-09T21:45:29.955511,66B Retour,ECOLE EL HAWARIA,CROISEMENT MATEUR,10.708160274575615,clear,65.5372410029174,none,14.90694088076975,2,11,8,112.03851104925525,12.907366849657251
2026-05-09T21:45:29.955511,64,ALI BALAHOUAN,SONED,12.321356120303003,cloudy,58.60075169436202,manifestation,24.229138909626272,4,4,6,87.74602883695523,5.845017056983061
2026-05-09T21:45:29.955511,33B,BAB ABDESLEM-RETOUR,AVENUE MADRID,34.51250518353177,clear,53.426475607953634,none,27.382519712371163,1,12,9,36.900186836816886,1.2919243883726637
2026-05-09T21:45:29.955511,37,STEG,CENTRE HAMMAM LIF,41.96312810439618,clear,18.887204682565393,festival,26.01152023951275,2,9,10,25.157289231420474,2.943176135586743
2026-05-09T21:45:29.955511,66 Retour,LYCÃ‰E TECHNIQUE TEBOURB,CITÃ‰ ERRAJE,33.13935349444351,storm,22.460140846021538,none,28.98647148565897,1,6,7,45.159628603414596,1.0750848446781376
2026-05-09T21:45:29.955511,31 Retour,BORTAL RETOUR,ALI BALAHOUAN,23.010730365114924,clear,51.624024818563576,none,27.130800004098703,6,8,21,28.886710008569533,5.502005270081632
2026-05-09T21:45:29.955511,262 Retour,Depart,Arrivee,13.807644668880112,clear,64.55515839803053,none,22.192636175226507,4,12,4,49.84347194682036,5.3211346742887855
2026-05-09T21:45:29.955511,84,CITÃ‰ TAYAR,CITÃ‰ TRABELS,28.72380017331582,clear,25.042452560043063,foire,36.697078208403504,6,6,15,31.426248619744555,0.46333607962786694
2026-05-09T21:45:29.955511,31C/ Retour,CHORFECH 2,KIOSQUE AGILE,32.71493944604864,rain,25.963009379775976,none,18.07130369266608,3,7,20,34.94598599662182,10.668543874101474
2026-05-09T21:45:29.955511,33C,LYCEE MIXTE SIDI HSIN,USINE DE TOMATES-RETOUR,41.16068391004717,rain,16.264705035084333,none,9.143534588167192,0,5,21,24.56280726981727,4.2166025544791434
2026-05-09T21:45:29.956509,98,CITÃ‰ RT,CHAOUAT SECTION,33.35479819911913,fog,73.96005759290888,foire,29.119072145877684,0,8,23,65.52717356285783,5.317201474297356
2026-05-09T21:45:29.956509,104,GORJANI ALLER,MONCEF BEY ALLER,28.118382975851816,clear,32.67923771348926,none,28.55353994781988,1,3,8,58.21605896184085,14.631790164308486
2026-05-09T21:45:29.956509,66,LYCÃ‰E TECHNIQUE TEBOURB,HOPITAL TEBOURBA,54.51787517274551,cloudy,93.09491558665748,none,17.36282119168902,0,6,13,41.94417853129808,0.1667874204275397
2026-05-09T21:45:29.956509,54D Retour,FOYER UNIVERSITAIRE MOUROUJ 3 (81),CENTRE CHALLAKH EL MOUROUJ 4,48.92940041903761,cloudy,53.364529883583174,holiday,20.95402109213492,3,6,13,38.87318158117454,0.7585686687836715
2026-05-09T21:45:29.956509,60,HAMMAM LACAGNA,MOSQUÃ‰E IBN SIN,18.948814135756294,clear,24.38187434101231,none,11.411783908153545,4,9,3,17.2752036584043,2.0083239629947345
2026-05-09T21:45:29.956509,74B,CENTRE CHALLAKH EL MOUROUJ 4,CITÃ‰ EL FAOUE,53.37748303467642,cloudy,52.353740524240735,festival,14.84218916351703,1,1,0,34.84516454324153,0.7910213281357183
2026-05-09T21:45:29.956509,24H Retour,MGHIRA,CITÃ‰ EL HIDHA,18.245337192335008,fog,99.18440400331427,none,17.348603270569523,0,5,13,59.36230727109225,0.5003959341023787
2026-05-09T21:45:29.956509,36 B,CLINIQUE TAOUFIK ALLER,TERMINUS MINISTÃ‰RE DES AFFAIRES ETRANGERES ( L 36 B ,57.31965724031622,fog,87.53255594378405,festival,8.051390311668634,3,8,10,62.849832665499505,0.5126568494755368
2026-05-09T21:45:29.956509,20B Retour,CITÃ‰ TAIEB MHIR,MAISON BLANCHE,43.21248919475908,clear,19.39700932785469,manifestation,10.710851723865648,1,11,20,45.2412619816646,8.152340209173548
2026-05-09T21:45:29.956509,23C,CROISEMENT ENFAIEDH-ALLER,OUED HALOUEN-ALLER,48.22660149287379,fog,14.752511192479483,none,28.54924763858264,4,7,19,37.183998780919715,1.8044349561447177
2026-05-09T21:45:29.956509,17A Retour,PTT RADES,MOSQUÃ‰E MEDINA JEDID,54.3713977249046,clear,19.656185184275245,none,34.31282852874983,4,10,17,21.55998469096478,3.466172637282069
2026-05-09T21:45:29.956509,60A Retour,IBN SINA,TRIBUNAL TAAKIB,15.387111936584105,rain,27.84141330193264,none,37.14434194390287,2,12,8,83.18085938360309,8.340909875248396
2026-05-09T21:45:29.956509,6 Retour,FOYER ARIANA,PLACE SALA CENTRE,41.068684765572435,clear,92.95293100875561,none,37.6842425380577,3,12,15,33.50493005510263,0.2938851498095403
2026-05-09T21:45:29.956509,16C Retour,RELAIS BARDO,BOUCHOUCHA-RETOUR,49.18798179987873,clear,74.36831597962913,none,13.038070545069154,5,9,18,36.64717108267944,1.3975504118375746
2026-05-09T21:45:29.956509,460,TOUTA 10 DECEMBRE,LYCEE SAOUEB-ALLER,38.85548247318911,clear,23.44179798017845,none,31.318678547252773,1,6,7,31.66843642746471,8.211883574755406
2026-05-09T21:45:29.957508,86 Retour,ZONE INDUSTRIELLE,FERAILLE 1,37.26836263346911,clear,39.12739015052095,none,23.143159555397055,6,6,21,9.024768848803319,0.8260265005073526
2026-05-09T21:45:29.957508,635A Retour,DEPOT CHARGUIA,TERMINUS TUNIS MARINE BUS,18.360745792134423,cloudy,78.11122084707658,none,35.20445214819932,6,9,22,43.23870305587828,4.49974361462232
2026-05-09T21:45:29.957508,72,TELECOM,MOSQUÃ‰E AVENUE CHEBB,56.78185673061145,fog,21.85052767054639,none,22.14614266130691,5,8,19,32.479402165889915,8.878261396634459
2026-05-09T21:45:29.957508,16D,SECTION MANOUBA,ZONE F,23.088500507248913,clear,41.72389134607886,none,15.971166390499619,4,11,19,54.506200130284505,8.74586374392184
2026-05-09T21:45:29.957508,78,CHARLE NICOLE-RETOUR,SIDI BECHIR-RETOUR,24.27319014466505,clear,62.3020306321174,festival,28.292543875338392,4,12,8,94.46832589018862,16.68271348129692
2026-05-09T21:45:29.957508,79,SIDI BECHIR-RETOUR,GARE ROUTIÃ‰RE SU,13.843910664106259,clear,73.62388268220911,none,23.836627435959905,6,2,14,31.65845453667354,0.3870135921181834
2026-05-09T21:45:29.957508,16A Retour,OUED ELLIL,BOUDREYA,48.56810415273129,cloudy,34.22407398502848,none,38.80891800592532,2,12,9,40.34820334968981,4.735595795159156
2026-05-09T21:45:29.957508,31C/,SANAD,SONED,41.9219860889914,clear,93.82635535385766,none,36.07782236660577,1,12,12,50.69874664937022,7.381274441453641
2026-05-09T21:45:29.958107,23T,LYCEE 20 MARS-RETOUR,BEN MAHMOUD-RETOUR,50.30983058348099,clear,49.938377891752054,festival,12.73722976147019,1,10,13,48.38835513918224,8.102643303973814
2026-05-09T21:45:29.958107,81B,CENTRE CHALLAKH EL MOUROUJ 4,JARDIN D'ENFANTS MOUROUJ 5,12.91886419768332,clear,86.03437431062828,none,14.431222033543762,5,10,17,50.73635049859611,1.4532830792804263
2026-05-09T21:45:29.958107,5C Retour,CARNOIE2,PATISSERIE BEN YEDER,14.437195035238357,clear,91.88743120485763,none,36.54739525176645,2,3,16,53.87063003010655,2.387418853685102
2026-05-09T21:45:29.958107,31C/ Retour,CHORFECH 1,TOUBEN 2,57.0198216287086,rain,97.10748474459197,foire,23.401395295337828,0,12,16,73.7128462492629,18.673355315719732
2026-05-09T21:45:29.958107,3AG,USINE MY MODE,ARRÃ‰T ETTADHAME,21.686776590427318,clear,83.66487032953094,match_sport,23.85073110206215,2,8,22,50.06033778726773,0.25828925630639077
2026-05-09T21:45:29.958107,24E,AMEN BANQUE,LYCÃ‰E SECONDAIRE MHAMDI,34.12982191395836,fog,81.14214348640657,none,10.072683535450775,0,8,5,52.742814248219716,5.884813951749619
2026-05-09T21:45:29.958107,60A,MOSQUÃ‰E AL HAWA RETOU,LA CAGNA (SECTION),55.53871220686774,clear,30.18583328436634,match_sport,39.39903803916343,3,7,2,39.180137220339326,3.3689611809985145
2026-05-09T21:45:29.958107,44D RETOUR,FRECHICH,CITÃ‰ EL GHAZEL,49.29864711479486,clear,74.25535514611916,foire,25.24427044918643,0,2,10,52.96026546573657,8.445824799228085
2026-05-09T21:45:29.958107,460,L'ARTISANAT-ALLER,BOUDRIA ALLER,39.45460402813213,storm,36.793515652697835,none,15.74842665162183,0,3,7,55.77266122850661,3.8438209040915794
2026-05-09T21:45:29.958107,67 Retour,Depart,Arrivee,39.8557088083346,cloudy,41.40646881457535,none,16.116346996520097,3,2,21,28.499071841051208,10.052095926409436
2026-05-09T21:45:29.958107,714 Retour,EL AFRANE,DUBOSVILLE,13.77946163513258,clear,18.48030911064241,none,19.62676579800052,6,11,9,23.107079206747088,0.6474301460754912
2026-05-09T21:45:29.958107,46B,E.PRIMAIRE EL MAHFOURA,BOUCHIBA,18.339412586040073,cloudy,85.31274788941388,none,13.965601465658889,6,11,14,35.25979694871226,0.8821763973916568
2026-05-09T21:45:29.958107,24D,MOSQUÃ‰E RAHM,CHEBEDDA,22.60762960294079,clear,37.97634438344441,none,8.901523561763348,2,5,15,22.00651505569463,1.0697060168264958
2026-05-09T21:45:29.958107,3D,CHAMBRE DES DÃ‰PUTï¿½,MEUBLATEX ETTADHAMEN,31.28426195592169,clear,80.64542969918719,none,38.712656462723885,1,5,10,148.75934888487473,57.84584113590316
2026-05-09T21:45:29.958107,44C,JABBES ELBORJ,CAFÃ‰ JABBE,47.42674881032859,clear,44.9452207768835,none,24.75065868367678,0,12,19,29.943853052556282,1.1455589098689725
2026-05-09T21:45:29.958107,52 Retour,SIDI ABD AZIZ,TEMINUS CITÃ‰ RIAD,14.315173569812897,cloudy,87.25581630353176,none,38.06460475389032,5,10,8,49.029425000238724,0.7796558984439699
2026-05-09T21:45:29.959198,51 Retour,Depart,Arrivee,32.12673890647354,storm,15.366001346219907,none,14.569715925721923,1,2,5,57.55378719206475,14.411797013186169
2026-05-09T21:45:29.959198,87,SALLE FERDAOUES-RETOUR,JARDIN THAMEUR,36.629192967982284,cloudy,11.201719107311131,none,26.418039994369284,1,9,4,30.36116083361183,13.199587302400776
2026-05-09T21:45:29.959198,44,LYCEE CITE ERRAFEHA,EJJBAL,22.524510949444778,cloudy,98.81837930394494,manifestation,16.623178878770883,2,3,6,128.36986539665264,25.5758067470135
2026-05-09T21:45:29.959198,50 Retour,Depart,Arrivee,54.914748617736926,clear,84.63440185790802,none,25.401701098184624,1,4,23,31.659591361973867,9.752355252618718
2026-05-09T21:45:29.959198,22G,GARJOUMA,CHARLE NICOLE-ALLER,41.43226203068515,clear,11.85773349212797,none,20.754598160822297,6,1,1,5.9520834169364285,6.516974986582921
2026-05-09T21:45:29.959198,104,PALAIS EL WARDA ALLER,RABATTEMENT KHAIREDDINE MANNOUBA,56.89694699240271,clear,31.68683660977459,none,23.734964612806507,1,8,15,5.0,1.731028470515426
2026-05-09T21:45:29.959198,264 Retour,Depart,Arrivee,37.12937512198759,clear,73.69870274171589,marathon,16.895581318437817,0,11,19,72.82021576230619,2.445500392985225
2026-05-09T21:45:29.959198,53 Retour,Depart,Arrivee,12.062758018147832,cloudy,31.57762746748152,none,39.4112877348642,2,10,9,109.00636733282843,12.823453377676604
2026-05-09T21:45:29.959198,84,CITÃ‰ TAYAR,CITÃ‰ TRABELS,18.177079321077834,clear,80.67977786104922,congres,22.158302238924012,0,3,2,41.80162666422819,0.46333607962786694
2026-05-09T21:45:29.959198,31,BOUDREYA,ECOLE PRIMAIRE,41.404041998860784,clear,44.243339382764226,manifestation,31.349283123747888,4,5,12,62.91190045031726,7.025712918899714
2026-05-09T21:45:29.959198,74B,LYCÃ‰E 2 MARS EL OUARDIA L(G,JARDIN D'ENFANTS MOUROUJ 5,52.89733403453253,clear,26.197670250912726,none,27.126300731077986,2,1,12,20.645504708232618,8.866618163066056
2026-05-09T21:45:29.959198,6,EL ANBARIA,CITÃ‰ ENNOZH,14.791810925339778,clear,31.938625018544844,greve_transport,8.823378552878598,3,11,14,94.724452512131,1.779207123577583
2026-05-09T21:45:29.959198,248 Retour,Depart,Arrivee,19.364212250574163,cloudy,33.18188821371462,none,12.209069514049439,3,10,7,40.70265654735274,2.968116632121654
2026-05-09T21:45:29.959198,24E,FOUCHANA CENTRE,GARDE NATIONAL FOUCHANA,40.37425848450256,fog,23.58824486907123,festival,20.18459460464853,3,7,21,37.42395748322199,0.5672222583743611
2026-05-09T21:45:29.960180,22G,ESSAYDA RETOUR,LYCÃ‰E 2 MARS EL OUARDIA L(G,32.855651977422966,clear,33.204362279037205,none,19.351076380468278,5,7,15,32.09479928606656,10.687286265839937
2026-05-09T21:45:29.960180,56,IMMEUBLE CHEFIA,SABBELA (56),25.810769407117814,clear,21.871485392990024,none,18.948596529495592,4,10,21,23.905173898831702,7.372100215322287
2026-05-09T21:45:29.960180,91,MARCHÃ‰ MANOUBA-ALLE,POSTE POLICE MANOUBA-RETOUR,48.319287504127864,clear,96.8911428860332,none,18.51313526262234,1,12,5,27.029178617818864,2.684076563419697
2026-05-09T21:45:29.960180,24D Retour,MOSQUÃ‰E RAHM,CITÃ‰ EL OUIFAK (GN,15.68914986902414,clear,99.88471648538584,match_sport,19.195823544562856,2,5,14,75.33939305126563,2.9775277956696193
2026-05-09T21:45:29.960180,49 Retour,Depart,Arrivee,45.84930566116137,clear,86.13074231925647,none,10.08667006117771,2,8,23,44.90197825662979,13.761821534099349
2026-05-09T21:45:29.960180,27A Retour,ECOLE ABU EL KACEM ECHEBI,EL GHAZELA,46.514140367697244,clear,90.45446135091122,none,29.19515648356643,0,11,3,26.53266194657764,1.6719738874552776
2026-05-09T21:45:29.960180,10B,CIMETIÃ‰RE SIDI MOSBE,MOSQUÃ‰E MEDINA JEDID,27.985599607335402,clear,76.25020096552356,none,16.33554971845773,5,1,18,36.32732270993435,2.01597975555927
2026-05-09T21:45:29.960180,44A Retour,AICHOUCHA,ARRÃ‰T BAB HADI,40.530815943234806,rain,54.43563821581983,none,27.716628164299657,6,5,8,48.06025464408938,8.90565207865663
2026-05-09T21:45:29.960180,26A,POSTE POLICE MORNAG,STATION DE BUS MORNAG,16.462292373726143,clear,71.23005565823611,none,9.931234078485058,2,7,13,40.24535625875578,0.3960927236647649
2026-05-09T21:45:29.960180,23T,BEN MAHMOUD-RETOUR,GARDE NATIONAL AGBA-RETOUR,35.96890173572184,storm,44.6709479240878,none,26.40807707471133,5,7,1,24.914976106215175,1.0097900949237584
2026-05-09T21:45:29.960180,12,CAFÃ‰ KAWEKE,CITE ZAYATINE ALLER,42.414016252288505,fog,66.28842576178164,none,28.891278226192398,0,9,14,45.672961456590656,1.9481045246090396
2026-05-09T21:45:29.960180,20B Retour,LAC PALACE,DAH DAH,28.50396015218001,rain,16.287168577319793,none,30.233236359394063,3,4,9,33.21533559005876,1.3206854652644697
2026-05-09T21:45:29.960180,48 Retour,ONAS MANOUBA-RETOUR,MAASRA,54.91077968474725,rain,42.89574441087851,none,22.631911094742218,6,11,0,36.119713797799356,19.266619785007187
2026-05-09T21:45:29.960180,14C Retour,CENTER DE FORMATION RAS TABIA ALLER,FOYER BARDO 2 RETOUR,18.484715424715482,clear,47.25916720498008,marathon,14.259704688000674,3,12,7,69.09322548147613,0.24043978967100976
2026-05-09T21:45:29.961182,20A,BHAR LAZREG1,TERMINUS 20A,28.686402357464992,clear,85.86351043468635,none,8.283478692740431,4,9,10,35.28975411934709,1.1948455497030057
2026-05-09T21:45:29.961182,93  Retour,Depart,Arrivee,26.12890744496356,clear,57.412266208916115,none,18.61665084089142,1,10,14,43.69232989508164,10.032824640442605
2026-05-09T21:45:29.961182,45B Retour,STEG TEBOURBA 45B,TERMINUS TEBOURBA,20.213180105143685,rain,14.046985715617447,none,28.203970559011484,2,11,10,17.754438270943922,0.45367588658838187
2026-05-09T21:45:29.961182,94  Retour,Depart,Arrivee,23.772330746398588,cloudy,39.773190552136654,none,30.082871654454493,3,7,7,49.68418206429585,9.8773955973612
2026-05-09T21:45:29.961182,95,CAFÃ‰ HAMME,AFFAIRES SOCIALES,49.636849713461785,cloudy,72.07801853850512,none,39.02640923140456,2,3,6,30.12121484735249,2.418845870932157
2026-05-09T21:45:29.961182,24,SIÃ‰GE DÃ‰LÃ‰GATION MHAM,CITÃ‰ TRABELS,13.16924481497542,cloudy,59.81715587461125,none,19.148126217349088,1,11,22,40.52183139320047,1.7960507184079706
2026-05-09T21:45:29.961182,714,EL AFRANE,CNSS,40.503451809875386,cloudy,23.249753509280648,match_sport,30.405172345455718,3,8,19,45.78689986077306,2.9149905894243666
2026-05-09T21:45:29.961182,51A,LA FAYETTE ALLER,SOURÃ‰SEA,34.80484261179271,clear,80.82702893240136,none,31.19342793147944,1,8,20,32.56237510558091,4.036747013013929
2026-05-09T21:45:29.961182,83 Retour,Depart,Arrivee,39.95829376614934,clear,28.17252570225515,match_sport,25.926165234448824,1,12,10,46.20729550478348,11.74506774246744
2026-05-09T21:45:29.961182,44B Retour,SIDI THABET CENTRE,SABALET BEN AMAR,41.87908546437244,cloudy,22.519745198465863,none,24.292149452621537,1,7,8,35.35956933298426,8.208763909140227
2026-05-09T21:45:29.961182,34,POSTE POLICE ATTAR-ALLER,EPICIER LAGRAA,46.913628733325616,clear,38.16667706534038,festival,14.680734986593361,3,3,9,88.07530031660576,35.476502056366265
2026-05-09T21:45:29.961182,23D,MORNAGIAA-ALLER,MOSQUÃ‰E MORNAGIAA-RETOU,21.475828086545526,cloudy,22.209446170500343,match_sport,29.760904040725126,3,7,5,175.2584496897921,52.52523153019705
2026-05-09T21:45:29.961182,23/ Retour,ECOLE FEJJA-RETOUR,CROISEMENT BORJ AMRI 23D-23/,21.201462449592455,cloudy,90.67800689276524,none,35.65487331511078,4,11,4,52.96198622439398,4.996690438708278
2026-05-09T21:45:29.961182,60A,RUE 10800 (1),IBN SINA,44.377837053440146,clear,36.254739148963665,marathon,21.56224175591126,5,2,20,36.24489955826335,0.789499017881182
2026-05-09T21:45:29.962182,81B,CENTRE CHALLAKH EL MOUROUJ 4,14-janv,44.04691901123175,clear,66.85126308036041,marathon,13.705063302911618,4,1,21,59.659260011562566,0.38228636273810995
2026-05-09T21:45:29.962182,6B,EL ANBARIA,ARIANA SUPÃ‰RIEU,59.145855801559314,clear,19.636646474380136,festival,8.95470445271933,3,11,0,18.47626355317979,0.5628550622763611
2026-05-09T21:45:29.962182,22,CENTRE DE TRAUMATOLOGIE ET DES GRANDS BRULÃ‰,PROTECTION CIVILE,10.798791442169117,cloudy,60.40836259076877,none,28.692580124928682,5,6,16,52.36699099588494,5.609907575919049
2026-05-09T21:45:29.962182,19 Retour,AV RÃ‰PUBLIQUE ,AV RÃ‰PUBLIQUE ,11.691022158649158,clear,55.69814942731154,festival,17.188177864109342,4,4,17,70.35534944823299,3.539148643791339
2026-05-09T21:45:29.962182,3A Retour,TOUTA BARDO,SIDI ALOUI,20.063651925890866,cloudy,11.85596206685995,none,32.451367698291385,4,6,13,14.108096847039914,3.356128614532202
2026-05-09T21:45:29.962182,21B,CITÃ‰ OUSFAN,TARHOUNA,57.36377676762792,cloudy,29.660308441918357,none,11.347419457809565,2,11,11,15.589396894982782,3.278578981967515
2026-05-09T21:45:29.962182,20C Retour,LAC PALACE,JARDIN THAMEUR,42.704699923174545,clear,98.8565243496635,congres,26.38211146260478,1,11,10,54.69833124261883,7.392510464936658
2026-05-09T21:45:29.962182,24A,MHAMDIA CENTRE,CROISEMENT OUEDHNA/JEBEL OUST,36.0051321314624,clear,29.153190336540973,festival,11.769289456813201,4,3,6,34.886766142454185,4.85050466790373
2026-05-09T21:45:29.962182,26A Retour,EL KHELIJ,GP1 KIOSQUE ESSO,26.366165192192632,clear,78.67044420103954,none,11.135237618553901,0,11,20,48.455864252737165,13.750269639614816
2026-05-09T21:45:29.962182,57A,CAFÃ‰ MARAY,ARRÃ‰T BRICORAM,56.85146972041639,clear,72.14193494032455,none,12.512962409112365,6,7,15,20.039374840986437,3.259957463130468
2026-05-09T21:45:29.962182,27A,TUNISIE TÃ‰LÃ‰COM EL GHAZE,MAGAZIN AZIZA,50.97556197238512,clear,21.732772129657533,marathon,15.382417836029763,2,12,1,41.11395187126157,0.14921985906557556
2026-05-09T21:45:29.962182,60G,PONT MÃ‰TRO KABARI,RUE 10800 (1),11.701517867601755,cloudy,68.8272539575394,match_sport,23.074364313552756,6,4,19,63.911808461927166,1.8802368940883074
2026-05-09T21:45:29.962182,92,ONAS MANOUBA-ALLER,CITE ORANGERS 1-RETOUR,16.839656732416483,cloudy,72.33283020301201,festival,25.668377211072706,3,6,5,53.851910975346534,3.3511067022125394
2026-05-09T21:45:29.962182,3D,ALI BALAHOUAN,PARC STADE TUNISIEN,24.6029816250839,clear,41.154431168367836,none,31.533907890247633,1,12,3,83.68764381102723,30.22204090208652
2026-05-09T21:45:29.962182,255 Retour,Depart,Arrivee,45.242128473641884,cloudy,28.645495172601546,manifestation,21.47109953256134,0,7,13,54.09023448350322,1.7090140438601358
2026-05-09T21:45:29.963184,51 Retour,Depart,Arrivee,58.35439548890569,cloudy,10.506059764422618,none,10.440767566043704,4,9,7,29.223106315201164,8.581757968208986
2026-05-09T21:45:29.963184,43 Retour,Depart,Arrivee,49.82316544782245,clear,46.92124146588111,none,22.029651587151715,6,8,12,33.903128091502204,12.730838086638304
2026-05-09T21:45:29.963184,97,COOPÃ‰RATIVE CENTRA,CITÃ‰ ENNASSI,21.987399017432473,fog,76.15347787458305,none,31.85323947596723,4,11,11,52.824505743543746,7.083960118468095
2026-05-09T21:45:29.963184,3D,CITE KSAR SAID 2,LYCEE CHEBI-ALLER,11.855112265654851,fog,96.26332283383573,none,21.204124880494614,6,6,19,180.0,43.07824924723469
2026-05-09T21:45:29.963184,67 Retour,Depart,Arrivee,25.3913894629667,clear,52.35009769165828,foire,17.515945346384758,5,7,14,42.98868062101539,3.782391378055004
2026-05-09T21:45:29.963184,96,RABATTEMENT KHAIREDDINE MANNOUBA,GOBAA TERMINUS 96,16.818649049028952,clear,35.2413994503217,festival,30.464748422049404,0,10,22,33.85416226923959,0.7533133728591199
2026-05-09T21:45:29.963184,44B,SANAD,MREZGEYA,25.00460545969021,cloudy,30.583462343511467,foire,25.113015202780353,6,7,13,38.20891781305866,3.1558578716133336
2026-05-09T21:45:29.963184,247 Retour,Depart,Arrivee,28.8901482771323,cloudy,55.547043410605156,manifestation,28.521625960218298,1,3,16,53.568363591665964,1.8986757624349349
2026-05-09T21:45:29.963184,44,CAFÃ‰ MARAY,GESSIR 2,14.919924602791381,clear,90.82782933408865,none,36.90447516617763,4,8,10,122.2603232331698,19.98247267216957
2026-05-09T21:45:29.963184,26,DUBOSVILLE,SIDI MOSBAH,51.652829836781024,rain,83.85661304364731,none,30.51717201923105,0,8,3,40.3555150335452,7.15960993071623
2026-05-09T21:45:29.963184,20A,EZOIDIA 20A,BHAR LAZREG1,29.25178474518734,storm,65.35515371253035,none,17.689907301751916,3,12,6,51.231688603047076,0.8895002123085121
2026-05-09T21:45:29.963184,66,FORET DE TEBOURBA,EDKHILA,41.70262285898655,clear,59.35344072836529,marathon,19.122427822228953,4,2,8,77.72441768744632,8.113182266639557
2026-05-09T21:45:29.963184,22,CENTRE BEN AROUS,DJEBEL JELLOUD,36.280806853959064,fog,54.86796126753451,none,33.764715939341315,1,6,0,34.083725262387034,2.833876936432013
2026-05-09T21:45:29.963184,79,CASERNE EZZOUHOUR RETOUR,KHAROUBA-RETOUR,28.180901943300558,clear,38.722667391297364,match_sport,36.03861791993545,1,10,18,56.404588253490175,1.5675583420880734
2026-05-09T21:45:29.964187,44B Retour,SIDI THABET CENTRE,SANHEJI,58.071243829904056,clear,27.57519715129229,none,22.32178190650848,5,2,10,16.700587977452702,12.310410987711563
2026-05-09T21:45:29.964187,80 Retour,MARBRERIE,10 DECEMBRE,47.15047044384575,clear,36.5817165584657,marathon,13.682183513908836,0,4,5,54.695829043644466,4.531199778215488
2026-05-09T21:45:29.964187,59A,LA CAGNA (SECTION),MOSQUÃ‰E MOUROUJ ,11.995117127154428,clear,91.16273236981364,none,34.09411988761504,4,12,7,77.52713294872203,5.540953484087088
2026-05-09T21:45:29.964187,16C,INEPS,INOPLAST,42.302148146512984,clear,30.323896884959108,festival,29.490095456698377,1,8,0,26.876398285427186,2.2308180075811608
2026-05-09T21:45:29.964187,255 Retour,Depart,Arrivee,31.992237234181694,storm,66.32883754179167,congres,31.118124903954428,1,4,6,68.50138821425308,7.9734730368554585
2026-05-09T21:45:29.964187,21 Retour,FERME BAHRI,STATION DE BUS MORNAG,49.55796384211002,cloudy,85.11716113926292,none,39.51957245136331,3,3,16,33.45046694129592,1.1442607921012353
2026-05-09T21:45:29.964187,514A Retour,MAGRO,DEPOT CHARGUIA,22.657454154120185,clear,96.1952748800594,none,9.485795349514852,6,1,16,35.43696079794101,3.786838781754316
2026-05-09T21:45:29.964187,25C,IMPRIMERIE BOUSLAMA,DJEBEL JELLOUD,38.37020210032995,cloudy,46.11650937659197,none,23.145303593660362,6,5,16,17.970911107975816,5.772151885031111
2026-05-09T21:45:29.964187,714,GARE DJEBEL JELLOUD,SOCIÃ‰TÃ‰ NO,30.539826764397475,cloudy,21.82150762467132,festival,34.442845682742494,5,6,4,26.99077605532943,2.532832214682804
2026-05-09T21:45:29.964187,21,CITÃ‰ GOUIDE,KHLÃ‰DI,19.816511199578027,storm,90.74218859856185,none,25.982777543372443,0,12,17,66.54043880046545,1.3857524068696794
2026-05-09T21:45:29.964187,24,LYCÃ‰E SECONDAIRE MHAMDI,CITÃ‰ TRABELS,59.68460877034155,clear,59.714110743802024,none,36.0623557376799,4,10,23,23.620306862754806,0.5768332624314585
2026-05-09T21:45:29.964187,44C,SABALET BEN AMAR,JABBES,36.53702967309354,cloudy,14.755351401368639,none,22.749001976603747,3,5,5,15.900418755514561,4.285851637975469
2026-05-09T21:45:29.964187,46B Retour,EL MEHRINE,LYCEE EL BATTAN,50.08739343768667,fog,23.700997218740397,none,28.871980951394228,5,10,18,31.775080705533007,3.695915296492057
2026-05-09T21:45:29.964187,6,EL ANBARIA,LYCEE ARIANA,58.68361991039932,clear,95.76445513836356,none,24.9626282918585,6,2,4,24.19451928954416,0.10173517416687972
2026-05-09T21:45:29.965181,31C/,DEPOT CHARGUIA,HOPITAL MAHMOUD MATRI,49.62191836998029,fog,10.882980724872414,none,35.71138972730715,6,7,13,37.425925441018144,4.50111965212935
2026-05-09T21:45:29.965181,66B Retour,FORET DE TEBOURBA,FRIGO,50.76889347913869,clear,31.512689482547607,none,30.70592335919404,6,6,15,8.830107662201382,3.0708485401192824
2026-05-09T21:45:29.965181,23/,CITE FEJJA-ALLER,ECOLE FEJJA-ALLER,48.551459029025956,fog,92.16132835099086,none,19.921234395526287,2,10,6,39.80304037271336,0.5642000681330153
2026-05-09T21:45:29.965181,31A,CHOCO TOM,LYCÃ‰E SIDI THABE,32.02166923290196,clear,62.52711834293503,none,8.21876512831254,4,5,2,52.612211362588454,13.181380561067304
2026-05-09T21:45:29.965181,635A Retour,DEPOT CHARGUIA,TERMINUS TUNIS MARINE BUS,59.54386934369797,cloudy,68.22063252034931,foire,19.968013367202932,3,12,3,44.76645567671857,4.49974361462232
2026-05-09T21:45:29.965181,22A,PROTECTION CIVILE,BAB ALIOUA GP1,13.804698652491522,fog,95.4491069084409,holiday,33.90432590102009,5,1,21,62.23138157651748,2.6616251249741048
2026-05-09T21:45:29.965181,74G Retour,MEUBLATEX,HAMMAM LACAGNA,50.85796934239787,clear,60.629690457797025,none,16.307072208873308,3,12,23,24.132021314690444,5.066120317992574
2026-05-09T21:45:29.965181,54A,ZONE INDUSTRIELLE,MIAMI MOUROUJ,36.10808481093852,cloudy,67.2506598631748,none,8.547666747909247,5,12,6,31.1832052794665,2.773225054855427
2026-05-09T21:45:29.965181,19A,GARE DJEBEL JELLOUD,AVENUE DE LA GARE,10.012401185423878,clear,78.97299467350456,marathon,15.691214683373392,4,4,2,90.56620078229972,3.3233638694525727
2026-05-09T21:45:29.965181,5D Retour,MINISTÃ‰RE DE L' Ã‰QUIPEME,PLACE JEANS DARK ALLER,58.2523949871679,clear,95.87278639773145,none,29.763524515861832,3,10,21,30.746589378573322,1.5325430392237722
2026-05-09T21:45:29.965181,31B Retour,ECOLE PRIMAIRE,MBARKA 1,47.63928786185663,clear,23.12496349607586,none,23.11136798726289,4,11,1,8.215067130055129,4.7393021695143
2026-05-09T21:45:29.965181,60A,POSTE POLICE RUE DU SAHEL,IBN SINA,33.90496863491221,clear,89.57241669594832,none,34.55024207785135,1,10,21,34.02759090654694,5.447802046373598
2026-05-09T21:45:29.965181,21B Retour,TARHOUNA,CROISEMENT PRISON CIVILE,10.902503177890157,rain,78.03848298705712,none,19.585550400273878,0,2,1,51.78507484394291,0.9632533354317736
2026-05-09T21:45:29.965181,60,STATION BARCELONE,IMMEUBLE MILITAIRE IBN SINA,55.206502546717665,cloudy,65.3080896125249,festival,29.79944302882167,2,12,3,38.818739679642675,4.732826951202322
2026-05-09T21:45:29.965181,20G Retour,CHARLE NICOLE-RETOUR,TRIBUNAL TAAKIB,16.731382639370594,cloudy,35.99827564863589,marathon,21.70651121282051,6,1,12,50.82483318242145,0.40622864574278594
2026-05-09T21:45:29.966182,21A,ANCIENNE GARE AHMED ZAIED,CROISEMENT JEBEL RASSAS,57.57442962745655,rain,84.68376047544179,greve_transport,22.62749882228214,1,10,6,93.57522074503994,4.750722144850795
2026-05-09T21:45:29.966182,57A Retour,GUICHET GÃ‰AN,KIOSQUE,50.544166595953456,clear,92.42241364286937,match_sport,31.56568847136615,2,3,2,46.03943008915331,3.7709852506215706
2026-05-09T21:45:29.966182,16D,GARDE NATIONAL OUED ELLIL,BEJAWA 2,36.157318731445955,rain,53.065421358913845,none,34.954248525056705,3,1,19,43.93477609454967,3.052753451869208
2026-05-09T21:45:29.966182,251 Retour,Depart,Arrivee,36.08526047964912,cloudy,56.06171238816937,none,15.158082184068096,4,4,17,56.63002125701546,10.324331509833689
2026-05-09T21:45:29.966182,14A,GARE ROUTIÃ‰RE NORD RETOU,RÃ‰SIDENCE YESMINE ALLE,18.626252706121747,cloudy,26.097101634488894,congres,29.600342165786703,0,10,3,36.183467353317845,2.3849692968940484
2026-05-09T21:45:29.966182,97,DOUAR EL BEY,POMPAGE,59.95877062391402,fog,67.56857372233702,none,30.385400424888196,0,4,18,51.19866828841526,0.7870086399082492
2026-05-09T21:45:29.966182,22G,LYCÃ‰E 2 MARS EL OUARDIA L(G,SALLE DES FÃ‰TES KERMES,35.550206203956165,fog,75.6649869379248,none,26.99037286243431,4,5,23,42.49182068372964,1.4062575836368367
2026-05-09T21:45:29.966182,17A,CASINO RADÃ‰,RADES PLAGE 1,54.20825519233949,clear,49.48861805802223,none,19.68045356349458,2,11,4,13.88711635142409,1.2585570918375222
2026-05-09T21:45:29.966182,74B,BATAM,CITÃ‰ AF,34.66915857045126,cloudy,62.3961900859393,foire,28.023962450313903,5,9,4,40.755246275364755,3.981696321440012
2026-05-09T21:45:29.966182,33C,KHAROUBA-ALLER,SOUK MELLASSINE-RETOUR,18.609672705604297,clear,58.85289992474934,none,33.13178461158546,1,5,4,72.37359103877944,16.52070497691077
2026-05-09T21:45:29.966182,66 Retour,ENTREE CHOUIGUI,ROUTE CHOUIGUI,42.60183016968261,cloudy,54.397238180768106,match_sport,23.42575686415922,3,12,12,49.29348845684406,1.4900534720289755
2026-05-09T21:45:29.966182,44A Retour,ARRÃ‰T BAB HADI,PLACE SALA CENTRE,54.722630941174565,clear,56.319718486778214,none,16.9425649702442,1,4,16,12.662687290560124,0.25393585006231945
2026-05-09T21:45:29.966182,3AG,KASBAH,ARRÃ‰T ETTADHAME,55.9704883436083,clear,94.03846154090576,none,11.196578641201782,6,9,12,36.31765405882723,7.287863233329781
2026-05-09T21:45:29.966182,3710,SNA,INSTITUT SUPÃ‰RIEUR DE L'ANIMATION POUR LA JEUNESSE ET LA CULTURE BIR EL BE,21.50613109840719,clear,90.15823738432404,none,10.461771207071738,2,5,1,32.735362301145756,1.8512241401974983
2026-05-09T21:45:29.966182,72,TELECOM,CAFÃ‰ EL HAJ RETOU,11.387953461034924,cloudy,18.643368631271194,congres,36.6025992528084,6,4,19,59.32788185475836,2.91543545964875
2026-05-09T21:45:29.966182,86 Retour,ZONE INDUSTRIELLE,CROISEMENT MOUROUJ 2 L24,21.214898705810242,clear,10.163465604007598,none,17.326845156502,6,10,8,20.225636705803648,1.1381239400189154
2026-05-09T21:45:29.966182,3D,NOGRA,TERMINUS 3D,43.30443694793813,cloudy,78.69993309772396,none,28.48952011724004,5,11,15,55.75498387170286,24.74715222819796
2026-05-09T21:45:29.966182,33C,STADE MELLASSINE-RETOUR,CHARLE NICOLE-RETOUR,54.579264747357215,rain,46.269135949307866,none,22.292845776196465,1,4,18,35.6256238932188,1.0637939900713285
2026-05-09T21:45:29.966182,42B,SOUASSI,ESLAIAA,12.37695908906409,clear,24.64324318285254,festival,10.521966374865976,4,2,19,101.339948618182,9.788549714562599
2026-05-09T21:45:29.966182,60G,GORJANI ALLER,ARRET ESSAYDA ALLER,14.426027485707051,cloudy,29.37964645031218,none,39.25187524324349,6,8,5,24.03632865329736,0.44379621410056513
2026-05-09T21:45:29.966182,20B Retour,MOSQUÃ‰E GAMMART,IMPRIMERIE BEN MAHMOUD,39.50037016517598,clear,20.086394550406585,none,19.307157467716472,4,4,10,13.47468854811504,2.940125638084186
2026-05-09T21:45:29.966182,6P,LA POSTE,HOPITAL MAHMOUDE EL MATRI 6P,32.00903871751785,rain,38.36291459901722,none,23.802610890248577,0,7,13,33.755051470342686,1.4421359430511087
2026-05-09T21:45:29.966182,10C,SOFOMECA,JARDIN D'ENFANTS AMEN,33.937103132137864,cloudy,89.20991484752827,marathon,22.546514373998548,2,4,4,90.36603118090811,13.339029235212037
2026-05-09T21:45:29.967778,18B,MONOPRIX,SIDI SALAH,33.609002240299645,clear,64.18895369979793,manifestation,31.60444723262476,3,11,22,49.759901443948436,3.9740554624339985
2026-05-09T21:45:29.967778,27C Retour,CITÃ‰ CHAKER RAOUE,ENKHILETTE,59.47081455435633,rain,56.74808961058965,none,29.828954532762957,3,8,2,31.209592946668412,7.78282646177151
2026-05-09T21:45:29.967778,26A Retour,DJEBEL JELLOUD GP1,STATION BARCELONE,36.90041458535812,clear,41.86545564727337,none,19.28789573801857,6,10,13,25.924549237025325,3.639614008781024
2026-05-09T21:45:29.967778,64 Retour,CITE KSAIR SAID,ALI BALAHOUAN,45.069302437056685,cloudy,11.704197990409469,none,9.064320472846607,2,6,15,12.700404638923404,5.471321085087151
2026-05-09T21:45:29.967778,635A,FOIRE LA CHARGUIA,DEPOT CHARGUIA,32.640637520574884,storm,10.035972333039243,none,17.657383773930892,2,10,17,38.743685448025474,0.4837242437348923
2026-05-09T21:45:29.967778,254 Retour,Depart,Arrivee,15.15974806723269,clear,83.50864168702495,none,37.05738996742701,5,1,19,74.17581157692084,5.977698499256512
2026-05-09T21:45:29.967778,19D,DJEBEL JELLOUD GP1,LUSTRERIES,23.289813068010922,cloudy,45.143862577128544,none,10.142855529277082,3,6,12,53.25488665479541,11.546592710652762
2026-05-09T21:45:29.967778,74B Retour,LES ROSES MOUROUJ 1,SALLE DES FÃ‰TES KERMES,35.55523881697895,cloudy,47.22991990546321,none,16.241678027052668,5,7,22,27.55739601635829,6.281299106762886
2026-05-09T21:45:29.967778,20 Retour,SIDI DAOUED (N9),DAH DAH,47.475571418396484,fog,47.900365378086676,none,34.84798030167322,3,7,16,43.21887293708978,7.814423694421638
2026-05-09T21:45:29.967778,54B,MEUBLATEX,LES ROSES MOUROUJ 1,26.173435947109997,clear,58.923208980715536,none,34.04616770742675,3,4,2,16.585876602348357,1.1205312979022866
2026-05-09T21:45:29.967778,19G,ARRET ESSAYDA ALLER,LYCÃ‰E IBN MANDHOU,42.06588662718146,clear,79.57419540132726,none,37.829663837357096,0,10,18,65.95761671268811,11.78359236240058
2026-05-09T21:45:29.967778,32,EZZOUHOUR 4 ALLER,RABTA,55.81112960148882,fog,73.36261024431784,none,25.008834416800216,5,9,8,47.96755074952679,6.56096888510006
2026-05-09T21:45:29.967778,25C,STEG NASSEN,NAASSEN 1,29.452114990726084,clear,48.19836353738161,none,26.942469849044787,0,11,18,53.78867239928895,13.071723221677217
2026-05-09T21:45:29.967778,44C,BORJ JEBBES,KIOSQUE AGILE,29.494657088887234,clear,54.62430896410151,none,11.285123879985644,1,9,14,24.422885956647203,3.612810730739313
2026-05-09T21:45:29.968792,46 Retour,EZENGA,SOCIÃ‰TÃ‰ DE FROMA,31.40155652746085,clear,87.52149919887658,none,11.293541552392728,1,8,1,27.94930839059758,1.0911829514406897
2026-05-09T21:45:29.968792,714 Retour,CENTRE DE FORMATION SNT,EL AFRANE,37.834678277502654,clear,71.50725973377959,none,11.978297637738585,1,7,0,25.132777150705582,3.7537204371305766
2026-05-09T21:45:29.968792,68,ALI BALAHOUAN,TERMINUS 18 JANVIER,57.74604970265822,rain,62.657647742792825,none,21.82794374943274,0,11,15,36.371507416052914,7.890053970734276
2026-05-09T21:45:29.968792,62 Retour,HOPITAL MAHMOUD MATRI,10 DECEMBRE,16.336619113244968,clear,90.83709289322023,none,22.498478998652292,5,1,17,49.83993320726438,3.0487159024730985
2026-05-09T21:45:29.968792,54 Retour,CENTRE CHALLAKH EL MOUROUJ 4,CITÃ‰ EL FAOUE,49.56504184746412,cloudy,18.237986402863225,festival,37.809647516300004,6,1,15,26.195704460939233,0.7910213281357183
2026-05-09T21:45:29.968792,11,MONCEF BEY ALLER,MARCHÃ‰ ZAYATINE ALLE,29.26674006768037,fog,56.47646240861762,none,31.068444414790232,2,10,13,49.4215575973801,8.111053300057817
2026-05-09T21:45:29.968792,29,HAMMAM BELLEVUE,SALLE DES FÃ‰TES BELLEVU,25.56340135319128,cloudy,33.41854455277928,none,22.584653761853964,4,8,19,26.09951016935922,0.41177339880822306
2026-05-09T21:45:29.968792,15 B,KHAROUBA-ALLER,STADE MELLASSINE-RETOUR,56.02650743055819,clear,89.99148188764687,none,15.085666171525524,4,4,4,30.832394853611397,4.202452416115556
2026-05-09T21:45:29.968792,95 Retour,DAR MOCENNINE-ALLER,POSTE POLICE MANOUBA-ALLER,14.516206852764387,clear,78.53041694321153,none,22.578842951768628,3,8,12,39.68459418357382,0.17904233089752353
2026-05-09T21:45:29.968792,20B Retour,CHTIOUI,MONTPLAISIR,53.6758793286131,rain,78.93977896349257,none,24.526946450673282,2,7,16,39.42086742316215,9.332324031975007
2026-05-09T21:45:29.968792,49 Retour,Depart,Arrivee,42.24015186540912,clear,50.01358863002916,none,9.678814809805157,5,4,3,34.60444255345188,14.529803073458067
2026-05-09T21:45:29.968792,6P,CITE MAHRAJENE,LYCEE ARIANA,43.01517234845613,clear,14.719111398645728,congres,13.378446746799742,6,12,23,11.658949552055756,2.584320295525227
2026-05-09T21:45:29.968792,44C Retour,SIDI MAROUEN,KIOSQUE,52.12496750532025,fog,25.648418927900874,festival,38.816149668178866,2,5,1,50.28924115718671,2.897355089693513
2026-05-09T21:45:29.968792,22A,SONED,BAB ALIOUA GP1,15.754713195063122,clear,80.33106691972824,none,13.506965565774195,0,11,6,46.009240884526726,3.608439361928731
2026-05-09T21:45:29.968792,32C,KHAZNADAR-ALLER,SAIDIA,40.08848451859055,storm,30.067597672082133,none,9.830991606570102,2,10,14,64.68910472021057,11.9111219969191
2026-05-09T21:45:29.968792,258 Retour,Depart,Arrivee,37.19758588199274,clear,56.05542527679894,congres,17.835025719372865,0,2,15,53.779547298942006,11.270165654317216
2026-05-09T21:45:29.969877,98,CHAOUAT SECTION,KIOSQUE AGIL JALLOU,24.16815098554032,rain,73.25439540835652,marathon,27.780037749107287,5,7,21,52.73422428197428,0.544637102365229
2026-05-09T21:45:29.969877,46 Retour,ERRAYES,ELMOATMED,44.304799579173945,cloudy,61.509755242820916,festival,39.419601595956365,6,10,18,45.66252907275606,0.6486251438423096
2026-05-09T21:45:29.969877,25A,BAB ALIOUA L10-25(A-B-C-D),AVENUE CARTHAGE,52.7144399373413,rain,91.20397828811365,none,17.542126239875035,3,6,16,35.05112822265885,0.7813750782355768
2026-05-09T21:45:29.969877,116,INOPLAST,SAIDA,23.488485859448467,rain,25.989343132760816,none,27.911608269577762,5,6,19,51.0497044275274,10.019953102989806
2026-05-09T21:45:29.969877,32D,CHARLE NICOLE-ALLER,RABTA,25.32907443778052,clear,36.53849275388069,marathon,13.575141181498275,0,7,14,76.52592220165188,11.386901330991977
2026-05-09T21:45:29.969877,74B,CHARLE NICOLE-ALLER,HAMMAM LACAGNA,18.65203376179481,clear,24.938222257398557,none,24.84176423108162,3,11,9,39.18918579702937,4.836872150216441
2026-05-09T21:45:29.969877,48,USINE LAZREG,TERMINUS CITÃ‰ ELBASATIN,40.14313150482231,fog,14.247068595929463,none,22.421402000997986,1,7,17,39.069534679419135,0.5637806876904374
2026-05-09T21:45:29.969877,21B Retour,ALLALGA 2,CITÃ‰ SNIT MORNA,49.262433891769405,cloudy,10.487466850822273,manifestation,20.70694023107617,5,9,14,36.33698576421607,3.151776186841042
2026-05-09T21:45:29.969877,38C,CAMPUS(RX),CITÃ‰ ERRAFEH,42.541772309450806,cloudy,98.2238275092293,none,10.088137299571983,1,9,5,44.35455546209163,3.794164100241961
2026-05-09T21:45:29.969877,32 B,BAB ABDESLEM-RETOUR,AVENUE MADRID,53.143851198127734,cloudy,90.09205111978011,foire,13.353986427547337,3,12,0,43.99864085675437,1.2919243883726637
2026-05-09T21:45:29.970784,57 Retour,Depart,Arrivee,26.73424755515589,storm,15.847654823107783,festival,22.535014617117188,1,7,6,76.14618827430213,13.175871321580875
2026-05-09T21:45:29.970784,21,MOSQUÃ‰E EL AYE,NATACHA,43.48000802760524,clear,83.53483197681622,festival,35.02045371842564,0,3,14,69.1603991348322,5.250962806008319
2026-05-09T21:45:29.970784,44D/ Retour,MTHALITH,CITÃ‰ POPULAIRE ENNAHL,26.51571935458758,clear,71.98160639272926,none,37.08865557117235,4,9,13,57.742453211244424,7.089393120866227
2026-05-09T21:45:29.970784,264 Retour,Depart,Arrivee,20.648112896530687,clear,91.95782895618325,none,31.850368021077312,5,5,6,58.934588412060904,12.308759182520008
2026-05-09T21:45:29.970784,248 Retour,Depart,Arrivee,52.03645412293866,clear,67.34048039310684,none,27.917427225387033,5,3,15,27.37897414867199,14.052954197028402
2026-05-09T21:45:29.970784,20G,MARSA,MARSA VILLE,25.242262153338626,clear,45.893403087345476,manifestation,37.30405564755648,5,12,8,51.624906748158736,0.6847788342618522
2026-05-09T21:45:29.970784,51A,PLACE PASTEUR,CENTRE MAKNI,30.22772163329996,clear,95.29486008535834,none,22.26083880847289,1,6,8,53.903995445597445,4.528481404769565
2026-05-09T21:45:29.970784,37,BIR EL BEY,TERMINUS BORJ CEDRIA,15.279653285319558,clear,52.853230803235604,match_sport,29.744860545309137,4,5,10,50.97458856166537,1.9704378991133993
2026-05-09T21:45:29.970784,72,BAB MNARA-ALLER,INEPS,16.183631872742918,clear,75.57383399857598,none,34.73150870593237,6,5,10,45.947826226298304,7.619922782815156
2026-05-09T21:45:29.970784,98,SAIDA,CITÃ‰ RT,56.93106744071929,clear,79.38814014617036,none,24.183237779331392,0,1,2,32.725740674544014,3.649618896612793
2026-05-09T21:45:29.970784,37,BIR EZZANGA,CITÃ‰ SPROLS BOUMHE,54.5629914961247,cloudy,41.80090567263358,none,29.829712834122894,5,10,17,28.1635727800263,6.977119685900133
2026-05-09T21:45:29.970784,24H,FERAILLE 2,GARDE NATIONAL FOUCHANA,43.14107092692072,clear,65.98009674236165,none,12.126545792681508,2,1,20,28.08311988962354,4.383523788797376
2026-05-09T21:45:29.970784,251 Retour,Depart,Arrivee,14.455846422425857,clear,54.536699162895836,none,8.157033360303444,3,6,22,63.34516255667657,9.836213097267514
2026-05-09T21:45:29.970784,46,ERRAYES,EWLED BELAID,22.314918354276173,rain,63.01029320115654,none,8.559881652015868,4,3,23,50.76435298171084,7.779871738720267
2026-05-09T21:45:29.971784,57 Retour,Depart,Arrivee,14.487391884419173,clear,99.40923562254365,festival,25.49986840005134,5,8,19,113.42794016094346,14.402402123711106
2026-05-09T21:45:29.971784,82,LUSTRERIES,PONT AUTOROUTE SUD,19.195476793779264,cloudy,28.7023487051787,festival,25.44735635102045,0,7,14,65.41291870830314,9.072691667492576
2026-05-09T21:45:29.971784,33A,ENTREE BIRINE-RETOUR,RABTA,41.22742748075926,fog,19.290009297904064,congres,38.965701249123654,2,6,19,73.8820381382409,11.84024497394335
2026-05-09T21:45:29.971784,18,LA POSTE,CLUB DE GARDE NATIONAL,13.417207654769477,fog,67.1370453938579,none,8.5890739631451,3,2,5,83.45376339663454,8.310215373362826
2026-05-09T21:45:29.971784,460,PHARMACIE CENTRAL,LYCEE SAOUEB-ALLER,24.84645261174493,clear,55.93568996856109,none,24.536653090475518,1,1,15,40.704806235436706,7.036814125390675
2026-05-09T21:45:29.971784,14CG,BAB SAADOUN ALLER,NOGRA,18.01818477546587,rain,39.942161319808974,none,32.45798522973553,5,12,16,31.026433211824088,4.492010131183596
2026-05-09T21:45:29.971784,16D Retour,STIL,BAB SAADOUN RETOUR,35.157907673464976,clear,96.48783630157598,none,14.317746392504791,4,6,19,81.16104687265592,19.53894202022755
2026-05-09T21:45:29.971784,27C,ARRÃ‰T BAB HADI,LAKRADE,29.908737604497812,fog,23.151442896350446,none,20.821121341473855,5,11,2,22.472157910171333,2.138969366473451
2026-05-09T21:45:29.971784,10C,AVENUE DE LA GARE,STATION BARCELONE,36.22505177918934,cloudy,13.836349588077507,congres,33.81192416754725,3,7,1,22.64725378405508,0.7355903308379332
2026-05-09T21:45:29.971784,93,RABATTEMENT KHAIREDDINE MANNOUBA,TERMINUS 16A 93,55.55878540475558,clear,83.69744645774058,none,38.0628022183499,3,9,4,31.844855300024676,2.433041576483721
2026-05-09T21:45:29.971784,31C Retour,SIDI THABET CENTRE,RELAIS BARDO,36.60102377081111,cloudy,69.80814694853109,none,9.717741768517104,6,10,22,62.92142882920233,20.67803398315278
2026-05-09T21:45:29.971784,67 Retour,Depart,Arrivee,48.07983133848249,rain,35.68399131859282,marathon,10.593189400466066,6,10,15,52.00441888806235,5.530173385306138
2026-05-09T21:45:29.971784,66,EDKHILA,TERMINUS EDKHILA,43.227683197820326,clear,51.06843183557844,none,23.27038561498843,1,3,4,11.971917531749344,0.4183991448867772
2026-05-09T21:45:29.971784,23F,AGBA SUPERIEUR-RETOUR,OUED GUERIANA L23,35.82902544344904,clear,62.366489644073525,festival,10.210378800671116,4,4,22,35.79241859584216,1.8107276865089972
2026-05-09T21:45:29.972784,44D/,GEANT,INPFCA,26.85183759820251,rain,25.358698014589073,none,39.097651575015334,6,9,4,44.87275441229043,10.225388046831478
2026-05-09T21:45:29.972784,18C Retour,HAMADI ABID,EL ANBARIA,20.188718742274624,clear,78.27323104885451,match_sport,9.92586626046781,4,5,12,69.34702354166932,4.154320147877273
2026-05-09T21:45:29.972784,261 Retour,Depart,Arrivee,51.452020173557685,clear,93.33360013629193,holiday,32.98323730221919,4,4,8,46.54348198750421,1.9385522447284673
2026-05-09T21:45:29.972784,52 Retour,JBEL EL KHAOUI,E.P GAMMARTH,31.161914789542312,clear,17.920784099665205,none,34.828627934777145,5,1,0,14.174717071185768,3.5577162487142004
2026-05-09T21:45:29.972784,62A,CITÃ‰ ELLI,CARRIÃ‰RE NAHL,40.90091692430907,clear,78.31670620578495,none,39.53764345165984,2,5,17,54.7359769029224,3.608415460911229
2026-05-09T21:45:29.972784,44D/ Retour,MBARKA 1,TOUBEN 2,41.9610223441768,clear,46.99955100571179,none,27.399937918289517,0,8,10,39.24056777726769,18.162916111488684
2026-05-09T21:45:29.972784,92,HOPITAL ERRAZI-ALLER,CITE ORANGERS 2-ALLER,50.76464352779381,storm,34.603365092823935,none,12.28860612655053,3,1,12,37.15118186061671,0.7711729587508265
2026-05-09T21:45:29.972784,19A,EL AFRANE,BAB ALIOUA GP1,53.83507778626069,storm,55.167541279030324,none,16.430862380801578,2,11,8,54.79982982030261,1.5931653968729655
2026-05-09T21:45:29.972784,32 B,BAB ABDESLEM-RETOUR,AVENUE MADRID,15.0940413968818,fog,66.18706559877523,manifestation,29.901976453933294,0,8,7,92.32648822579293,1.2919243883726637
2026-05-09T21:45:29.972784,25D,SIDI FATHALLAH1,DEPOT BIR EL KASSAA,47.78703882516541,clear,23.837124633930127,none,18.203627512927323,3,6,4,27.15084256664885,13.607927294458358
2026-05-09T21:45:29.972784,62 Retour,POMPAGE,CROISEMENT RIADH ANDALOUS,57.37379683296511,clear,21.016523071492205,none,24.644567165690525,4,8,5,27.507286305654876,19.185938246321527
2026-05-09T21:45:29.972784,3AG,CAFÃ‰ EL HAJ ALLE,TERMINUS KSAR SAID 2,54.15178086612775,clear,85.02649502276331,none,17.00433996532655,5,11,1,25.607844114917377,4.547263383627638
2026-05-09T21:45:29.972784,81 Retour,Depart,Arrivee,12.490641903798318,clear,44.09338542488188,none,21.460098781810345,4,8,3,55.626407310746146,7.527839367479132
2026-05-09T21:45:29.972784,44B,MREZGEYA,MBARKA 1,26.77483601654642,rain,26.42476193585775,none,10.077449222301926,1,7,23,21.07543371275579,3.34276027658119
2026-05-09T21:45:29.972784,38B,FACULTÃ‰ DE DROI,CARREFOUR,16.84768445949299,clear,97.20675487364001,festival,9.362265209703658,5,9,10,47.3603041835207,0.8225205460598106
2026-05-09T21:45:29.973784,252 Retour,Depart,Arrivee,45.848502308036586,clear,55.44492675560518,manifestation,12.75781637831873,6,10,1,51.58291073503963,10.839126615041227
2026-05-09T21:45:29.973784,33C,TERMINUS 25 JUILLET,ECOLE ZOUHOUR4-RETOUR,15.14488670080937,clear,75.21609708627517,none,36.63794978856508,2,3,22,58.76787722950692,6.414933072818396
2026-05-09T21:45:29.973784,21A Retour,ERRIAHI,LYCÃ‰E MORNA,28.912925323716866,clear,53.322532940178,manifestation,31.64325714078178,1,7,20,65.17844513174117,7.527594400544778
2026-05-09T21:45:29.973784,97 Retour,CANAL MAJERDA,ERRIADH,54.056720697405936,clear,55.48593723150282,none,21.454575762168353,3,9,10,17.144715077226415,2.9606494877639262
2026-05-09T21:45:29.973784,92,TERMINUS L92,ONAS MANOUBA-RETOUR,33.09846920500701,clear,34.29081125079104,none,35.098247554456194,0,7,2,24.683373290911142,2.4398245252997515
2026-05-09T21:45:29.973784,24D Retour,LYCÃ‰E FOUCHAN,RABATTEMENT MOUROUJ 2,53.096461355790815,cloudy,20.74303629238608,none,20.596117894769627,6,9,6,11.918978346175125,5.835985009575385
2026-05-09T21:45:29.973784,10C,CNSS,SOFOMECA,10.262066840463532,clear,49.066517114807716,festival,13.204936588314322,2,4,20,43.00559735107533,0.16892110200410393
2026-05-09T21:45:29.973784,84,CITÃ‰ TAYAR,CITÃ‰ TRABELS,20.65504360792207,cloudy,40.07157794877146,festival,20.27780871448959,4,7,2,35.56869291054012,0.46333607962786694
2026-05-09T21:45:29.973784,250 Retour,Depart,Arrivee,19.105312666867732,clear,15.690603540312694,festival,19.756487258611788,2,2,14,30.802425521123215,1.2651194153067462
2026-05-09T21:45:29.973784,256 Retour,Depart,Arrivee,22.37126675463671,clear,51.25367725795558,marathon,14.028650344703038,6,11,10,55.134437264530185,5.594100854692101
2026-05-09T21:45:29.973784,53 Retour,Depart,Arrivee,39.525814894342105,fog,56.313258343816386,manifestation,38.46461569298225,3,8,0,82.95982375002087,10.827503655348313
2026-05-09T21:45:29.973784,23H,ZONE INDUSTRIELLE-RETOUR,LYCEE CHEBI-RETOUR,24.511240283857774,storm,54.9354022036744,none,39.62873952715293,1,5,12,80.99069684395909,8.01267557526613
2026-05-09T21:45:29.973784,45B,STEG TEBOURBA 45B,GOMERYEN 2,50.21651197752919,rain,65.70011052820712,none,31.164346883570108,0,9,17,48.84788861694608,6.567991443150785
2026-05-09T21:45:29.973784,38B Retour,FACULTÃ‰ DE DROI,TERMINUS TUNIS MARINE BUS,59.68760729626955,rain,62.0812004751987,foire,37.06234686265658,0,6,7,70.33761283576325,6.770305536438336
2026-05-09T21:45:29.974784,66 Retour,HOPITAL TEBOURBA,LYCÃ‰E TECHNIQUE TEBOURB,24.378677896328924,clear,15.971859194592472,match_sport,30.885109073282557,3,5,1,23.14301809812865,0.16678742042753925
2026-05-09T21:45:29.974784,44B Retour,KIOSQUE,MNIHLA,24.768453805518977,rain,48.02091132602855,none,31.969405299594925,6,2,6,22.966576238350566,1.175259722146393
2026-05-09T21:45:29.974784,46B Retour,CITÃ‰ ENNOU,PONT RACHED,18.087893651396982,rain,89.88860152416669,none,8.907502681105349,3,4,7,57.24266310118042,1.017285582207128
2026-05-09T21:45:29.974784,21A,CROISEMENT AHMED ZAIED L21A,MINOTERIE,56.58450322170002,clear,47.79266693878256,congres,18.199205758026093,2,7,18,38.643784202193,2.1028164101228413
2026-05-09T21:45:29.974784,56,INEPS,DÃ‰LÃ‰GATION DAOUAR HICH,41.30882713462336,cloudy,47.35807323650883,none,16.29817870140711,3,6,6,15.828889790746164,0.5878898322117747
2026-05-09T21:45:29.974784,21,AV BAYREM ETTOUNSI 2,LYCÃ‰E KHLEDI,41.75685240579132,clear,32.7312756148534,none,32.393917675731316,1,6,8,29.70025723030998,1.393689801349998
2026-05-09T21:45:29.974784,19 Retour,STOA,AVENUE DE LA GARE,46.40951504903961,clear,41.80683018090783,none,8.985877571139394,1,12,2,26.090022457499046,4.027875714519705
2026-05-09T21:45:29.974784,33C,SALLE FERDAOUES-RETOUR,IMMEUBLES HRAIRIA-RETOUR,18.75180048993314,cloudy,25.23280499313073,none,39.290940366605696,0,8,2,35.38203095762546,5.320719984181016
2026-05-09T21:45:29.974784,35,EL FELL,RABATTEMENT 10 DECEMBRE,34.78663038610279,cloudy,23.36563295506279,none,22.63714973046544,0,11,17,27.586771963322004,1.3108910537915168
2026-05-09T21:45:29.974784,6P,MAGRO,TERMINUS 6P,40.568896933006585,clear,47.05188620626246,none,13.519969920655658,4,7,10,16.59578014753358,1.2724334554277021
2026-05-09T21:45:29.974784,31C Retour,GARDE NATIONAL MBARKA,CITE EL BOSTANE,36.6114215378465,cloudy,46.31711067389419,match_sport,29.974381952121604,0,4,8,63.640143272213116,7.115666640632622
2026-05-09T21:45:29.974784,25A,CENTRE DE FORMATION AGRICOLE NAASEN,INSTITUT ENNOUR,10.37520938331268,fog,95.95713002499676,none,36.46623523666135,1,6,4,97.65620170557236,6.170312227398028
2026-05-09T21:45:29.974784,23D,CROISEMENT BEN YEDDER-RETOUR,ABDELMOULA-RETOUR,37.90460201835747,cloudy,13.173671629463218,manifestation,9.434923999922344,3,6,15,46.8919802755304,4.78796138852033
2026-05-09T21:45:29.974784,44A Retour,BOUHNACHE2,LYCÃ‰E EL WAF,59.749224034159916,clear,34.25137916937208,none,27.108555161306843,5,11,5,17.9256117251431,11.631488010579485
2026-05-09T21:45:29.975784,61,LYCEE 20 MARS-RETOUR,HUILERIE LOUKIL-RETOUR,36.88950811516423,fog,82.15069193644399,none,28.163273052238132,1,7,8,57.910943766543014,3.7661959640313647
2026-05-09T21:45:29.975784,261 Retour,Depart,Arrivee,21.89800838921476,fog,46.4850110550844,festival,31.42341149675543,6,12,11,50.482087513242455,5.048310853828287
2026-05-09T21:45:29.975784,21A Retour,MAALLAH,ERRISSALA,14.21852814341247,clear,33.38347223480677,manifestation,15.202575489681713,5,2,16,46.98603581086463,0.8895712079101497
2026-05-09T21:45:29.975784,22A,BOUCHERIE NORD,AVENUE DE LA GARE,39.68969714605385,cloudy,82.10169456233618,none,35.02534588736122,0,8,17,72.53700134755562,8.259610947528376
2026-05-09T21:45:29.975784,23B,SONEDE AGBA-ALLER,LYCEE CHEBI-ALLER,16.199360331318367,fog,82.14066951751967,none,34.28892749835352,3,6,14,66.01575858536403,4.4573470126111125
2026-05-09T21:45:29.975784,60,E.P. KABARIA,"ECOLE PRIMAIRE 6,1",20.38741198479429,clear,19.79037926846614,none,11.102126177762244,6,3,9,19.309885230189064,1.9604643552560903
2026-05-09T21:45:29.975784,5D,PATISSERIE BEN YEDER,SNIT MENZEH 6,47.82053499165096,cloudy,94.33799383626913,foire,31.199872913963613,5,6,3,42.975022362582166,2.4918020139956893
2026-05-09T21:45:29.975784,16B Retour,SIDI TALEB 16D,STIL,18.55608111273109,clear,63.534298724054715,congres,28.70572975699134,4,5,16,36.83710608928077,0.44947459047040184
2026-05-09T21:45:29.975784,514A,ARRÃ‰T BAB HADI,TERMINUS CITÃ‰ ELBASATIN,14.925866255788698,clear,42.91742602913099,congres,16.782404641539106,0,7,3,72.2204070166495,10.46871788824887
2026-05-09T21:45:29.975784,27C Retour,MAGRO,10 DECEMBRE,13.48456122352665,clear,28.96393657405455,none,13.016633206954374,5,3,13,32.84482183727644,2.3509415328948755
2026-05-09T21:45:29.975784,37 Retour,CITÃ‰ BEL AI,CITÃ‰ SPROLS BOUMHE,50.991275156183086,clear,37.7854957328957,none,25.124112212417344,5,2,17,28.09606536638326,4.940406716207956
2026-05-09T21:45:29.975784,59A,COMPLEXE COMMERCIAL MOUROUJ 1,MOSQUÃ‰E MOUROUJ ,21.5520897507644,cloudy,26.454900549136603,none,17.19498212226443,4,3,14,20.37938510821916,0.4158652704166199
2026-05-09T21:45:29.975784,62A,10 DECEMBRE,LYCEE ARIANA,17.225640640404823,clear,33.0820921899389,none,18.927076238560918,1,9,8,32.89510282755332,1.0842816669507795
2026-05-09T21:45:29.975784,84,FOUCHANA CENTRE,SIÃ‰GE DÃ‰LÃ‰GATION MHAM,45.253013684350535,cloudy,27.501623895905333,foire,14.38216279002884,0,3,3,30.517221163636183,2.5771344093322868
2026-05-09T21:45:29.975784,6B Retour,ARIANA SUPÃ‰RIEU,MOSQUÃ‰E ARIANA EL JADID,56.86118887907623,rain,35.008045174201264,festival,17.432427826005238,0,2,12,34.42432679270352,0.3195286179513961
2026-05-09T21:45:29.975784,14A Retour,FOYER BARDO 2 ALLER,BAB SADOUN,37.5880027324243,cloudy,14.595065601078286,none,36.22625057258085,2,7,4,17.75692162174214,1.4592321089151326
2026-05-09T21:45:29.975784,4G,CASERNE MANNOUBA - ALLER,BOUDRIA ALLER,22.996328906282645,fog,70.13196448302578,foire,22.276825039816302,5,6,17,58.89186960602252,0.6862691881192386
2026-05-09T21:45:29.975784,38B,TERMINUS TUNIS MARINE BUS,MUNICIPALITÃ‰ MUTUELLE VILL,49.84429538019441,cloudy,89.84350319508293,none,23.68645698680152,5,2,6,36.08275230147611,4.5715222614789255
2026-05-09T21:45:29.975784,51 Retour,Depart,Arrivee,24.579964992716874,cloudy,40.46753495294597,manifestation,9.76371719332072,5,8,22,66.8268629827717,10.24792801464412
2026-05-09T21:45:29.975784,23,CAFE MEDINA-ALLER,ZONE INDUSTRIELLE-RETOUR,13.58083446056735,clear,18.981161360673017,match_sport,9.723756446740182,4,4,21,73.88943374801083,7.7994958153051
2026-05-09T21:45:29.975784,88A,PÃ‰PINIÃ‰RE-RETO,BAB ABDESLEM-RETOUR,25.779139303790124,clear,57.83511416377466,none,37.898223826835746,4,6,10,40.410138700426025,6.458289927218335
2026-05-09T21:45:29.975784,17A Retour,RADES PLAGE 1,LYCÃ‰E TECHNIQUE RADE,26.333080798230792,clear,34.82339721714939,none,28.02667107073468,0,1,2,16.119885505960973,4.873130942880739
2026-05-09T21:45:29.977286,26A Retour,BOUJERDGA 75 26A 37,COMPTOIR SFAXIEN,37.181005359738485,cloudy,39.03359534515113,congres,22.6876710914859,3,4,7,64.53159236768339,15.644933088113024
2026-05-09T21:45:29.977286,21B,PRISON CIVILE,TARHOUNA,44.24029345112075,clear,96.3037185690319,none,24.94371819793186,5,8,10,24.400363774402763,0.8250274757366505
2026-05-09T21:45:29.977286,27C Retour,GUICHET GÃ‰AN,MOSQUÃ‰E JAAFE,13.885659902419603,cloudy,59.911101133211744,none,27.65000570731572,3,8,22,80.2777042516511,11.696782114621762
2026-05-09T21:45:29.977286,65 Retour,Depart,Arrivee,22.30812300160335,clear,97.10540245919023,marathon,18.186794061787904,1,3,12,87.41638170464378,6.558969665592497
2026-05-09T21:45:29.977286,5C,10 DECEMBRE,MENZEH8,22.94780462469693,rain,82.23820834535383,none,28.6124599595191,1,2,21,38.30820811573975,0.9877437522572077
2026-05-09T21:45:29.977286,261 Retour,Depart,Arrivee,18.472889282451867,clear,85.97606576540161,marathon,16.93404437007585,0,6,17,93.30067269769683,4.613835150594157
2026-05-09T21:45:29.977286,14A Retour,BAB SADOUN,ALI BALAHOUAN,28.913331082746055,cloudy,17.104625064837116,greve_transport,37.96643310310916,3,8,23,80.5716547704506,1.9732988421079205
2026-05-09T21:45:29.977286,24D Retour,FERAILLE 2,LE SOUK DES VOITURES,56.67200149949024,clear,69.17945794134829,none,35.5139331801541,6,11,7,39.10278479259061,0.708593899811591
2026-05-09T21:45:29.977286,46 Retour,ELMOATMED,LYCÃ‰E TECHNIQUE L'ANGALIN,36.45173029213671,clear,94.15980877049564,none,23.478071399974734,6,5,17,49.37903209776031,8.538563751779183
2026-05-09T21:45:29.977286,5D Retour,TERMINUS 5D/ 51A,PLACE PASTEUR,38.349982587503725,cloudy,87.38501327616167,none,39.77061743623675,3,3,9,62.00021449721449,5.781953901798333
2026-05-09T21:45:29.977286,5,PLACE DES MARTYRS,INSTITUT NATIONAL DE LA MÃ‰TÃ‰OROLOG,38.21877901264661,rain,23.942074633071922,none,32.53197671081321,1,8,23,25.13703206618636,1.2182997543003111
2026-05-09T21:45:29.977286,22A,LYCÃ‰E YASSMINE,JARDIN D'ENFANTS AMEN,51.89923008545237,clear,27.829689809359017,none,35.44308898284119,3,3,20,14.510979452988694,0.8683529416749245
2026-05-09T21:45:29.977286,57 Retour,Depart,Arrivee,54.009009265020154,clear,59.165735427260664,none,16.510267388729332,1,9,15,15.621225212443024,1.3142335136584873
2026-05-09T21:45:29.978287,67 Retour,Depart,Arrivee,11.435899677126052,cloudy,18.8719280869807,none,12.490545699543215,3,11,10,48.054716885191375,6.931118822339112
2026-05-09T21:45:29.978287,26B,STATION BARCELONE,SIEFCOL,19.978404876514006,clear,53.6071450677939,manifestation,18.074168193112303,5,1,16,50.451965906095616,5.939203394247735
2026-05-09T21:45:29.978287,32A,DARGHOUTH BACHA ALLER,KHAROUBA-ALLER,16.46516510482209,clear,93.89495034482492,none,22.108701554831875,4,10,18,57.83518475247455,1.7240510867687293
2026-05-09T21:45:29.978287,81B Retour,CITÃ‰ AF,14-janv,14.240882176741007,cloudy,76.29684129786513,festival,25.089794204076682,5,12,13,53.29280147138468,1.358425150324492
2026-05-09T21:45:29.978287,19C/ Retour,MÃ‰DINA JEDID,CENTRE DE FORMATION SNT,40.4696046543164,clear,66.75284093231161,marathon,18.807159455536627,1,2,12,64.79244758890566,2.506415009185062
2026-05-09T21:45:29.978287,24/,FOUCHANA CENTRE,CITÃ‰ EL ELMI (TERMINUS,11.004240500604798,cloudy,33.0220365437748,none,30.675138709802493,2,6,4,45.97258364504351,3.9106918871246554
2026-05-09T21:45:29.978287,31A,GARDE NATIONAL OUED ELLIL,PONT BIZERTE 2,24.094835614202466,fog,12.334452062381992,none,23.4534623299841,5,3,6,77.80954075418848,24.26828215601912
2026-05-09T21:45:29.978287,73 Retour,Depart,Arrivee,23.27409131899544,cloudy,22.2925964696674,none,14.248792592179711,5,8,21,16.213569242513408,1.7487153735108083
2026-05-09T21:45:29.978287,53 Retour,Depart,Arrivee,23.986306705262585,clear,39.4477966770003,none,19.092985598315682,0,10,9,52.1779824999342,9.778691843567035
2026-05-09T21:45:29.978287,3D Retour,SONED,CITE KSAR SAID 2,50.37902007022275,clear,89.66169171363948,none,35.16394308018394,3,5,4,35.89612875984568,1.269329119465616
2026-05-09T21:45:29.978287,62 Retour,LA POSTE,10 DECEMBRE,56.8345420912615,clear,37.93692384895115,none,15.825157537564476,6,3,7,27.547081447843404,1.620302445834156
2026-05-09T21:45:29.978287,24D Retour,AMEN BANQUE,ZONE INDUSTRIELLE,36.01514127534148,clear,19.70094356193556,none,20.007628196061727,0,12,12,16.64412339251094,1.0673654284019216
2026-05-09T21:45:29.978287,249 Retour,Depart,Arrivee,38.330004001894,cloudy,22.762234106332166,none,38.46312815064315,0,2,4,19.77110440922123,5.042211050533503
2026-05-09T21:45:29.978287,16B Retour,GARDE NATIONALE TEBOURBA,PARC MAYANA,52.931855786844594,clear,42.521684044363425,none,17.318980561636412,2,11,12,17.969650545818293,2.5403426760838625
2026-05-09T21:45:29.979287,70 Retour,Depart,Arrivee,54.3512886712927,storm,87.38264372905175,none,24.313868883642368,5,11,10,36.93701817702661,3.8327075193685305
2026-05-09T21:45:29.979287,31,BOUDREYA,FERME 2,12.160015042787506,fog,21.39801779839071,none,13.72524363881644,4,12,6,97.60336957301563,12.792110311321371
2026-05-09T21:45:29.979287,81A,AV EL BORHENE,JARDIN D'ENFANTS MOUROUJ 5,43.4015458629926,cloudy,91.42614908613155,none,34.02173211957222,3,4,6,32.001807037479,0.6330881602110368
2026-05-09T21:45:29.979287,5 Retour,MINISTÃ‰RE DU TOURISME RETOU,TERMINUS TUNIS MARINE BUS,44.470093081853385,clear,61.60302905411146,match_sport,28.402942237712537,5,10,16,30.15034801440421,0.4172075938638695
2026-05-09T21:45:29.979287,61,MOSQUÃ‰E MORNAGIAA-RETOU,OUED GUERIANA L23,17.6528272411569,cloudy,78.37825427836493,none,13.594254651597492,3,6,3,59.814452716362155,8.963949609443272
2026-05-09T21:45:29.979287,23H,BOUHALLEB-RETOUR,CROISEMENT BEN YEDDER-RETOUR,55.32037145131706,clear,42.44365973874412,none,18.358283249592986,6,2,13,38.63325609134062,13.845760891681287
2026-05-09T21:45:29.979287,635,CHARGUIA 2,PLACE SALA CENTRE,38.04610323850785,fog,19.01030901904158,none,35.687347067534276,6,4,18,34.21642730383095,1.4127725350142732
2026-05-09T21:45:29.979287,24,CITÃ‰ ESSAADA (MHAMDIA,MOSQUÃ‰E CEBELET CHEIK,47.534602928775016,rain,19.51616228554951,none,34.65476575547682,4,12,21,18.633163804692934,1.657905392010921
2026-05-09T21:45:29.979287,54D,JARDIN D'ENFANTS MOUROUJ 3,INSTITUT ENNOUR,36.023162542488016,clear,61.2708927917231,none,18.72998852030787,2,10,18,40.254915778620074,2.0747999089990747
2026-05-09T21:45:29.979287,31A Retour,CITE EL BOSTANE,ALI BALAHOUAN,57.589730408916445,cloudy,58.1387644912929,foire,33.634984298918056,3,8,3,52.36168525445772,16.258818650534305
2026-05-09T21:45:29.979287,31C/,CHORFECH 2,SONED,19.913244182973955,cloudy,45.65493265863444,none,25.653692887720297,6,5,0,16.608401245752916,1.1396858012202706
2026-05-09T21:45:29.979287,91,MARCHÃ‰ MANOUBA-RETOU,MUNICIPALITE MANNOUBA-RETOUR,16.001911806107465,cloudy,85.18295641290237,none,22.066213149233207,6,6,19,42.74979789329952,1.0456726285389117
2026-05-09T21:45:29.979287,36 B,FOYER BARDO 2 RETOUR,TOUTA BARDO,19.78632256521707,cloudy,55.84463232522236,festival,17.853745195462693,1,11,6,35.81014739789215,1.5744361112236294
2026-05-09T21:45:29.979287,14A,CENTER DE FORMATION RAS TABIA ALLER,ETTAHRIR SUPÃ‰RIEU,46.72165943739947,clear,37.444695108530084,none,34.269917020763664,0,7,20,9.707313399350403,1.1292424180487406
2026-05-09T21:45:29.980288,6P Retour,MAGRO,CITE MAHRAJENE,59.80807469143513,clear,22.288444960393235,none,24.4428040570532,3,8,10,9.375346506145295,3.8511093776461496
2026-05-09T21:45:29.980288,24H Retour,FERME LOUKIL,FERAILLE 2,22.24091736310163,cloudy,36.09910723723096,none,24.138778926548063,1,6,0,15.400398919827909,0.3075285270897439
2026-05-09T21:45:29.980288,11,ECOLE FRANCAISE OMARANE ALLER,TERMINUS JBEL LAHMER L 11,43.639434695716716,clear,65.3853146217466,greve_transport,10.380867038010308,3,10,11,84.1831938374192,2.0081314753813855
2026-05-09T21:45:29.980288,82,HUILERIE BAYREM,PONT AUTOROUTE SUD,10.16812535804463,clear,81.08201035665058,none,17.475787994377537,3,12,18,56.93408885746082,0.6349394443552825
2026-05-09T21:45:29.980288,60G,GORJANI ALLER,E.P. KABARIA,59.04417476872706,clear,53.883865907134684,none,17.386308259870408,6,6,12,18.989595678217412,3.8495561753337757
2026-05-09T21:45:29.980288,265 Retour,Depart,Arrivee,30.786103580411456,rain,75.66386124117393,none,36.065941842751904,1,12,18,64.06954285523221,3.8960237127413415
2026-05-09T21:45:29.980288,46B Retour,PONT RACHED,CITÃ‰ AKACH,59.745062567335715,clear,21.482266992594834,none,35.979497117821836,5,4,16,8.269941773092624,0.6866425942116603
2026-05-09T21:45:29.980288,6P,LA POSTE,TERMINUS 6P,13.571401607812563,clear,52.85402189990372,none,32.07736001213628,0,9,12,40.08945056078346,1.9861730477575357
2026-05-09T21:45:29.980288,5 Retour,MUNICIPALITÃ‰ CITE EL KHADR,SCHILING,42.85534867418551,rain,67.30169741050676,none,17.902253004490777,5,9,7,39.06222597559109,1.4505820916579375
2026-05-09T21:45:29.980288,263 Retour,Depart,Arrivee,39.48774608901353,clear,58.88121641498487,none,11.079938222189956,6,12,11,20.307201826035108,5.601173642632562
2026-05-09T21:45:29.980288,39,STEG,NOUBOU,38.62790861242607,clear,80.53818293901263,none,25.119812623879046,6,4,3,25.627221081347106,3.763069094154752
2026-05-09T21:45:29.980288,74B Retour,LES ROSES MOUROUJ 1,MOSQUÃ‰E AL HAWA ALLE,23.124645925241104,cloudy,59.348469978372066,none,30.209993343264117,3,12,16,41.5569648192326,7.670647878478587
2026-05-09T21:45:29.980288,20,CHARGUIA,LAHWECHE,41.897681586271275,fog,95.6888345298526,foire,19.168234740588638,5,10,20,63.94339561602492,12.753331412593072
2026-05-09T21:45:29.980288,460 Retour,LA POSTE,LES ABATTOIRS,49.146775625044214,rain,69.99094848562598,none,34.3374903945234,5,3,7,34.48660795963103,1.0687699490638547
2026-05-09T21:45:29.981288,31,SIDI ALOUI,LYCÃ‰E SIDI THABE,44.76826488507898,fog,79.63515352567174,manifestation,25.439432987193292,2,11,19,121.29494733939258,25.70309926289915
2026-05-09T21:45:29.981288,23F,KM30-ALLER,CROISEMENT BEN YEDDER-RETOUR,55.422217637870475,clear,72.75865054486891,marathon,17.924524736468324,5,7,0,80.00413420239158,30.822722678488265
2026-05-09T21:45:29.981288,32D,SOUK EL MELLASSINE-ALLER,JARDIN THAMEUR,13.491493148686287,cloudy,70.94242725209165,none,29.986907643606745,6,3,6,83.79258993498284,13.049931420821908
2026-05-09T21:45:29.981288,19D,LUSTRERIES,CENTRE DE COORDINATION OUARDIA,59.28008339004342,clear,42.275837585512924,none,20.368374820097774,0,3,20,16.790091160419166,5.021770370404425
2026-05-09T21:45:29.981288,58 Retour,OUED ELLIL (16C 58),P.T.T OUED ELLIL,36.08750492503344,clear,50.44148190710985,none,16.31724998673763,4,12,7,27.97037434722336,0.24160863345332073
2026-05-09T21:45:29.981288,80 Retour,LA POSTE,PASSAGE JEANS JAURES ALLER,45.61616054631461,storm,43.939097153603655,none,13.251525022339123,1,12,0,50.313865772359,5.597892844666216
2026-05-09T21:45:29.981288,19E,PONT AUTOROUTE SUD (SAINT-GOUBAN),STATION BARCELONE,19.10270243276146,clear,83.67845371459583,none,38.642540082771404,4,6,21,44.11551224715161,3.26822098787283
2026-05-09T21:45:29.981288,21B,STÃ‰ CONFECTIO,DOUAR SALEM,16.705363388552765,clear,14.217468020128331,manifestation,38.32781241818172,5,10,12,77.83482563436272,10.010904958770643
2026-05-09T21:45:29.981288,250 Retour,Depart,Arrivee,14.493144236745517,fog,96.2837860182617,none,17.714682557931997,3,4,4,55.54627972277889,1.0333004225899887
2026-05-09T21:45:29.981288,74B,CROISEMENT MOUROUJ 2,MEUBLATEX,35.17008832750756,fog,52.686131996243745,none,17.257350868191853,0,2,12,38.3725618676017,1.2644985380888087
2026-05-09T21:45:29.981288,252 Retour,Depart,Arrivee,47.84652165911239,rain,58.00602885854615,none,32.31106569799948,1,4,17,42.8254178072315,2.6983722539385475
2026-05-09T21:45:29.981288,19C,CNSS,BAB ALIOUA GP1,11.772951176288162,rain,55.5824089633156,manifestation,34.991261925473495,6,3,15,76.92739526707165,4.508155986297325
2026-05-09T21:45:29.981288,50 Retour,Depart,Arrivee,52.14961772734975,clear,37.34678339874475,none,31.757705719297935,5,6,21,6.366704244340907,1.0415388219468735
2026-05-09T21:45:29.982289,20G,BAB ABDESLEM-ALLER,STADE RAJET HAIDER,29.949020228065116,clear,10.871297675168455,none,20.146664063292143,0,3,1,37.87075895926717,16.629699896703908
2026-05-09T21:45:29.982289,36,MUTUELLE VILLE ALLER,MINISTÃ‰RE DU TOURISME RETOU,47.49977301954435,rain,43.69333956466935,none,13.308912508167932,2,6,13,29.912834834546643,3.833135490181058
2026-05-09T21:45:29.982289,9B,CITÃ‰ THAMEU,DJEBEL JELLOUD 9B,43.52319283968005,storm,19.615888696021514,match_sport,12.903580392317597,1,7,9,73.08185375511718,1.1355385963761568
2026-05-09T21:45:29.982289,77 Retour,EJJBAL 3,FOIRE LA CHARGUIA,20.572446970278158,rain,62.377602223726555,none,24.05707512224668,0,10,3,125.1153700348299,33.14451917834655
2026-05-09T21:45:29.982289,514A Retour,MAGRO,CHARGUIA 2,57.34186930687386,clear,40.39389217230277,none,37.320358882983015,1,5,14,24.901678578521242,2.1007887196143784
2026-05-09T21:45:29.982289,74,FOYER UNIVERSITAIRE MOUROUJ 3,CITÃ‰ EL FAOUE,37.02110065152795,fog,47.126363839086466,none,36.32840236973287,2,9,17,51.394658951990344,1.3056004289073044
2026-05-09T21:45:29.982289,15,SOUK EZZOUHOUR 2 ALLER,OFFICE DE L'HUILE-RETOUR,23.3231215896107,storm,55.19377168313799,manifestation,14.250157137387493,6,10,18,73.15662651431639,2.0810941699783942
2026-05-09T21:45:29.982289,19G Retour,RUE DU SAHEL,ARRET ESSAYDA ALLER,52.452837603021884,clear,91.3656148779857,foire,26.972396939417138,6,10,10,30.305936789169532,0.580956262826918
2026-05-09T21:45:29.982289,74B,LES ROSES MOUROUJ 1,JARDIN D'ENFANTS MOUROUJ 3,45.11709146463179,storm,22.95998599492573,festival,15.46276645803454,1,8,20,47.77733234940632,1.79517548984734
2026-05-09T21:45:29.982289,81A Retour,LYCÃ‰E MOUROUJ,CITÃ‰ EL FAOUE,48.441540512385124,clear,30.28623906942632,match_sport,24.863612921675006,0,9,4,32.47843197576218,2.3314915586695806
2026-05-09T21:45:29.982289,14A Retour,ETTAHRIR SUPÃ‰RIEU,CENTER DE FORMATION RAS TABIA ALLER,49.74373132589425,clear,20.113052801825038,none,19.198533558898372,2,9,1,8.215312563929892,1.129242418048741
2026-05-09T21:45:29.982289,10,COLLÃ‰GE MOUROUJ ,BNA BEN AROUS,36.76986777182641,clear,80.8102046698986,none,28.32908959933452,3,2,12,36.61429304630592,2.7973868492678573
2026-05-09T21:45:29.982289,93  Retour,Depart,Arrivee,50.8516513610168,clear,39.33871307269746,none,27.025013403288014,2,1,2,16.283623115740422,11.2140812419613
2026-05-09T21:45:29.982289,17A,CASINO RADÃ‰,LES BUNGALOWS,48.677923601412594,clear,27.63522528149758,none,30.387624800834594,1,4,0,6.483544520091862,1.1185752275929142
2026-05-09T21:45:29.983288,66,ROUTE CHOUIGUI,CROISEMENT MATEUR,47.557367584644226,clear,53.4280590590011,festival,15.302338046246675,0,8,7,54.87179978692394,7.274677758855472
2026-05-09T21:45:29.983288,62,NAHLI 3,GUICHET GÃ‰AN,52.441534904203756,rain,27.669152125354458,none,32.94898831155511,4,11,18,33.04705173422473,1.123366130543035
2026-05-09T21:45:29.983288,75 Retour,PLACE 14 JANVIER (BOUMHEL),PROTECTION CIVILE,14.622160599527037,clear,21.896130318430174,foire,21.652330388648227,4,11,12,85.35890371659407,11.876889503776493
2026-05-09T21:45:29.983288,80 Retour,CITÃ‰ ELLI,LYCEE ARIANA,15.043963113945232,clear,81.9755951462752,none,18.415041383674943,3,11,16,37.55865387329938,1.8126599578997737
2026-05-09T21:45:29.983288,25,MOUROUJ 3,SIDI FATHALLAH1,57.676263146702894,cloudy,75.40161267824504,none,10.365618449858708,4,12,9,43.476025327769136,6.3397651257570615
2026-05-09T21:45:29.983288,23E,MORNAGIAA-ALLER,BIR ED DROUJ-RETOUR,30.471713447613443,clear,81.55331194266059,none,34.46157538738984,5,12,13,128.88134365118592,51.452657054753026
2026-05-09T21:45:29.983288,56 Retour,SIDI TALEB,BAB ABDESLEM-RETOUR,12.129018490059952,fog,84.03833591600865,manifestation,37.27445680914198,6,2,17,180.0,22.69769190711649
2026-05-09T21:45:29.983288,54A,LYCÃ‰E SIDI REZI,SIDI REZIG (SECTION) ALLER,42.12557114120366,clear,54.63069870967171,none,39.21642771791247,4,5,3,24.146863722756347,0.26528705016547605
2026-05-09T21:45:29.983288,48 Retour,MAGAZIN CARREFOUR,ONAS MANOUBA-RETOUR,34.874809436525595,rain,31.702346807350665,manifestation,35.67291721652959,4,9,10,61.54808170084006,2.3882716926142358
2026-05-09T21:45:29.983288,79,KASBAH,EL AKERMA ALLER,10.928779788256085,clear,50.34621197843776,none,12.28164484804524,5,3,18,61.11402745534804,5.644477135212076
2026-05-09T21:45:29.983288,33A,OFFICE DE L'HUILE-RETOUR,CENTRE DE FORMATION ZOUHOUR-RETOUR,32.37818846955302,storm,67.04852736758288,none,8.539776366971466,5,11,9,54.69876032824489,0.7893123105213817
2026-05-09T21:45:29.983288,18C Retour,P.T.T SOUKRA,LYCÃ‰E KHEREDINN,23.26068876935925,clear,77.95172782363012,none,34.94803998427611,6,10,8,46.23388410574852,5.867108698160285
2026-05-09T21:45:29.983288,20G Retour,CHARGUIA,BUREAU DE POSTE PLACE PASTEUR,50.5108043958355,clear,73.48189096604898,none,24.55426117133563,3,8,21,21.631046432387425,2.9048567830662044
2026-05-09T21:45:29.983288,26A Retour,DJEBEL JELLOUD GP1,AVENUE DE LA GARE,51.25119765255915,clear,26.69060248346901,festival,10.520348916340456,3,10,8,35.96607445639748,2.904023677943094
2026-05-09T21:45:29.984288,20G Retour,CITÃ‰ ESSALE,CITÃ‰ TAIEB MHIR,36.192014845887,cloudy,20.950597145598042,none,13.335475555707614,2,4,16,12.61832294081939,1.032869663859259
2026-05-09T21:45:29.984288,257 Retour,Depart,Arrivee,45.55319596176816,cloudy,50.00840258432498,none,34.95387406945147,3,10,11,32.437682630428746,9.366061219625406
2026-05-09T21:45:29.984288,69 Retour,MARCHÃ‰ CITÃ‰ HELL,CITÃ‰ HELLAL PT,12.71908775906942,cloudy,47.4984285830013,marathon,38.73728869061698,6,7,4,58.965386208444095,0.6161685112915456
2026-05-09T21:45:29.984288,42B Retour,STIL,CITÃ‰ TORJME,35.25495308747288,cloudy,30.443657350302065,none,30.496250167588578,0,12,19,37.326442087091586,6.152651603431492
2026-05-09T21:45:29.984288,33A,CENTRE DE FORMATION ZOUHOUR-ALLER,IMMEUBLES HRAIRIA-RETOUR,24.08761314554522,rain,33.48996897858316,match_sport,34.22909270291085,3,4,13,114.29341396638664,25.570011306163725
2026-05-09T21:45:29.984288,60A Retour,LA CAGNA (SECTION),FACULTE 9 AVRIL ALLER,50.52650744784052,clear,95.80811889939422,none,20.740728201780612,1,2,21,35.16188542607876,3.597717307660666
2026-05-09T21:45:29.984288,62,10 DECEMBRE,LA POSTE,21.25633135717894,clear,61.94434758274562,none,8.395877851741822,0,1,1,23.45264197087898,1.6203024458341555
2026-05-09T21:45:29.984288,32A,SOUK MELLASSINE-RETOUR,STADE MELLASSINE-RETOUR,54.37952812658359,clear,39.8103660481285,none,16.12177078629883,5,11,9,20.82931572197231,0.36613666881582674
2026-05-09T21:45:29.984288,79,LYCEE HRAIRIA RETOUR,POSTE POLICE ( 17 ) ZAHROUNI RETOUR,32.780831542107954,clear,74.90940315005332,greve_transport,34.09150332960921,3,8,11,88.7138003582984,2.0845891275188393
2026-05-09T21:45:29.984288,60G,MOSQUÃ‰E AL HAWA RETOU,IMMEUBLE MILITAIRE IBN SINA,33.308828576030926,cloudy,39.13317021757972,festival,23.866228764393092,2,8,5,42.870443512254994,5.262978726385855
2026-05-09T21:45:29.984288,48,IBN JAZZAR MANNOUBA ALLER,BOUDRIA ALLER,31.023004041729425,clear,60.170954704536385,none,16.301911230249203,6,10,23,19.43117157220608,0.7150189679357992
2026-05-09T21:45:29.984288,57 Retour,Depart,Arrivee,44.9244462734411,clear,49.16979881897247,none,32.074547820392134,0,4,12,40.44707473974842,14.960888630470011
2026-05-09T21:45:29.984288,57A Retour,GEANT,MNIHLA,34.667869577916825,rain,22.46051321963911,festival,23.231455823592306,5,5,21,32.473383147317676,4.6834563393211575
2026-05-09T21:45:29.984288,14C Retour,LYCEE CITE ERRAFEHA,BAB LAASSAL,14.288390234172473,cloudy,41.128973787536914,manifestation,13.818127305575288,0,2,20,86.787715392652,8.162952225836364
2026-05-09T21:45:29.984288,247 Retour,Depart,Arrivee,43.981767697041676,cloudy,64.05922404967258,manifestation,10.588046073391308,3,12,17,71.24140387495034,4.655208461328401
2026-05-09T21:45:29.985288,16,20 MARS ALLER,EL HBIBIA,46.907848899264366,fog,72.0642957582666,match_sport,17.03991168624616,4,7,6,79.0246757711657,20.698677902808463
2026-05-09T21:45:29.985288,5C Retour,CITE MAHRAJENE,PATISSERIE BEN YEDER,20.927454062539397,cloudy,13.7930364835991,none,29.567097975235672,1,8,1,9.653324593914972,0.2639269764595005
2026-05-09T21:45:29.985288,51A Retour,SOURÃ‰SEA,MENZEH1,34.945935512833685,clear,40.72686909240323,none,12.97000300494939,1,4,13,20.754221513000566,1.4304416823951822
2026-05-09T21:45:29.985288,9B,MOSQUÃ‰E CITÃ‰ EL FE,HAMMAM LACAGNA,31.308232895590912,rain,69.02122842307692,none,17.49371703471033,6,10,1,27.241740960918918,1.1725178974675048
2026-05-09T21:45:29.985288,54A/,CITÃ‰ EL ELMI (TERMINUS,CITÃ‰ ELLOU,34.48647146406817,cloudy,55.27411610975161,none,31.524782749788276,1,12,15,20.741647847633498,0.5295596632870254
2026-05-09T21:45:29.985288,79,BAB JDID-RETOUR,GARE ROUTIÃ‰RE SU,19.030480625352876,cloudy,63.705426808091275,none,35.91516479288537,0,10,22,35.60087846888927,0.8708807432998817
2026-05-09T21:45:29.986289,26 Retour,EL AFRANE,CENTRE DE COORDINATION OUARDIA,51.231138737817005,rain,99.68862449010712,congres,20.251114721206537,2,4,1,53.277715018633174,0.13695427828276685
2026-05-09T21:45:29.986289,62 Retour,CITE EL BOKRI,TOUTA 10 DECEMBRE,41.30918110394142,rain,90.02264446810743,none,37.68466490263215,4,5,15,60.8595985871716,10.96397028307001
2026-05-09T21:45:29.986289,26A,SOMAG,CITÃ‰ JABE,19.40377562929835,storm,83.59666198570879,none,16.592415844430622,5,11,14,52.0665890306349,1.0656673728462565
2026-05-09T21:45:29.986289,26 Retour,EL AFRANE,AVENUE DE LA GARE,23.88090281408283,clear,80.6934417249074,greve_transport,13.887265749640633,1,7,10,90.16126571689173,1.9011906214161396
2026-05-09T21:45:29.986289,27C Retour,LA PETITE ARIANA,MAGRO,20.96094284673277,fog,85.85723609851567,none,19.71721640372129,4,1,9,62.951439728634504,4.046528714160463
2026-05-09T21:45:29.986289,33B,BAB ABDESLEM-ALLER,DARGHOUTH BACHA ALLER,52.774916405411034,cloudy,33.33463143106658,none,12.80501535306026,6,2,17,23.050966149470966,1.34557389679473
2026-05-09T21:45:29.986289,257 Retour,Depart,Arrivee,53.50918429862006,rain,85.3247830113953,none,28.864633944238186,2,9,22,46.61155103289593,10.841107176306624
2026-05-09T21:45:29.986289,31C,BEJAWA 2,GOUEZINE 1,29.439773906358898,fog,78.65872294661955,none,11.410984272135018,2,10,18,56.413871400354765,1.3167082105038315
2026-05-09T21:45:29.986289,31A Retour,SECTION MANOUBA,BAB LAASSAL,56.31138285986525,cloudy,70.42717897048854,none,29.993363725713245,3,8,1,33.44691889474503,8.870127564033318
2026-05-09T21:45:29.986289,19C/,EL AFRANE,CITE SPROLS,30.918116095392513,cloudy,61.920587893824006,festival,8.078602908539935,3,10,20,51.005980292464635,5.621829817862264
2026-05-09T21:45:29.986289,33C,MOSQUÃ‰E ELBOR,AVENUE MADRID,30.87623029830163,clear,13.329054580889574,festival,39.76759010486856,5,10,19,33.80660971883869,0.8574103657610941
2026-05-09T21:45:29.986289,6 Retour,LYCEE ARIANA,EL ANBARIA,45.359196365622886,storm,87.47175764960731,none,33.23968701800885,4,1,20,53.41533139840114,0.10173517416687972
2026-05-09T21:45:29.986289,54C,JARDIN D'ENFANTS BEN AROUS,SIDI REZIG (SECTION) ALLER,37.40996967939827,clear,34.16162159186215,none,23.16916827155454,6,5,11,12.98882597209608,3.9849691753510843
2026-05-09T21:45:29.986289,32 B,JAYARA-RETOUR,BAB ABDESLEM-RETOUR,28.356777915185663,clear,23.500347465472515,none,19.35693428311785,0,12,6,24.867155062068655,7.581517748366933
2026-05-09T21:45:29.987289,26A Retour,EL BAHRI,DUBOSVILLE,12.884618764597096,cloudy,28.96125958036411,manifestation,25.56476413919105,6,11,2,154.98805915792445,23.862461548680848
2026-05-09T21:45:29.987289,38C Retour,SONED,AMBASSADE IRAQ,35.25240100056185,clear,80.08863475122983,none,11.13278839517837,1,10,16,24.26163080865548,1.4142044315428741
2026-05-09T21:45:29.987289,23T,BIR ED DROUJ-RETOUR,CROISEMENT BEN YEDDER-RETOUR,40.30732583645003,rain,94.03183337966347,none,37.75968077753541,3,4,23,49.67411190137823,0.8058885868907524
2026-05-09T21:45:29.987289,44D/ Retour,SANAD,NAHLI 3,17.9076671602073,cloudy,76.71356197295081,manifestation,20.08219792472807,3,9,18,95.25860669754145,6.005254904762907
2026-05-09T21:45:29.987289,81 Retour,Depart,Arrivee,16.479773440227127,clear,83.63578749584944,none,10.911216407549261,0,3,8,87.08975484458789,12.310861823134902
2026-05-09T21:45:29.987289,74G,FOYER UNIVERSITAIRE MOUROUJ 3,14-janv,17.36102528590598,clear,60.518261829596995,none,9.578626768907125,6,9,4,25.161613009873975,0.8968654635096964
2026-05-09T21:45:29.987289,251 Retour,Depart,Arrivee,16.670681138703905,cloudy,54.44425365883644,none,37.54290833261176,4,5,17,57.744609556972506,2.727730899765995
2026-05-09T21:45:29.987790,69 Retour,13 AOUT L( 69),CIMETIERE JALLEZ,32.54016308795724,cloudy,69.0830185447218,none,33.00122052682384,1,12,19,42.60168604164213,1.6554227971894528
2026-05-09T21:45:29.987790,78,OMRANE SUPÃ‰RIEUR RETOU,BAB MNARA-RETOUR,23.727853965841383,clear,66.43864999186486,none,33.244759584118675,3,11,14,44.71377632191825,6.974286053936822
2026-05-09T21:45:29.987790,64,SIDI ALOUI,BAB SADOUN,13.840198858285149,rain,78.59685118595036,none,37.31347260665975,3,7,20,54.075383314578076,1.6181031960517815
2026-05-09T21:45:29.987790,62A,CITÃ‰ ELLI,CITÃ‰ 26/2,24.639490738895567,clear,45.919068150271535,none,20.84515426180422,4,10,18,63.60872457679458,10.898851062090213
2026-05-09T21:45:29.987790,34,SOUK MELLASSINE-RETOUR,BAB ABDESLEM-RETOUR,11.837791231432961,clear,57.73673110722065,festival,9.198600556804326,1,12,19,78.7502427337915,2.158467701191185
2026-05-09T21:45:29.987790,70 Retour,Depart,Arrivee,23.258918364459532,clear,92.01532036830554,none,13.417252128104803,5,3,19,59.35670583389696,9.727899626920205
2026-05-09T21:45:29.987790,20 Retour,CARREFOUR TUNIS,PLACE DES DROITS DE L'HOMME,26.92560478209605,rain,79.56096246449931,none,27.615253064333675,0,12,6,55.82150745304409,12.835247614127605
2026-05-09T21:45:29.987790,255 Retour,Depart,Arrivee,23.31899228152892,clear,32.25580131227028,none,17.32202851696431,4,5,14,55.14692788070825,13.60606518417974
2026-05-09T21:45:29.987790,26 Retour,TOUATI,KIOSQUE MOBIL BEN AROUS,32.77451041415401,cloudy,90.17863580146468,match_sport,36.30634843013786,1,3,19,85.66996482613665,6.42792566807772
2026-05-09T21:45:29.987790,60G Retour,IBN SINA(SECTION),LYCÃ‰E 2 MARS EL OUARDIA L(G,51.91959660867634,clear,22.801818978614925,manifestation,25.325897408984147,4,3,15,36.061561296491284,3.3353512016036477
2026-05-09T21:45:29.987790,116 Retour,STADE DJEDAIDA,CITE ERRAOUDHA RETOUR,37.26520861990036,clear,60.08282719937263,none,19.559292016416375,0,9,17,67.42023313391822,20.016675390726935
2026-05-09T21:45:29.987790,19C/ Retour,DUBOSVILLE,AVENUE DE LA GARE,12.21211051340584,clear,56.360567528106614,holiday,38.379700793003664,6,7,20,38.48206337507645,1.2537604753406493
2026-05-09T21:45:29.987790,42B Retour,CITÃ‰ OMD,RABATTEMENT KHAIREDDINE MANNOUBA,10.055401170384261,cloudy,54.51403796584506,none,34.53413602410863,1,12,12,117.29762019045634,13.451592548144536
2026-05-09T21:45:29.988791,44D/,PLACE SALA CENTRE,CARRIÃ‰RE NAHL,53.69928100744177,storm,83.50062960986222,festival,26.835972477674055,2,11,20,61.07880848492905,4.858938238263821
2026-05-09T21:45:29.988791,25A,CENTRE DE COORDINATION OUARDIA,AVENUE CARTHAGE,26.67342698924039,fog,65.04781004523751,festival,8.186262723228882,0,5,14,67.4320446450156,2.1368571873794266
2026-05-09T21:45:29.988791,33,SOUK MELLASSINE-RETOUR,AVENUE MADRID,43.51015907782009,cloudy,92.74070302821843,holiday,14.330262056387625,3,12,14,50.79570431850549,3.45039208956387
2026-05-09T21:45:29.988791,32,MOSQUÃ‰E ZAHROUNI-ALLE,POSTE POLICE ( 17 ) ZAHROUNI RETOUR,43.89803763077065,cloudy,36.462621034663584,manifestation,25.65395838000397,3,8,12,53.36191249895324,1.260094802913999
2026-05-09T21:45:29.988791,27 Retour,TERMINUS RAOUED,LYCÃ‰E SIDI AMO,44.96610117153299,clear,94.80652572327841,none,18.664965985605804,5,9,6,31.68283354391609,3.997364807333878
2026-05-09T21:45:29.988791,265 Retour,Depart,Arrivee,59.65198352666923,rain,67.16196899038343,festival,24.730271808661925,0,5,12,63.355986587656915,10.450961473617825
2026-05-09T21:45:29.988791,23T,SIDI AMARA-ALLER,BEN MAHMOUD-RETOUR,26.502990150356023,clear,66.42029322113038,none,8.599329568825318,3,8,6,93.26567818959155,28.746233722338623
2026-05-09T21:45:29.988791,60G,LYCÃ‰E 2 MARS EL OUARDIA L(G,CITÃ‰ MED AL,46.83664729284965,cloudy,54.14889777144731,none,17.37290890793085,3,12,10,21.04102447594124,1.369243189338822
2026-05-09T21:45:29.988791,20 Retour,CARREFOUR TUNIS,CITÃ‰ EL KHADHR,32.74072356493792,clear,16.20107929886736,festival,30.228880824854397,1,11,8,53.72144680762082,10.412033215340266
2026-05-09T21:45:29.988791,59A,IMMEUBLE OASIS,MOSQUÃ‰E MOUROUJ ,58.260064668885306,cloudy,34.881511169292,none,37.72728308758083,2,2,14,28.95262707163753,0.6403808560856055
2026-05-09T21:45:29.988791,66 Retour,CHOCO TOM,CITÃ‰ ERRAJE,19.053744070104248,clear,53.980941819509965,greve_transport,14.264316935469445,0,8,9,180.0,44.913860698415746
2026-05-09T21:45:29.988791,714 Retour,STADE D'ATHLÃ‰TISME DE RADï¿½,LUSTRERIES,50.745274850248606,clear,90.93477084559441,none,29.180079109589318,0,1,1,27.372320537432078,3.052471188774542
2026-05-09T21:45:29.988791,33A,SOUK MELLASSINE-RETOUR,CHARLE NICOLE-RETOUR,40.61301704383673,clear,73.93098146668726,none,34.806287730192594,4,1,10,20.431338258826944,1.4299306588871588
2026-05-09T21:45:29.989879,20 Retour,STADE RAJET HAIDER,BANQUE DE L'HABITAT,56.36664204141807,clear,25.013830232440657,match_sport,15.012843918207526,2,8,5,34.407570423734505,13.520504838141308
2026-05-09T21:45:29.989879,20 Retour,CHTIOUI,CITÃ‰ EL KHADHR,10.274914375137774,cloudy,51.52505504221933,none,16.422548764555124,6,12,19,90.86555104559864,9.219075554392665
2026-05-09T21:45:29.989879,26A,COMPTOIR SFAXIEN,KM 14 CROISEMENT GP1/MC39,42.1936032032054,cloudy,99.71116887465664,none,36.26627664497584,3,6,3,43.3308552183655,1.9982743413458834
2026-05-09T21:45:29.989879,58 Retour,CROISEMENT SANHAJA,OUED CHAFROU,51.03836105698991,cloudy,49.62553422759841,marathon,12.405956215038135,2,6,2,60.04663676034096,11.808213312300872
2026-05-09T21:45:29.989879,23H,ENTREE GRIAAT-RETOUR,LYCEE CHEBI-RETOUR,33.298742913920556,clear,26.029689036259203,none,14.722374242777004,0,2,9,66.44633836547146,25.0528235996227
2026-05-09T21:45:29.989879,3AG,BORTAL ALLER,ARRÃ‰T ETTADHAME,16.77225581405643,rain,89.69325116789288,none,11.812070290722971,2,10,14,55.58485215654946,1.6221959899729823
2026-05-09T21:45:29.989879,22G,SONED,POSTE POLICE RUE DU SAHEL,32.58464828644907,clear,60.96569222125129,none,36.02633200412893,5,12,12,33.969238539805,3.726843425453607
2026-05-09T21:45:29.989879,97,CANAL MAJERDA,CITÃ‰ ENNASSI,48.65753709444651,clear,68.57256190266892,congres,14.170362152427096,0,7,9,48.04354577918114,0.740133446804693
2026-05-09T21:45:29.989879,79,GARE ROUTIÃ‰RE SU,EZZOUHOUR 4 RETOUR,34.50233836515784,clear,32.062279262704195,none,31.306738171952365,0,5,0,36.55512885162411,13.137085155241182
2026-05-09T21:45:29.989879,250 Retour,Depart,Arrivee,21.30387536611187,clear,59.762561752580176,none,18.993736027824024,4,2,1,53.53074472877703,12.912930055659999
2026-05-09T21:45:29.989879,11,TERMINUS TUNIS MARINE BUS,CIMETIERE SIDI YAHIA RETOUR,45.91437440809549,clear,21.715169011276494,none,15.370008120429567,3,12,21,19.028203047417634,10.528579368944508
2026-05-09T21:45:29.989879,66B,FERME EL HAJRI,ELMELEHA,23.7703190029873,clear,82.12244797816824,festival,26.551316838355667,4,9,2,43.651671190621,1.9363408753519735
2026-05-09T21:45:29.989879,17,RADES PLAGE 1,LES BUNGALOWS,55.92975655504536,clear,71.79916474307501,congres,17.92028686623747,1,4,21,29.237355565490162,0.13998186424460712
2026-05-09T21:45:29.989879,19D,SOFOMECA,IMPRIMERIE OFFICIELLE,53.62668245910835,clear,68.74882568846894,none,14.50690091893545,5,6,9,35.51075278436574,5.766167926005641
2026-05-09T21:45:29.990881,260 Retour,Depart,Arrivee,13.412451861743055,fog,75.59001453603227,match_sport,10.070979297080513,5,5,0,86.27230464446939,8.16222867173493
2026-05-09T21:45:29.990881,47A,CARNOIE2,LA POSTE,49.1346274846269,clear,72.89111901562995,none,23.96058889736457,0,7,14,40.501889816390566,3.579779171097421
2026-05-09T21:45:29.990881,26B Retour,CITÃ‰ SNIT BOUMHE,STATION BARCELONE,31.159690325175657,clear,53.21500889506295,marathon,39.15718188050718,3,7,10,108.73110554136741,27.354332635620338
2026-05-09T21:45:29.990881,46,BORJE ETTOUTA,EWLED BELAID,59.72560735931726,clear,83.02116714199327,foire,37.18770022153015,4,2,2,59.476082861571825,14.814997154013888
2026-05-09T21:45:29.990881,16D,CAFÃ‰ JALLOU TERMINU,TERMINUS SIDI OTHMAN,25.377126427637407,rain,68.28097291860328,none,14.795815300245014,1,3,6,48.29403604595572,7.230554227521637
2026-05-09T21:45:29.990881,16B,SAIDA,STIL,40.85256238938757,cloudy,62.755485411951746,none,34.07310508686612,2,8,5,28.69111500943974,2.01801926483307
2026-05-09T21:45:29.990881,33,CENTRE DE FORMATION MGHIRA-ALLER,STATION MONGI SLIM,47.91660434172169,clear,21.48385661496443,marathon,10.652431076650313,4,7,18,68.44365379463234,6.216831251769463
2026-05-09T21:45:29.990881,14A,GARE ROUTIÃ‰RE NORD RETOU,RÃ‰SIDENCE YESMINE ALLE,30.842991008799196,cloudy,79.27270758764816,none,34.92546214212267,1,1,0,31.64479177257512,2.3849692968940484
2026-05-09T21:45:29.990881,23H,EPICIER JILANI-RETOUR,AEROPORT BORJ EL AMRI-RETOUR,28.25789271326133,clear,69.09920088000142,none,38.601202730695675,5,8,14,63.954315697446795,14.362947165038285
2026-05-09T21:45:29.990881,19G,KASBAH,SOFOMECA,57.32579069754442,cloudy,82.923756953736,none,24.00353188665032,0,5,8,49.058460931829565,7.972701881767703
2026-05-09T21:45:29.990881,37,CLINIQUE EZZAHRAOUI,HENKEL,28.658684591547793,clear,85.39998332190068,none,8.362849863500468,6,6,8,56.00617505733087,9.729142316740742
2026-05-09T21:45:29.990881,43 B,BAB ABDESLEM-RETOUR,PLACE DES DROITS DE L'HOMME RETOUR,57.66207066593211,cloudy,62.68859456185714,none,21.85738233308127,3,9,2,16.85175840554697,2.616449680313071
2026-05-09T21:45:29.990881,44D/ Retour,CITÃ‰ POPULAIRE ENNAHL,ARRÃ‰T BAB HADI,20.601958355839336,clear,63.40319223298073,manifestation,34.67896320211191,6,12,16,54.476623676415606,3.8733458139837396
2026-05-09T21:45:29.990881,60A,SALLE DES FÃ‰TES KERMES,IBN SINA(SECTION),10.541415033039616,clear,62.47699243828255,manifestation,38.54237077301852,6,2,0,75.42438405848353,4.741608785240483
2026-05-09T21:45:29.991885,33A,CROISEMENT BIRINE/ATTAR-ALLER,TERMINUS BOUHAMED,11.809430200767887,cloudy,74.12236636158723,none,37.01191568117743,2,7,19,67.02607618781147,1.8802633636999317
2026-05-09T21:45:29.991885,44C Retour,CITÃ‰ ERRAFEH,INTILAKA,19.851703194355913,clear,22.116370015343463,match_sport,24.1319972972116,0,4,4,31.002583484475505,1.2807332706322523
2026-05-09T21:45:29.991885,80 Retour,TOUBEN 2,LA POSTE,10.508143599489458,clear,33.353948986122376,none,32.371250216032045,6,5,3,25.50959010944211,1.8797924097084024
2026-05-09T21:45:29.991885,75 Retour,BATA,AVENUE DE LA GARE,21.047602078407625,cloudy,90.66363344071962,festival,29.55770334577269,5,1,7,67.63091596843446,6.2652897837533015
2026-05-09T21:45:29.991885,16B Retour,COOPÃ‰RATIVE CENTRA,RABATTEMENT KHAIREDDINE MANNOUBA,20.763218886919013,fog,33.956496575289506,none,37.88426783376837,3,7,23,44.439972090361195,3.499174106756577
2026-05-09T21:45:29.991885,31A Retour,MÃ‰DECINE VÃ‰TÃ‰RINA,ECOLE PRIMAIRE GOUEZINE,19.771767919563413,cloudy,13.879048101249806,holiday,8.85628500776733,5,2,3,37.4831563256957,7.64015657120272
2026-05-09T21:45:29.991885,88A,LYCEE KHAZNADAR,BAB ABDESLEM-RETOUR,46.81357174901607,clear,19.190216889122166,none,17.40379718155845,4,8,17,49.0453379046613,19.444790663878514
2026-05-09T21:45:29.991885,24E,DISPENSAIRE,CEBALET CHEIKH,35.12501225091971,fog,49.60349249708673,manifestation,23.86699907803383,5,10,21,55.75164572593997,4.656456564102305
2026-05-09T21:45:29.991885,56,SABBELA (56),TERMINUS 56 72,42.50990229716283,cloudy,65.9495312553995,none,14.939556249472052,3,6,7,34.49400754439007,1.1992159121776655
2026-05-09T21:45:29.991885,27C,MOSQUÃ‰E JAAFE,EJLAME,41.12682155666127,rain,27.29088110931937,none,8.240172408780978,3,7,0,41.77237744846546,7.692144957986829
2026-05-09T21:45:29.991885,60A,RUE 10800 (2),IBN SINA,48.58781821134993,clear,76.91357584569869,none,32.93380118182305,0,10,5,20.292114741668204,0.3801098689575344
2026-05-09T21:45:29.992792,57 Retour,Depart,Arrivee,19.3776343602827,rain,47.54167202555919,foire,9.357922905462612,0,11,19,102.35666802710726,12.123945895374423
2026-05-09T21:45:29.992792,25B,KIOSQUE MOBIL BEN AROUS,BAB ALIOUA L10-25(A-B-C-D),12.337509266059445,clear,68.3126000729336,none,30.493978369627243,5,9,9,61.22589789364447,4.700317304801651
2026-05-09T21:45:29.992792,46,BORJE ETTOUMI,EL HAKIME,28.216267637334855,clear,20.119397015257533,manifestation,36.45477243089947,5,2,5,43.0053860059031,2.397133379120042
2026-05-09T21:45:29.992792,54D Retour,14-janv,CITÃ‰ EL FAOUE,59.49529068120043,clear,58.84149338962491,manifestation,22.496053792659495,6,8,11,36.119399746615585,0.408734965397608
2026-05-09T21:45:29.992792,74G Retour,GORJANI ALLER,MOSQUÃ‰E AL HAWA ALLE,27.36361909327367,cloudy,13.69191849772238,none,28.39347764158427,0,9,21,12.214577868865542,0.7030515581236312
2026-05-09T21:45:29.992792,32 B,TERMINUS BORJ CHAKIR ( L 32 B ),DEPOT SNT SIJOUMI,30.921966903171445,clear,81.02368483062783,congres,37.37861531238302,6,7,13,48.184336612473984,4.353413961889647
2026-05-09T21:45:29.992792,3A Retour,RELAIS BARDO,TRIBUNAL MILITAIRE M.SAADALLAH,46.255208460713476,clear,52.27868410021788,marathon,35.88020522496549,1,7,20,60.313989674524684,2.1605397447730197
2026-05-09T21:45:29.992792,262 Retour,Depart,Arrivee,52.58698695827442,cloudy,57.35112506008993,none,31.073466761634506,1,11,5,27.62279577051523,8.717499567022735
2026-05-09T21:45:29.992792,20C,CHARGUIA,CARTHAGE HANNIBAL,50.578503903734166,clear,33.79189803103624,foire,29.044339931739184,3,8,7,52.907140773373115,13.11594432467294
2026-05-09T21:45:29.992792,24/,MHAMDIA CENTRE,FATOUMA BOURGUIBA,58.52324605714388,clear,89.93001769514298,festival,10.338786900534615,5,10,15,32.78651477271946,0.30075004369983915
2026-05-09T21:45:29.992792,45 Retour,TERMINUS CHOUIGUI,E.P TEBOURBA,10.216841190745143,clear,95.13147955371434,match_sport,14.065082375914962,3,8,10,99.88073206269159,6.285282515097871
2026-05-09T21:45:29.992792,96 Retour,GOBAA TERMINUS 96,RABATTEMENT KHAIREDDINE MANNOUBA,14.508691179102293,clear,69.35108307708555,none,29.209813009917855,1,3,6,32.17850257730755,0.7533133728591199
2026-05-09T21:45:29.992792,714,SIEFCOL,CITE OLYMPIQUE RADES,19.788489522654015,cloudy,21.82082732515358,none,18.50256773209382,2,9,9,36.38527271305793,4.765576966634858
2026-05-09T21:45:29.992792,43 Retour,Depart,Arrivee,39.57467635849877,clear,33.4704199480082,marathon,19.833214320682412,6,1,2,49.88958963215812,4.250369005612527
2026-05-09T21:45:29.993791,44B,SANAD,MAKFOUFINE 1,18.693375802700803,clear,25.844273194223714,none,32.606622101547345,4,7,18,30.727871634780858,0.8033755432650764
2026-05-09T21:45:29.993791,20C Retour,CHTIOUI,MOHAMED V,30.031312995208655,clear,59.147094908317996,none,15.940000929352603,1,10,1,37.612018330403686,10.780243833822901
2026-05-09T21:45:29.993791,5,ALAIN SAVARY,INSTITUT NATIONAL DE LA MÃ‰TÃ‰OROLOG,49.90297207645682,clear,13.40839084257334,match_sport,39.24085491109207,4,2,10,35.28123508350351,3.0985867399920553
2026-05-09T21:45:29.993791,26 Retour,CAFÃ‰ YASMINE,CENTRE DE COORDINATION OUARDIA,54.51221562242066,rain,12.519796853856416,none,24.82382736379341,2,7,6,16.585935040792513,6.2494881161904745
2026-05-09T21:45:29.993791,39 Retour,IMMEUBLE RADES FORET,KIOSQUE TOTAL,32.35027793381836,cloudy,55.88710953805168,none,13.643833460793324,2,9,2,33.91854194891836,6.742521934720285
2026-05-09T21:45:29.993791,460 Retour,CITE MAHRAJENE,EL ANBARIA,36.52140026125713,clear,93.29045019346373,none,28.95771221129013,2,11,3,33.87386574851328,2.503864521462839
2026-05-09T21:45:29.993791,54A/,LUSTRERIES,CITÃ‰ JAOUHAR,17.418719196911773,cloudy,93.966054936903,none,11.934074804236694,2,10,5,43.86280456612415,3.7045655615749773
2026-05-09T21:45:29.993791,10C,SOFOMECA,JARDIN D'ENFANTS AMEN,51.88564809799885,clear,24.196790499165154,none,11.229663200911506,0,11,16,5.0,5.318884037792133
2026-05-09T21:45:29.993791,33A,BIRINE-ALLER,HOUIJ-RETOUR,10.088597566047799,cloudy,92.44033848511035,none,8.094942707188284,4,1,5,74.43814548711241,4.53130087580816
2026-05-09T21:45:29.993791,73 Retour,Depart,Arrivee,33.8803966314335,clear,63.97342459175431,none,16.168456255869323,5,11,17,51.34483754927575,13.90147060213462
2026-05-09T21:45:29.993791,21 Retour,CITÃ‰ BRAIE,OUZRA (SECTION),34.5486977497515,cloudy,80.30037318438598,festival,28.048284170141653,0,9,3,57.02927398758659,6.046741121620915
2026-05-09T21:45:29.993791,73 Retour,Depart,Arrivee,12.808495720969638,cloudy,44.33767369396732,none,13.20448916390702,1,6,9,99.42593944008189,13.657819773549845
2026-05-09T21:45:29.993791,5D Retour,LA FAYETTE ALLER,TERMINUS TUNIS MARINE BUS,47.92236410200982,clear,91.74614539736187,none,33.5086639531103,0,1,9,44.60777064937163,1.632016321888364
2026-05-09T21:45:29.993791,21A Retour,AVIATION CIVILE,LYCÃ‰E MORNA,31.25986284273071,rain,87.36069766192848,foire,17.224348389682035,6,3,14,73.50606563480835,11.506573950558248
2026-05-09T21:45:29.994791,93,RABATTEMENT KHAIREDDINE MANNOUBA,TERMINUS 16A 93,46.29513277633759,cloudy,32.47894837806255,festival,12.325827266775235,1,9,9,44.400569278012426,2.433041576483721
2026-05-09T21:45:29.994791,66B,FRIGO,LYCEE EDKHILA,19.037034718843955,cloudy,11.372534245506339,match_sport,36.835842507473316,2,3,13,70.53418392038853,10.5934624985005
2026-05-09T21:45:29.994791,10,CROISEMENT MARCHÃ‰ DE GRO,CITÃ‰ EZITOUN,48.477578579694885,storm,22.516780421864205,none,25.25655888710333,3,5,2,38.65526484875355,6.988659709893362
2026-05-09T21:45:29.994791,116 Retour,BOUDREYA,BOUCHOUCHA - BARDO RETOUR,41.6985402723101,clear,25.7801884735847,none,39.243992619455604,4,6,12,36.39074550378046,4.979218623774727
2026-05-09T21:45:29.994791,116,MOSQUÃ‰E AL HAWA ALLE,STADE DJEDAIDA,37.31666410669999,cloudy,92.96979692572847,none,21.036087457703886,6,10,4,58.80465003470018,21.85933816230203
2026-05-09T21:45:29.994791,94 Retour,BORJ KHALSI-ALLER,CANAL AGBA-ALLER,22.40864599041872,cloudy,73.44926953762378,match_sport,19.129118255970173,3,2,15,87.33954565875749,15.89914238844868
2026-05-09T21:45:29.994791,88 Retour,Depart,Arrivee,15.057113377261246,rain,59.287130389415296,none,37.999720630231536,5,3,18,97.97367931764792,13.188621774043437
2026-05-09T21:45:29.994791,460 Retour,DENDEN,MUNICIPALITE BARDO,50.56795078763695,clear,26.708973694158765,none,11.96971591492224,0,4,2,5.0,2.1622585285367637
2026-05-09T21:45:29.994791,14CG Retour,CENTER DE FORMATION RAS TABIA ALLER,GARE ROUTIÃ‰RE NORD RETOU,18.68057479703554,clear,78.62403092291339,none,10.269987904750234,5,11,2,26.686497160428218,2.780916554011867
2026-05-09T21:45:29.994791,24/,CITÃ‰ EL OUIFAK (GN,SIÃ‰GE DÃ‰LÃ‰GATION MHAM,31.722010990122538,cloudy,69.02253838153278,holiday,32.80384200132643,3,6,2,39.02012789796265,3.002700207377133
2026-05-09T21:45:29.994791,55,DÃ‰LÃ‰GATION DAOUAR HICH,MOSQUÃ‰E DAOUAR HICHE,23.09806389076376,clear,10.205494786222188,none,12.049067036988475,0,4,22,7.62258548968716,0.7337953122811829
2026-05-09T21:45:29.994791,24,LE SOUK DES VOITURES,CITÃ‰ ZITOU,25.78759340695116,rain,15.514843585010029,none,34.33577699847078,0,11,16,34.687623057430194,5.5462247781693765
2026-05-09T21:45:29.994791,12,TERMINUS JBEL LAHMER L 11,MEFTEH SAADALLAH RETOUR,57.864334895694306,clear,71.35304418245204,none,10.766462460901092,6,11,21,14.422823709536996,3.477017447554345
2026-05-09T21:45:29.994791,80,CITÃ‰ ELLI,CITÃ‰ POPULAIRE ENNAHL,53.10975690163094,cloudy,83.68526237823681,none,36.351316841504826,2,5,19,52.91883857167539,2.9057415747572968
2026-05-09T21:45:29.995791,44A,MOSQUÃ‰E CITÃ‰ CHAKER RAOU,BOUHNACHE2,52.807550080216984,storm,72.81913963787946,congres,19.199857061258193,0,9,22,64.59625875305589,5.624325811399013
2026-05-09T21:45:29.995791,94,CANAL AGBA-ALLER,CITÃ‰ ENNOU,51.805666658526526,cloudy,38.77970168125843,none,11.852093158702989,0,12,13,55.45924093574443,26.599397230720687
2026-05-09T21:45:29.995791,66B,LYCÃ‰E TECHNIQUE TEBOURB,ELMELEHA,11.321994153695655,cloudy,64.37877182142896,festival,39.72270829519507,6,12,12,153.13213881355824,20.016023384988088
2026-05-09T21:45:29.995791,94,PONT RACHED,EL BATTAN,10.263889113743366,cloudy,40.36118044844242,none,17.825114237861946,0,10,7,51.4211369779393,2.3756425490537865
2026-05-09T21:45:29.995791,44B,MNIHLA,SIDI THABET CENTRE,48.93755621438131,cloudy,30.192063161201666,festival,12.522311662022496,4,5,1,42.18858044083628,14.620672029441014
2026-05-09T21:45:29.995791,21,NATACHA,KHLÃ‰DIA GAR,11.673966507205382,cloudy,49.13801114258387,none,37.032899202115104,5,5,14,52.75228430248831,2.87493692628081
2026-05-09T21:45:29.995791,257 Retour,Depart,Arrivee,31.792308232511242,clear,86.5946247659573,none,9.027116648541092,1,10,9,62.650867796039634,8.604707709344705
2026-05-09T21:45:29.995791,25B,EL AFRANE,MUNICIPALITÃ‰ BEN AROU,31.88945418186333,clear,44.52784479291062,none,11.021994713353799,6,10,8,37.687857785132614,7.91308348641491
2026-05-09T21:45:29.995791,6,10 DECEMBRE,LES ABATTOIRS,35.71881153161763,storm,85.94425018903131,foire,34.240049327834484,3,3,13,82.80678353656393,2.6971525376429013
2026-05-09T21:45:29.995791,76 Retour,Depart,Arrivee,28.617100030958156,cloudy,82.8495660453592,none,9.256487028205772,3,9,16,37.291455307640376,3.8286457471426143
2026-05-09T21:45:29.995791,62,CROISEMENT RIADH ANDALOUS,GUICHET GÃ‰AN,12.28059820618181,clear,93.58069657546733,none,28.19151568663889,6,9,17,66.79326467292823,6.009110341985357
2026-05-09T21:45:29.995791,4A,RELAIS BARDO,20 MARS RETOUR,37.61171901145342,clear,84.84555768685732,festival,16.84572111957706,2,3,10,38.729480929629396,0.664796230162013
2026-05-09T21:45:29.995791,14C Retour,FOYER BARDO 1 RETOUR,BAB LAASSAL,13.930139054447213,clear,11.828714396970286,none,19.870534116260277,3,10,9,34.604949328039694,2.2097852814695713
2026-05-09T21:45:29.995791,24E,CITÃ‰ ZITOU,FERME HAJJAJ,36.05996397058291,cloudy,86.13510033494381,holiday,22.89633759835641,1,5,3,43.47932330732174,5.736604969792687
2026-05-09T21:45:29.995791,36,MUTUELLE VILLE ALLER,TERMINUS MINISTÃ‰RE DES AFFAIRES ETRANGERES ( L 36 B ,45.69050986720036,clear,86.69598323154747,congres,36.442126736986594,6,4,8,55.03673725065177,4.257471499510797
2026-05-09T21:45:29.995791,29,STATION BARCELONE,DUBOSVILLE,12.208219431198833,clear,94.89484906926744,match_sport,24.954433421241387,3,10,0,63.967650251625315,1.782442743573438
2026-05-09T21:45:29.995791,82,COMPTOIR SFAXIEN,KHLIGE BOUMHAL,48.093463793097605,clear,67.41256626203185,congres,23.08209784064837,0,7,5,30.702977317438215,1.879162688613178
2026-05-09T21:45:29.995791,20C,CITÃ‰ ESSALE,CARTHAGE HANNIBAL,46.336431210544276,clear,64.59767967030916,foire,38.40683543662486,4,5,3,48.98466254306775,6.503149717764252
2026-05-09T21:45:29.995791,14CG,ETTAHRIR SUPÃ‰RIEU,INTILAKA,42.93882563989934,cloudy,34.48084920522838,none,18.638449062212292,4,3,4,18.35614035857332,2.039969084819239
2026-05-09T21:45:29.995791,514A,ROUTE ELBASATINE,USINE LAZREG,41.13626233626553,fog,19.352479174489496,none,18.27261054184295,5,6,1,17.58056404506502,1.255611953140825
2026-05-09T21:45:29.995791,84,MHAMDIA CENTRE,CITÃ‰ TAYAR,30.930607064477503,storm,62.51251301111324,none,25.468950714686628,4,10,6,47.87932079265223,0.95152714493803
2026-05-09T21:45:29.997371,65,OFFICE DE L'HUILE-RETOUR,TRIBUNAL TAAKIB,24.131976183819432,fog,92.07333063278534,none,16.271846257124455,6,10,9,49.10776781847833,2.5000456547727
2026-05-09T21:45:29.997371,62A,CARRIÃ‰RE NAHL,CITÃ‰ 26/2,25.39149802895046,clear,50.96506467799901,festival,36.5342437107196,0,3,19,63.62422514904689,7.2904356011789835
2026-05-09T21:45:29.997371,76 Retour,Depart,Arrivee,46.481342825501464,cloudy,48.20736381125538,none,37.56337086563102,3,12,22,36.9803800259787,5.621463186924785
2026-05-09T21:45:29.997371,31,CHORFECH 1,CHORFECH 3,36.144214582436376,storm,42.5494352958489,none,27.238654899352245,1,11,4,46.396360537100826,2.0173859291911214
2026-05-09T21:45:29.997371,29,STATION BARCELONE,HAMMAM BELLEVUE,25.0970818468727,clear,11.35925285857246,none,13.205657307936157,2,3,6,6.560734663332918,2.2238809434194113
2026-05-09T21:45:29.997371,31A,SECTION MANOUBA,PONT BIZERTE 2,41.07054204172035,rain,59.46908684311564,none,38.45566479919977,1,5,13,84.78091884323436,28.79668315215656
2026-05-09T21:45:29.997371,16A,MOSQUÃ‰E OUED ELLI,DOUAR EL BEY,27.775435371541327,cloudy,95.41312724064616,festival,32.947298718258416,1,12,7,62.37927297258231,2.928106643007119
2026-05-09T21:45:29.997371,14CG Retour,CENTER DE FORMATION RAS TABIA ALLER,GARE ROUTIÃ‰RE NORD RETOU,56.96792835152122,rain,33.97602570311079,manifestation,21.175896808157052,2,7,0,54.689335401543836,2.780916554011867
2026-05-09T21:45:29.997371,635,CHARGUIA1,CHARGUIA 2,14.717677364590124,clear,95.50210777098297,congres,39.00020625297098,2,3,17,93.57418879942523,5.516305171318521
2026-05-09T21:45:29.997371,15 B,CASERNE EZZOUHOUR RETOUR,STADE MELLASSINE-RETOUR,47.6264050188808,clear,91.8368869973526,none,36.43448754677367,6,10,9,41.93041170200989,2.4353449208998805
2026-05-09T21:45:29.997371,32,AVENUE MADRID,JARDIN THAMEUR,11.640715831181822,clear,84.73484040795141,none,13.413612510381135,1,6,23,36.910854024986506,0.6186372282791375
2026-05-09T21:45:29.997371,39,LYCÃ‰E EZZAHRA (SECTION,AVENUE DE LA RÃ‰PUBLIQUE ,19.689708316946742,clear,54.13802857973307,none,24.527163779222555,1,2,9,48.655930516429144,6.084513498990889
2026-05-09T21:45:29.997371,23H,GRIAAT,CROISEMENT SIDI ALI HATTAB-RETOUR,10.98911780401183,clear,78.84691226773509,none,11.566563802108675,0,7,9,156.22521738919264,20.21255170499093
2026-05-09T21:45:29.997371,91,CITE HASSEN BELKHOUJA2-ALLER,RABATTEMENT SLIMEN KAHIA,28.912500188265884,storm,75.09189937255998,none,27.371361647386546,5,6,5,47.05352972463314,3.9568103102235965
2026-05-09T21:45:29.998399,44D,BEJAWA 3,ECOLE PRIMAIRE,31.07481417213526,clear,87.39108013448454,holiday,34.428661817906374,6,3,8,43.57961110998349,1.2308552077664388
2026-05-09T21:45:29.998399,39,BIR ETTARRAZ,IMMEUBLE RADES FORET 1,33.11931592213428,rain,12.436166591130881,none,36.21460931205935,6,5,6,17.96780592779271,2.9259030154553436
2026-05-09T21:45:29.998399,22G,CENTRE DES HANDICAPÃ‰,MOSQUÃ‰E CITÃ‰ EL FE,57.73023513901655,clear,88.49083644898565,none,15.855944292049927,1,7,18,40.04441601738865,3.8994097718682514
2026-05-09T21:45:29.998399,54D Retour,DJEBEL JELLOUD,PROTECTION CIVILE,27.783798405487182,clear,87.47153607474195,none,39.42144574443784,3,2,15,28.352951376688893,0.17354228990481255
2026-05-09T21:45:29.998399,66,HOPITAL TEBOURBA,ROUTE CHOUIGUI,54.28213748256974,cloudy,13.162078282799385,none,36.31371315796264,4,12,12,23.109624619771232,3.324105979303984
2026-05-09T21:45:29.998399,18C,SOUKRA,CARTHAGE HANNIBAL,58.49116689265022,clear,79.94242967212318,none,20.1419807765671,4,7,22,29.136675517383264,7.8531701595255115
2026-05-09T21:45:29.998399,89,DARGHOUTH BACHA ALLER,SIDI HSIN SECTION-RETOUR,27.37882006377283,storm,99.55288761767913,match_sport,33.677321565424485,4,6,10,91.71862513581935,9.233628959050911
2026-05-09T21:45:29.998399,3710,LYCÃ‰E HAMMAM LI,JARDIN D'ENFANTS MOUROUJ 3,51.330933525522155,cloudy,92.10191238767806,marathon,37.68622079205872,0,12,13,97.34595961662195,15.47933898183338
2026-05-09T21:45:29.998399,54D Retour,14-janv,MOUROUJ 5,45.8865860642433,cloudy,60.14853196138441,match_sport,35.35906537669728,4,4,14,62.762401537765406,1.6619430933703718
2026-05-09T21:45:29.998399,24,AMEN BANQUE,MOSQUÃ‰E CEBELET CHEIK,15.433269628939719,storm,24.493853487781852,none,15.97272978271813,4,3,2,69.47888534061711,7.429877970451848
2026-05-09T21:45:29.998399,31C Retour,ECOLE PRIMAIRE GOUEZINE,BAB SAADOUN RETOUR,48.321512696169755,clear,72.1530707608313,none,19.56570842778165,1,3,13,54.78924561058618,16.06668848630989
2026-05-09T21:45:29.998399,247,PORT LA GOULETTE,LA GOULETTE CASINO,26.477383907271182,cloudy,62.98041303901686,none,15.941340844613226,5,12,20,19.36101412528869,1.3917508047357794
2026-05-09T21:45:29.999379,253 Retour,Depart,Arrivee,15.975299610113904,clear,30.153892999846352,none,11.807547007989786,3,10,6,63.56377581097007,13.985434569010067
2026-05-09T21:45:29.999379,46 Retour,SOCIÃ‰TÃ‰ DE FROMA,BORJE ETTOUTA,26.35236045143485,cloudy,71.90124484001431,none,31.952826460466294,3,3,2,28.917315874016616,1.685840938132614
2026-05-09T21:45:29.999379,44A,HUILERIE ENTRÃ‰E GALAA,MUNICIPALE,59.5004003378449,cloudy,98.39761255374223,none,20.64617599797532,6,2,21,25.275447028906953,2.224654912595753
2026-05-09T21:45:29.999379,32A,BEN DAHA-ALLER,TRIBUNAL TAAKIB,23.069125171463227,cloudy,42.784175340804005,none,8.737459324609418,5,8,17,58.52529524615818,12.318229953274834
2026-05-09T21:45:29.999379,59A,MOSQUÃ‰E MOUROUJ ,MOUROUJ 1,18.160509871919047,cloudy,29.341404544414655,none,27.88285791929196,2,4,5,10.069787531842408,0.2036762687465341
2026-05-09T21:45:29.999379,261 Retour,Depart,Arrivee,32.71484555047178,rain,27.373125260126535,none,29.270242112944313,4,12,21,27.85179604402186,5.548206334934736
2026-05-09T21:45:29.999379,16 Retour,BEJAWA 2,GAALOUL,45.6307235281278,clear,48.30898916865418,none,13.666300981968199,3,11,12,34.64606717885802,7.179892959043091
2026-05-09T21:45:29.999379,4A,TÃ‰LÃ‰COM MANOUBA RETO,BORTAL RETOUR,42.65243708801121,clear,47.568557548005415,manifestation,12.135337681975312,6,5,21,41.3261301157322,2.4297393701709122
2026-05-09T21:45:29.999379,252 Retour,Depart,Arrivee,35.31211024542028,clear,98.20111380477087,none,31.796589891463682,1,6,20,47.58906476320117,11.313575844049966
2026-05-09T21:45:29.999379,255 Retour,Depart,Arrivee,35.53591389564324,cloudy,51.39273435068906,none,8.575463345858687,2,6,6,45.37583296277418,13.686663442963939
2026-05-09T21:45:29.999379,20G,HOPITAL DES ENFANTS,LE BELVÃ‰DÃ‰,38.46720795248194,clear,50.580691355322074,none,12.674615470074315,0,10,10,15.010755519236412,2.1579607332012984
2026-05-09T21:45:29.999379,23T,CITE TEBALTECH-ALLER,GHDIR ELGOLLAH-RETOUR,15.318797171116662,fog,48.999999458902735,none,33.38324597980918,1,5,19,127.67727133818255,20.595078093185183
2026-05-09T21:45:29.999379,410B,ARRET ESSAYDA ALLER,MOSQUÃ‰E AL HAWA ALLE,39.38894959092525,clear,29.183048938481278,none,11.414008396263135,2,10,7,30.912837770435054,1.1468477722241968
2026-05-09T21:45:29.999379,44 Retour,BORJ YOUSSEF,BEN ARFA,47.50187687703302,cloudy,54.01192108153559,none,23.198446907999536,5,8,7,39.77019830802947,7.952604044411224
2026-05-09T21:45:30.000380,85 Retour,PLACE 14 JANVIER (BOUMHEL),BIOPROTECTION,35.70355219363592,clear,18.258352896674786,none,36.163760450083146,3,7,1,41.28638926895694,17.080182854508966
2026-05-09T21:45:30.000380,55 Retour,DÃ‰LÃ‰GATION DAOUAR HICH,RELAIS BARDO,23.17383913653365,clear,28.983616136704306,festival,34.19409278713977,1,4,7,49.310301518436596,3.66063656000291
2026-05-09T21:45:30.000380,19C,CENTRE DE FORMATION SNT,SOFOMECA,39.19211586735875,clear,91.23856290680962,none,34.21041606200361,3,4,19,47.07154743660353,1.0075453417651445
2026-05-09T21:45:30.000380,29,HAMMAM BELLEVUE,SALLE DES FÃ‰TES BELLEVU,13.054634974099741,cloudy,78.46002499139406,none,11.369363409209772,0,7,11,35.355660965226654,0.41177339880822306
2026-05-09T21:45:30.000380,5,MUNICIPALITÃ‰ CITE EL KHADR,STATION LAVAGE CITE EL KHADHRA,30.610665701843573,clear,68.99729931743713,greve_transport,34.025710463541955,2,2,14,85.97890079365344,1.3930864546426749
2026-05-09T21:45:30.000380,34,ROND-POINT SIDI HSIN-RETOUR,RABTA,20.11328001899478,cloudy,69.37990087975113,none,17.10205655401917,3,4,0,46.45882275278764,6.086242246134319
2026-05-09T21:45:30.000380,12,MARCHÃ‰ ZAYATINE RETOU,MOKHTAR LAHBIB,36.312620338228896,cloudy,48.18496697193808,manifestation,38.35012508203927,6,1,20,43.479052347716895,0.15582264987214867
2026-05-09T21:45:30.000380,16A,SECTION MANOUBA,CITÃ‰ TORJME,13.607278678317787,rain,48.22036971627941,none,13.654272284002076,2,12,19,77.79777359016822,7.028797630522307
2026-05-09T21:45:30.000380,23,BEN MAHMOUD-ALLER,GUITOUNI-ALLER,47.96651154193507,clear,12.788979242561178,festival,35.369017063775274,4,3,2,37.24820029998953,9.881956047385493
2026-05-09T21:45:30.000380,86,FERAILLE 2,CITROEN,10.314230833049612,cloudy,40.32273329876435,none,27.080069715477777,6,4,0,36.68242412025528,2.8369026851549
2026-05-09T21:45:30.000380,44 Retour,EJJBAL 3,GEANT,38.58732365242633,clear,90.2682154533778,foire,31.458264752379247,5,6,19,76.90049488113644,20.697687110311513
2026-05-09T21:45:30.000380,57A,INTILAKA,MNIHLA,56.58986009760318,clear,51.92397903679282,none,19.415737249469117,2,1,17,31.893015765005917,1.9918018489989282
2026-05-09T21:45:30.000380,16D,ERRIADH,ROUTE CHAOUAT 1,57.6515209231618,clear,98.19415312581557,none,22.219710329439174,6,6,4,34.31541510988687,9.289336833716881
2026-05-09T21:45:30.000380,44C Retour,CAFÃ‰ JABBE,JABBES ELBORJ,32.83299011642019,rain,28.736724323225868,none,25.055945020533134,1,11,11,23.218733629232556,1.145558909868972
2026-05-09T21:45:30.001380,31C,INPFCA,SIDI THABET CENTRE,31.445983250502,fog,53.169062498883704,none,29.782175377650844,3,12,23,35.23032651706985,0.2881723567116232
2026-05-09T21:45:30.001380,265 Retour,Depart,Arrivee,59.30333291699528,fog,71.02655034055405,none,16.381061188815025,5,11,21,33.13034914468971,7.298098891515622
2026-05-09T21:45:30.001380,4A,SAINT CLEMENT ALLER,AVENUE DE L'ENVIRONNEMENT MANNOUBA ALLER,24.823600165736664,cloudy,61.1886847460619,none,30.815025972691604,5,12,5,25.629223516881204,4.418068747919254
2026-05-09T21:45:30.001380,54A/ Retour,FERME LOUKIL,DISPENSAIRE,52.76967901168927,rain,83.46042687527738,greve_transport,31.960272507934864,6,3,23,79.64975583596808,5.286856162230148
2026-05-09T21:45:30.001380,62A,ARRÃ‰T BAB HADI,SIDI AMOR,54.9420453560006,cloudy,94.95603312865805,none,24.9947461249694,3,12,23,43.96058901470043,16.15869159089627
2026-05-09T21:45:30.001380,31A,CASERNE OUED ELIL 1,MOSQUÃ‰E OUED ELLI,35.53079191773115,clear,42.51945451833772,match_sport,33.84703645827391,6,4,13,46.96441031844199,4.600121386326938
2026-05-09T21:45:30.001380,66B,CITÃ‰ EL AYAR,LANSARINE,39.05472205943768,clear,94.09606282127154,match_sport,16.74532841315465,2,9,13,63.33313634679725,1.0809800624733121
2026-05-09T21:45:30.001380,43 B,CHARLE NICOLE-RETOUR,BAB ABDESLEM-RETOUR,13.062159621295802,clear,58.73916328347632,none,39.10566428604793,6,9,2,28.28260924886657,0.7285370423040449
2026-05-09T21:45:30.001380,3D Retour,INTILAKA,BORTAL RETOUR,47.24411433999777,cloudy,34.34712642135213,none,9.359149598311742,1,11,23,23.565229640776984,4.041272887967243
2026-05-09T21:45:30.001380,16D Retour,INOPLAST,CHEBBI RETOUR,32.28348521199239,rain,32.27322933469954,none,10.891920705601379,5,1,12,31.311755720705868,4.986654005602958
2026-05-09T21:45:30.001380,31B Retour,CHORFECH 3,ECOLE PRIMAIRE,24.202038353298967,clear,72.53584888027791,none,13.04162809119505,3,9,7,76.43539627669921,16.060122599016594
2026-05-09T21:45:30.001380,87 Retour,Depart,Arrivee,27.534324524870065,cloudy,40.26071222385387,none,15.800530294261652,4,10,13,45.71057619142035,10.07985739321989
2026-05-09T21:45:30.001380,27,EL ANBARIA,LYCÃ‰E SIDI AMO,59.62222247535819,clear,54.38230916012459,none,33.74506964409255,1,7,21,27.616297743517265,11.485894448540853
2026-05-09T21:45:30.002380,93,RABATTEMENT KHAIREDDINE MANNOUBA,TERMINUS 16A 93,25.687940513420983,storm,90.94970780421276,none,36.040703959841935,2,4,7,83.22653712399291,2.433041576483721
2026-05-09T21:45:30.002380,54A/,MIAMI MOUROUJ,TERMINUS CITÃ‰ CHAKE,53.09037729821867,cloudy,99.01204464808322,none,19.396109031460693,2,10,19,56.00172484958394,10.4459193882391
2026-05-09T21:45:30.002380,48 Retour,CITÃ‰ ERRAFEH,BOUDRIA RETOUR,12.222019859714013,clear,26.212719167719,festival,30.891199692513638,3,6,19,76.53349051455014,6.118524313431478
2026-05-09T21:45:30.002380,16B,CITÃ‰ RT,EJEDAYDA GARE ALLER,52.111636362713185,storm,39.427671102848095,none,39.28128166580554,2,2,11,42.09083411581062,0.7635620863656936
2026-05-09T21:45:30.002380,43 Retour,Depart,Arrivee,47.10146333794832,cloudy,71.60596417812343,festival,29.95661516918344,6,4,12,48.940854460553425,2.888680139985457
2026-05-09T21:45:30.002380,65,GARE ROUTIÃ‰RE SU,BAB MNARA-ALLER,17.955480325162775,rain,59.63306864622503,none,37.78910997056441,4,6,2,68.0181026366238,8.673428263510793
2026-05-09T21:45:30.002380,635,TERMINUS TUNIS MARINE BUS,DEPOT CHARGUIA,35.93990939224851,clear,12.998085660215796,none,30.367810735328916,6,4,12,19.781401806759526,4.547997498473975
2026-05-09T21:45:30.002380,31 Retour,GOUEZINE 2,CHEBBI RETOUR,11.42982352024108,cloudy,17.39633633177545,match_sport,10.832820871299305,5,2,14,129.13323648997005,18.234990663869397
2026-05-09T21:45:30.002380,26,CROISEMENT YASMINET ROUTE MOURNEG,HOPITAL RÃ‰GIONAL YESMINE,19.97505920024835,cloudy,33.727197937184314,none,8.587298313552143,4,12,19,39.797426135201285,1.668539426329171
2026-05-09T21:45:30.002380,15,SABRA & CHATILA ALLER,MOSQUÃ‰E ELBOR,33.7552425747491,clear,47.78886780430338,none,23.896110721647023,0,5,16,24.435737472724192,5.339174439498433
2026-05-09T21:45:30.002380,6 Retour,EL ANBARIA,10 DECEMBRE,56.45494303459585,cloudy,91.7996275180978,none,34.09808690380636,5,4,19,34.94978596778968,0.9991466591280131
2026-05-09T21:45:30.002380,21A Retour,AVIATION CIVILE,MAALLAH,52.37841302705445,clear,46.0977385667476,none,38.1060193711335,2,11,4,29.92666065421715,7.499062940961085
2026-05-09T21:45:30.003380,73 Retour,Depart,Arrivee,17.61100144753591,rain,26.771020053731633,match_sport,20.856401534234536,6,8,14,77.38992151635624,11.849726992539095
2026-05-09T21:45:30.003380,23E,EPICIER JILANI-ALLER,20 MARS-RETOUR,18.023614529390272,cloudy,67.65388900582177,none,25.901055931919185,3,11,4,110.07136844338284,25.65962882781699
2026-05-09T21:45:30.003380,56 Retour,CHEBBI RETOUR,IMMEUBLE CHEFIA,21.64579148004899,clear,60.677135951714966,foire,36.54027169648939,1,2,13,55.74141667562845,1.971657455896878
2026-05-09T21:45:30.003380,31B,OUED ELMELAH,ERRMILA,21.07643342382107,cloudy,67.8948294124302,marathon,14.766739771270391,6,4,22,81.91012076578988,11.725352446669405
2026-05-09T21:45:30.003380,60A Retour,IBN SINA(SECTION),POSTE POLICE RUE DU SAHEL,16.932739600558698,clear,37.98702782048289,none,11.076010532809548,5,3,13,34.079602677515574,3.987107675181538
2026-05-09T21:45:30.003380,51A Retour,SPROLS MANAR,SOURÃ‰SEA,49.010080029808606,clear,77.5283980896998,none,34.641389463371425,0,12,15,29.768022656371667,0.5369048607522506
2026-05-09T21:45:30.003380,20 Retour,LAHWECHE,CITÃ‰ TAIEB MHIR,38.358525113906765,clear,97.36023035768159,none,29.03867462046966,2,12,4,42.641785131468,7.127772661119571
2026-05-09T21:45:30.003380,10,IMPRIMERIE BOUSLAMA,STOA,41.00200183614421,clear,44.69429597881215,congres,11.561877753586884,5,1,4,25.359718664538782,5.303213916127483
2026-05-09T21:45:30.003380,116 Retour,BARDO,CASERNE BOUCHOUCHA RETOUR,17.360295241518184,clear,61.52629638088596,congres,23.49225639723971,6,7,7,45.08050915874979,1.2273622713925612
2026-05-09T21:45:30.003380,4G,KHAZNADAR-ALLER,L'ARTISANAT-ALLER,54.98630082243695,clear,75.521586259082,none,31.0579859326024,2,5,12,31.656680936464284,0.386784157141415
2026-05-09T21:45:30.003380,52 Retour,TEMINUS CITÃ‰ RIAD,BEN MAHMOUD,38.675816388842264,clear,71.0595051154392,none,30.56349673135717,6,2,4,14.482469448011528,1.2855213398338137
2026-05-09T21:45:30.003380,49 Retour,Depart,Arrivee,35.45862270045775,cloudy,81.65170818518237,none,36.32849468424658,4,2,8,55.43177663549439,4.574940787147801
2026-05-09T21:45:30.003380,43 B,HOPITAL DE NEUROLOGIE RABTA ALLER,TERMINUS RABTA L ( 43B + 43 ),12.442493375475808,clear,60.07204096697753,none,21.157375306989238,6,4,0,24.299349008035893,0.15135844076152782
2026-05-09T21:45:30.003380,39 Retour,KIOSQUE TOTAL,LYCÃ‰E EZZAHRA (SECTION,22.43815804705649,cloudy,62.8494483015024,congres,22.259224178465836,2,1,21,34.852919781018876,1.555564227932324
2026-05-09T21:45:30.003380,460 Retour,KHAZNADAR-ALLER,BARDO,37.48805239701427,clear,15.930758570887924,none,33.415308818733195,4,12,10,5.0,1.4574301472948488
2026-05-09T21:45:30.004380,42B,OUED CHAFROU,STIL,46.49214301589956,clear,42.96464911757709,none,39.605768905818664,0,2,9,34.049211333807854,0.4112648107310921
2026-05-09T21:45:30.004380,90,CAFE BOUTOFFAHA-ALLER,CITE BEN YOUNES-RETOUR,53.26359167722696,clear,79.17365327782113,festival,28.437250469109724,4,5,19,52.116911551110924,1.7121937030880687
2026-05-09T21:45:30.004380,24,CITÃ‰ TRABELS,CEBALET CHEIKH,20.15390240997396,clear,38.369891212365786,none,31.346536169106905,4,1,3,19.764526777830913,2.061354595258919
2026-05-09T21:45:30.004380,34A,BOURAGBA-RETOUR,ROND-POINT SIDI HSIN-RETOUR,55.233158486596466,rain,84.28169915487787,none,36.407882813272096,2,8,23,48.09792205151945,9.193555519955304
2026-05-09T21:45:30.004380,46B,CITE ERRIMEL,TERMINUS LAAJEMA,12.439090879935968,clear,20.931716916408877,greve_transport,20.185403393992406,6,11,22,127.0784533573054,13.972588092936572
2026-05-09T21:45:30.004380,714,SOCIÃ‰TÃ‰ NO,MEDINA JADIDA 1,33.7883754501255,rain,53.78822630379016,none,11.55413077099464,1,6,22,26.70869534513302,2.1518785651531394
2026-05-09T21:45:30.004380,80 Retour,USINE DE CARRELAGE,PASSAGE JEANS JAURES ALLER,23.691423366593863,rain,49.188632231160916,none,35.2846419931099,6,11,15,46.01412870034514,9.261836447831087
2026-05-09T21:45:30.004380,94 Retour,LYCEE EL BATTAN,SONEDE AGBA-ALLER,37.80538364612215,clear,50.04512039513317,none,29.091255851312436,3,2,13,63.087472058959804,27.693650111855327
2026-05-09T21:45:30.004380,248 Retour,Depart,Arrivee,25.796917361159764,clear,90.92387679836546,foire,9.630286093217073,3,7,1,54.867496412288055,2.422664748284868
2026-05-09T21:45:30.004380,86 Retour,PROTECTION CIVILE,FERME LOUKIL,58.142004333866616,clear,93.04422485424068,none,14.723664815711174,0,3,16,26.057102134196647,1.9466684179330684
2026-05-09T21:45:30.004380,261 Retour,Depart,Arrivee,45.53731868893478,fog,58.682037336319546,none,19.482680378702884,3,7,9,63.652059612727165,13.67600619215195
2026-05-09T21:45:30.004380,69,CIMETIERE JALLEZ,PLANNING FAMILIAL CITÃ‰ HELLA,35.18345323565383,rain,34.08701892753247,none,30.046412436429,6,5,4,28.328816427741597,3.5832518500877995
2026-05-09T21:45:30.004380,248 Retour,Depart,Arrivee,40.70242203857663,clear,90.72623435569518,none,38.173919170373296,1,10,15,51.98705456051547,10.89648264834442
2026-05-09T21:45:30.004380,34A,ATTAR-ALLER,LYCEE MORNAGIAA-RETOUR,56.97072311220768,clear,78.35313719617487,none,33.72378819781146,3,8,23,37.09894011738781,16.902853174090886
2026-05-09T21:45:30.005380,27C,JAAFER ESSEBELLE,ECOLE NATIONALE DES PRISONS,10.873889419030238,clear,99.69657358821597,none,38.76014460055407,5,5,3,76.08162040170848,7.508605925155023
2026-05-09T21:45:30.005380,257 Retour,Depart,Arrivee,12.480680309687722,clear,19.400839416088537,none,27.20235721655587,5,1,0,45.933536447823144,7.021454608538358
2026-05-09T21:45:30.005380,410B,HOPITAL HABIB THAMEUR,BOUCHOUCHA-ALLER,22.012899421122732,clear,78.9254999101878,none,15.650683622282045,3,11,2,34.09171530285599,4.493641889986911
2026-05-09T21:45:30.005380,24D,ENTRÃ‰E FOUCHAN,MOSQUÃ‰E RAHM,27.779998117001554,clear,19.76995118076956,none,33.535768703724884,5,11,21,14.154946618741516,2.4634593213935023
2026-05-09T21:45:30.005380,258 Retour,Depart,Arrivee,53.997802096578035,clear,41.53035097613194,marathon,30.648683165079806,3,12,22,50.785595267602815,2.481091427081509
2026-05-09T21:45:30.005380,514A,BIR MNIHLA,TERMINUS CITÃ‰ ELBASATIN,43.02620552830265,fog,91.73979345637761,none,37.6911139790097,4,5,6,53.2924394719222,2.619499113653985
2026-05-09T21:45:30.005380,24F Retour,FERAILLE 2,FERAILLE 1,18.264450154263905,fog,45.10338831345611,manifestation,24.401533389368417,4,6,2,56.397735151377205,0.16555248492707975
2026-05-09T21:45:30.005380,31A,20 MARS ALLER,PONT BIZERTE 2,21.676498118381605,clear,97.52575363447401,foire,35.66021580208192,2,12,5,153.55786630189596,35.04508809456168
2026-05-09T21:45:30.005380,54A Retour,LES ROSES MOUROUJ 1,DISPENSAIRE,47.266945622153166,clear,37.416864006661044,none,26.9922284882784,4,10,13,27.827395360968897,7.3194898083107525
2026-05-09T21:45:30.005380,74,LES ROSES MOUROUJ 1,IMMEUBLE OASIS,56.37829209198273,cloudy,86.47163520946096,manifestation,37.41423548638516,3,7,23,60.01000166856719,0.6016549081119758
2026-05-09T21:45:30.005380,79 Retour,Depart,Arrivee,32.99553018101014,rain,38.65896076752449,none,14.421841372834741,6,12,7,29.25365233093941,2.6371031355092676
2026-05-09T21:45:30.005380,66 Retour,ROUTE CHOUIGUI,FRIGO,12.188651398150675,clear,87.7017645070074,manifestation,19.12883536150343,0,6,15,67.55861885141955,0.34063478470710606
2026-05-09T21:45:30.005380,47 Retour,SHELL SOUKRA,LA POSTE,13.885297459270992,rain,36.34118847105661,none,35.688655130212695,5,12,12,52.49035875478019,4.227046886411813
2026-05-09T21:45:30.005380,250 Retour,Depart,Arrivee,25.686487438233353,clear,49.3445361493403,none,27.278702170966284,1,12,8,50.6604078891604,9.858924339885137
2026-05-09T21:45:30.006380,16A Retour,DOUAR EL BEY,BOUDREYA,16.477548052162014,rain,72.62097300837735,congres,25.12681592908789,6,12,13,81.3045359399777,9.775052490517613
2026-05-09T21:45:30.006380,65 Retour,Depart,Arrivee,28.713932862842704,cloudy,73.5768562571259,marathon,28.22577895306232,1,5,7,97.93312100260091,12.382158301457517
2026-05-09T21:45:30.006380,60A,E.P. KABARIA,RUE 10800 (2),18.90766656230646,rain,79.31302246641593,match_sport,17.3864039813477,1,2,9,78.82684789925752,2.658934325733302
2026-05-09T21:45:30.006380,94 Retour,BORJ KHALSI-ALLER,CITE ENNACER-ALLER,52.4889784713815,cloudy,20.90053679154418,none,37.7570425834226,0,7,15,19.679987886250963,10.059060813521995
2026-05-09T21:45:30.006380,264 Retour,Depart,Arrivee,48.44158266680291,clear,10.202774890205037,holiday,14.741831483211868,0,4,7,42.43074203267892,9.395978284875119
2026-05-09T21:45:30.006380,78,FOYER BARDO 2 ALLER,TRIBUNAL TAAKIB,53.018171296489285,cloudy,42.73326374338685,none,34.93843738209742,5,1,5,23.849359431842245,12.365128891661431
2026-05-09T21:45:30.006380,44,EJJBAL 2,ROUTE LYCÃ‰,48.22426354304779,clear,39.67101058468037,manifestation,9.67203702792386,5,8,23,42.284365764308625,1.580917542281803
2026-05-09T21:45:30.006380,62A Retour,CITÃ‰ 26/2,CITÃ‰ ELLI,15.10613125759098,cloudy,90.62707831490997,none,30.123452928981322,1,6,21,72.73028651816998,10.898851062090213
2026-05-09T21:45:30.006380,410B,L'ARTISANAT-RETOUR,IMPRIMERIE BOUSLAMA,39.18928092352464,clear,95.26638843421709,none,14.94060611964985,5,7,15,50.579698222500014,16.898620797229583
2026-05-09T21:45:30.006380,97 Retour,CROISEMENT SANHAJA,RABATTEMENT KHAIREDDINE MANNOUBA,23.81720036977737,rain,55.63189840470384,none,37.78884094663398,3,9,14,43.31960922400572,2.1488443122899827
2026-05-09T21:45:30.006380,19C/ Retour,CNSS,DJEBEL JELLOUD GP1,39.61244076946755,storm,81.55864561332423,none,12.422644683571466,3,3,15,55.20882332880166,1.9121575328974099
2026-05-09T21:45:30.006380,3AG,KASBAH,TRIBUNAL TAAKIB,30.52923281618956,clear,91.95485946786147,match_sport,24.360774612982322,3,1,22,47.10567567652686,0.4507464119601055
2026-05-09T21:45:30.006380,23T,KSAR HDID,PÃ‰PINIÃ‰RE-RETO,19.934718991349573,clear,38.63330513506517,festival,24.323186309639055,6,5,11,83.68446376432738,21.427774845322347
2026-05-09T21:45:30.006380,21A Retour,MAALLAH,COOPÃ‰RATIVE ERRISSAL,24.014976681949843,clear,94.90424306111932,none,23.412783271396997,3,9,11,33.34329544277804,2.4130428052373585
2026-05-09T21:45:30.007380,116 Retour,GAALOUL,UNIVERSITÃ‰ IBN CHARAF RETOU,11.381414967815076,cloudy,29.61494741586124,manifestation,22.90924353656283,5,5,19,91.23282228079363,7.289728709208607
2026-05-09T21:45:30.007380,39 Retour,ELOULIJA,CITÃ‰ 18 JANVIER TERMINUS 3,27.617834191209575,fog,40.396096020490944,manifestation,20.937862909706848,4,8,1,59.18954526184872,1.119159223947551
2026-05-09T21:45:30.007380,22,SIDI FATHALLAH1,BAB ALIOUA GP1,12.73478363875876,cloudy,20.76782720851501,none,19.183805115405107,0,1,15,31.295940567585593,3.1225262711055386
2026-05-09T21:45:30.007380,88,BAB ABDESLEM-RETOUR,MOSQUÃ‰E ELBOR,22.46395357502758,clear,40.93554718479979,none,21.896463571958968,0,12,5,10.088718690809255,0.4345140226115696
2026-05-09T21:45:30.007380,42B Retour,EL BATTAN,MAASRA,27.79992611276302,clear,54.491449125070936,match_sport,28.626334442241877,3,8,2,43.623194818919615,3.4542972010168307
2026-05-09T21:45:30.007380,58,RABATTEMENT KHAIREDDINE MANNOUBA,CITÃ‰ ELWARD 16,32.97925779250144,rain,55.26362929338605,none,17.663108407739074,2,2,18,51.2032726757579,6.513945900888914
2026-05-09T21:45:30.007882,52 Retour,BEN MAHMOUD,TERMINUS 20B,41.92861039333095,rain,96.57430132531252,festival,21.72325150133878,0,9,6,61.54191064040098,2.7472273031119983
2026-05-09T21:45:30.007882,116,CITÃ‰ RT,DJEDAIDA GARE ALLER,43.885075822207064,clear,39.127975129895106,none,33.52485894958114,4,7,5,13.034746991302601,0.7635620863656953
2026-05-09T21:45:30.007882,250 Retour,Depart,Arrivee,13.195698787652795,clear,20.1722771848206,none,18.99940536664733,5,4,17,30.649168843353678,2.2094143848356778
2026-05-09T21:45:30.007882,53 Retour,Depart,Arrivee,10.616171320834608,fog,19.391650779881253,none,34.960582858408415,0,8,2,41.381806090969846,1.331055214982525
2026-05-09T21:45:30.007882,18C,RESTAURANT LE BOEUF,RUE IRAQ,48.16679401464913,clear,47.15482778045992,none,10.258228432544175,0,2,21,24.153203825947788,4.207779774397529
2026-05-09T21:45:30.007882,20G Retour,MONTPLAISIR,MECHTEL,37.19328166513547,cloudy,38.05364979945638,greve_transport,10.230765572932015,6,1,9,78.47292938165415,2.864247146863452
2026-05-09T21:45:30.007882,410B,SNTRI,BOUDRIA RETOUR,52.85952467480905,rain,83.10505299977524,none,36.66964217136072,2,6,18,61.40697764880422,4.579872741910744
2026-05-09T21:45:30.007882,17,LAC DE RADES,STOA,38.66203311267969,rain,33.700862579072094,congres,8.421542998950265,3,10,6,55.85925176681792,11.770892478178222
2026-05-09T21:45:30.007882,635A Retour,DEPOT CHARGUIA,TERMINUS TUNIS MARINE BUS,42.372411118376206,clear,98.698439185664,marathon,17.484890523731732,1,2,10,68.99383850442707,4.49974361462232
2026-05-09T21:45:30.007882,24H Retour,ZONE INDUSTRIELLE,FERAILLE 2,26.147135046774842,clear,70.22976452338125,congres,24.644832799902687,2,1,19,49.731290050339815,0.6604740155802737
2026-05-09T21:45:30.007882,19C/,STATION BARCELONE,STOA,52.440695722902014,storm,98.7560301178222,none,18.830257717198478,6,6,10,49.57510880558145,4.556557982752494
2026-05-09T21:45:30.007882,247,SIDI BOU SAID,LAHWECHE,44.223111298866115,clear,84.95640552446044,none,39.5911630113462,6,5,12,31.37182489063231,2.127170813118431
2026-05-09T21:45:30.007882,44D/ Retour,CROISEMENT RIADH ANDALOUS,CHARGUIA 2,32.1851267706172,rain,88.20267505036404,festival,28.268421038289937,1,9,16,60.064632689340804,4.06885388106798
2026-05-09T21:45:30.008884,79 Retour,Depart,Arrivee,21.565003653899847,cloudy,54.898877123207846,match_sport,18.007299714153422,2,7,21,72.25837534243026,11.822016604860387
2026-05-09T21:45:30.008884,26 Retour,DZIRI,CENTRE DE COORDINATION OUARDIA,14.145098206203008,clear,57.332964346360384,none,38.84075056832981,1,12,13,89.55850344520792,10.596531036709283
2026-05-09T21:45:30.008884,39,AVENUE DE LA RÃ‰PUBLIQUE ,MONGIL,21.17686930293526,storm,82.23189388711891,none,30.307873191160066,0,2,5,55.82069337550064,0.8862476784471873
2026-05-09T21:45:30.008884,98,STADE DJEDAIDA,DJEDAIDA NOUVELLE,57.24511373775859,cloudy,68.45999689190938,none,38.75117486449837,6,7,2,27.979139322788413,1.2408815259203134
2026-05-09T21:45:30.008884,38B,FOYER OMRANE SUPÃ‰RIEU,TERMINUS OMRANE SUPÃ‰RIEUR L 78 + 38 ,33.76547900255726,clear,87.13201375082929,festival,24.000826934094462,6,8,17,46.970275816038615,0.2784348129868963
2026-05-09T21:45:30.008884,38B,FACULTÃ‰ DE DROI,FACULTÃ‰ DES SCIENCES DE TUNI,56.054695525784915,rain,29.94612933641868,match_sport,38.50246652009936,1,8,2,42.971819912710814,0.3119677448529279
2026-05-09T21:45:30.008884,42,ZEHRA 2,TERMINUS TEBOURBA,48.69465694892421,rain,76.12053122316411,none,28.830858306252654,1,1,11,45.06067077073525,7.223472119586827
2026-05-09T21:45:30.008884,54B,JARDIN D'ENFANTS MOUROUJ 3,MEUBLATEX,34.04774800258864,fog,75.0286797999195,none,22.03563599829798,6,9,5,32.117822066893794,0.6768021452417416
2026-05-09T21:45:30.008884,32 B,STADE MELLASSINE-RETOUR,BAB ABDESLEM-RETOUR,20.440307996443515,fog,10.315643662962504,marathon,31.580861540463427,0,3,8,68.5374715773713,1.7923310323753725
2026-05-09T21:45:30.008884,527 Retour,STEG JEANS JAURES ALLER,JEANS JAURES,32.882111942821595,clear,82.20369995947975,foire,10.631729385239506,6,7,16,36.701599444697266,0.4636469419342575
2026-05-09T21:45:30.008884,24A Retour,MHAMDIA CENTRE,CITÃ‰ EL OUIFAK (GN,37.961355834569986,fog,48.34295645003415,festival,17.170740553732674,1,12,22,47.973485698740795,3.3831951792721036
2026-05-09T21:45:30.008884,3AG,KASBAH,RUE HASEN ENNOURI,56.063735862451885,clear,19.651822624046687,none,12.10808979627199,1,7,11,12.274470413144217,6.58241559743765
2026-05-09T21:45:30.008884,77 Retour,CARRIÃ‰RE NAHL,LES ABATTOIRS,19.05972876350574,rain,24.644682037943564,festival,21.392897496569347,6,5,17,56.1283350529429,5.530762575824987
2026-05-09T21:45:30.008884,26,SONED,BIR EZZANGA,30.384842627463474,clear,42.620451761253996,foire,19.549889036554486,5,6,5,47.87865424635915,9.819598441108093
2026-05-09T21:45:30.008884,81A Retour,CROISEMENT MOUROUJ 3,JARDIN D'ENFANTS MOUROUJ 5,45.20350172835021,clear,22.046850391388986,none,9.441135913808598,6,11,20,13.659016377180997,1.609478393182426
2026-05-09T21:45:30.009962,34A,CENTRE DE FORMATION ZOUHOUR-ALLER,MOSQUÃ‰E BOURAGBA-ALLE,11.868620467865629,clear,44.41679726381005,manifestation,29.81976187284596,2,10,7,143.26218379117103,14.493433874824486
2026-05-09T21:45:30.009962,3A,USINE MY MODE,ARRÃ‰T ETTADHAME,46.01187578418432,clear,91.46409405546089,none,17.52499049172756,1,4,7,38.6725119582906,0.25828925630639077
2026-05-09T21:45:30.009962,54A Retour,LYCÃ‰E SECONDAIRE MHAMDI,CEBALET CHEIKH,45.92667701462242,clear,72.7408492706908,none,12.041772174099652,1,6,14,32.80054894375103,2.6360045535467975
2026-05-09T21:45:30.009962,56,SIDI ALOUI,BAIGNEUR,41.0803298793541,clear,26.29107218144911,none,29.062006798804457,4,2,3,18.454569912559528,7.526364327314927
2026-05-09T21:45:30.009962,18B,EL ANBARIA,FOYER ARIANA,13.656653433427365,clear,46.564487068048095,none,16.128430851229506,0,6,4,25.382645261606672,1.3457392576796283
2026-05-09T21:45:30.009962,70 Retour,Depart,Arrivee,13.037763654499015,clear,59.04762677116207,none,27.929262320101547,0,9,22,53.08898256044234,4.939278849976993
2026-05-09T21:45:30.009962,259 Retour,Depart,Arrivee,19.397885885329416,clear,56.413165897509444,none,35.796281416865185,0,7,19,48.56176061827885,2.169695480671966
2026-05-09T21:45:30.009962,54B,AV EL BORHENE,BRULÃ‰,12.01728793661839,rain,84.63560461705225,marathon,25.463490757460548,3,5,0,105.34763546484345,5.6706248953981415
2026-05-09T21:45:30.009962,45,ENTREE CHOUIGUI,TERMINUS CHOUIGUI,57.554290060758994,clear,10.555914654786868,congres,26.512421961117166,2,10,23,10.6327770361201,0.5350076714366008
2026-05-09T21:45:30.009962,635,AÃ‰ROPORT PÃ‰LERI,AÃ‰ROPORT CARTHAG,13.093580245223071,cloudy,68.72869178782308,none,23.629847767991162,3,8,21,33.427713443473074,0.5958672533491356
2026-05-09T21:45:30.009962,10C,CAFÃ‰ MHEDHB,STATION BARCELONE,13.001297471783293,clear,65.09099131292527,none,10.187992716575515,2,11,21,85.28973725540078,12.608721713811878
2026-05-09T21:45:30.009962,54D,AV EL BORHENE,MEUBLATEX,36.00485952576824,clear,52.822452234006306,manifestation,39.25197960107598,4,11,6,58.574364407818166,3.8018772931170295
2026-05-09T21:45:30.009962,94  Retour,Depart,Arrivee,43.79972520603063,clear,49.93473245830111,none,27.052892383994266,2,4,16,26.403801320128135,8.574406292244332
2026-05-09T21:45:30.010967,29,STATION BARCELONE,BELLEVUE,39.59815343561051,cloudy,86.60175099943147,none,38.31703257703181,6,3,17,50.74064913638317,3.2203245614641034
2026-05-09T21:45:30.010967,23T,KOCHBATI+ALLER,ABDELMOULA-RETOUR,17.973467266041222,cloudy,10.125356006722212,none,35.66995284411084,4,3,10,108.29569181414095,27.63067549032854
2026-05-09T21:45:30.010967,18C Retour,HAMADI ABID,LA POSTE,22.343512326557004,rain,42.99428504012995,none,15.23587672317468,3,6,2,32.21331859687097,3.5162648664402436
2026-05-09T21:45:30.010967,18B Retour,PLACE SALA CENTRE,TOUTA 10 DECEMBRE,53.673480335802665,clear,98.70619544331873,match_sport,13.030827070405532,5,1,9,49.33412804240626,1.6865046006912987
2026-05-09T21:45:30.010967,47,SALAMBO,GOULETTE NEUVE,40.80088959406811,clear,94.782139176684,none,38.71890603878606,5,11,0,37.64957829023031,4.0205730872508205
2026-05-09T21:45:30.010967,54 Retour,CAFÃ‰ AYE,CITÃ‰ JAOUHAR,45.12730864719061,cloudy,51.30325117697609,none,20.997167782535733,6,1,18,27.786170562848948,0.529449972135167
2026-05-09T21:45:30.010967,32A,CENTRE DE FORMATION ZOUHOUR-RETOUR,BAB MNARA-RETOUR,58.146837243984365,clear,58.80299034463885,none,18.344778088914723,1,9,9,33.90959986404126,2.3127593248028333
2026-05-09T21:45:30.010967,460,CITÃ‰ SPORTIV,P.T.T MANOUBA,23.396191451441986,clear,89.02310552224816,none,26.60692111579875,6,11,11,52.805819480555044,11.408066821524203
2026-05-09T21:45:30.010967,74,MONOPOLES,HAMMAM LACAGNA,17.32137033040397,clear,75.31959704304141,none,35.224982884573684,2,2,19,56.49885937018148,1.3326305024387723
2026-05-09T21:45:30.010967,61 Retour,Depart,Arrivee,34.41994293578559,cloudy,85.24525513762313,none,36.33656703564873,4,12,3,44.66712823012015,3.448387143264477
2026-05-09T21:45:30.010967,58,CROISEMENT SANHAJA,CITÃ‰ ELWARD ,31.288909250552805,fog,71.47723726419744,none,31.313213754222925,1,4,8,59.00747254643905,3.3274940389087275
2026-05-09T21:45:30.010967,20A,PLACE DES DROITS DE L'HOMME,CHARGUIA,36.08013929125292,clear,75.09865167646949,none,11.575176490962285,1,2,20,24.097846066625756,3.5431335612061643
2026-05-09T21:45:30.010967,86,FERME LOUKIL,AMEN BANQUE,52.17452402634761,storm,55.751869414637646,none,15.77771172775434,5,4,20,31.59634717892888,1.420310916892451
2026-05-09T21:45:30.010967,27A,ECOLE ABU EL KACEM ECHEBI,TERMINUS CITÃ‰ EL GHAZEL,33.37584893903626,clear,59.67424425219933,none,11.042812107953164,5,3,9,21.800160025842015,0.1779344949318542
2026-05-09T21:45:30.010967,33B,BEN DAHA-RETOUR,JARDIN THAMEUR,10.586155884834632,clear,99.77635008252723,none,30.255121117314392,2,12,11,85.33581700760796,8.003241907715397
2026-05-09T21:45:30.011975,25,BARROUTA,BAB ALIOUA L10-25(A-B-C-D),19.7866054157117,cloudy,78.05108529526265,none,13.948768839547473,2,10,8,107.81756966845408,21.665628191826865
2026-05-09T21:45:30.011975,92,TERMINUS L92,GOUVERNORAT MANOUBA-RETOUR,37.55985939959105,rain,58.75272456292498,none,22.243154332716337,2,7,22,32.37689301039476,1.55639606254771
2026-05-09T21:45:30.011975,39 Retour,CENTRE RADES,BIR ETTARRAZ,11.858305642214264,rain,54.51643571714488,congres,18.356207911708676,4,4,11,56.04198316436894,1.311549947378343
2026-05-09T21:45:30.011975,29,DÃ‰LÃ‰GATION ELOUARD,HAMMAM BELLEVUE,47.6247742265843,cloudy,85.48329399287648,none,18.205478140239247,2,9,3,29.852215131783957,0.08378591557556181
2026-05-09T21:45:30.011975,24H Retour,RUE MONGI SLIM,GARDE NATIONAL FOUCHANA,32.32638947925972,clear,23.12444657762272,none,33.52807840306882,0,2,23,17.674526681913076,3.800992528484359
2026-05-09T21:45:30.011975,65,KHAROUBA-RETOUR,BAB MNARA-RETOUR,35.845035770521456,clear,37.17312559705572,none,30.50744673513152,1,5,9,32.92457563313825,2.4677723407381773
2026-05-09T21:45:30.011975,25C,CENTRE DE COORDINATION OUARDIA,COLLÃ‰GE MOUROUJ ,16.74581443068165,clear,71.41860065026826,none,27.323870547894817,0,12,3,69.23275989275443,11.193517464817297
2026-05-09T21:45:30.011975,20 Retour,LAC PALACE,MONTPLAISIR,39.85295660394312,clear,91.80150856961475,none,16.248546419363894,1,8,6,34.503510344686724,4.332900397027004
2026-05-09T21:45:30.011975,54,CENTRE CHALLAKH EL MOUROUJ 4,IMPRIMERIE OFFICIELLE,15.253972277830194,clear,65.34098640143542,none,26.243322962885554,2,8,20,61.455445532450284,8.439923089801256
2026-05-09T21:45:30.011975,265 Retour,Depart,Arrivee,41.31882981627571,storm,12.789332194675133,festival,8.847362497697386,4,9,22,63.00170115944347,6.987664644109522
2026-05-09T21:45:30.011975,57A Retour,ARRÃ‰T BRICORAM,KIOSQUE,19.17912218500175,fog,22.61638982840894,festival,38.70224506172819,2,5,20,57.611924343114566,4.36767327821924
2026-05-09T21:45:30.011975,64 Retour,GARE ROUTIÃ‰RE NORD RETOU,ECOLE PRIMAIRE,10.41306233150502,cloudy,37.571717926724446,none,24.994156251731123,5,2,9,129.8248751122075,16.87614247680071
2026-05-09T21:45:30.011975,33A,ECOLE ZOUHOUR4-ALLER,MOSQUÃ‰E ELBOR,52.62633348477494,cloudy,69.65298426247884,none,19.64742847672744,6,8,3,50.6293593188628,28.98227217748092
2026-05-09T21:45:30.012967,53 Retour,Depart,Arrivee,24.485795959215874,rain,64.77787079117437,none,27.015908767155928,3,1,2,63.27176143788341,12.512733883098997
2026-05-09T21:45:30.012967,95 Retour,MOSQUÃ‰E AVENUE CHEBB,INEPS,54.869595887015116,clear,64.57946732193835,none,14.492196332220509,0,10,20,17.939969563607587,2.150911962319398
2026-05-09T21:45:30.012967,24D,CITÃ‰ EL HIDHA,FERME GAMMOUDI,14.439655370845463,clear,26.57323583062452,festival,32.95828425604205,6,3,11,33.10541696405796,2.2640176390714997
2026-05-09T21:45:30.012967,81A Retour,CITÃ‰ EL FAOUE,JARDIN D'ENFANTS MOUROUJ 5,51.04458675206648,cloudy,29.296352496756327,none,19.225142919890892,2,4,23,12.646246416028532,0.6622617511447073
2026-05-09T21:45:30.012967,19A,CAFÃ‰ AYE,STOA,46.04048312871417,clear,42.39611200607005,none,16.939345757887168,3,3,3,15.246628108427434,1.9456021511324249
2026-05-09T21:45:30.012967,36,TERMINUS MINISTÃ‰RE DES AFFAIRES ETRANGERES ( L 36 B ,PLACE PASTEUR ALLER,13.48863753014666,cloudy,21.723334844776748,none,15.87419551910737,5,9,5,24.801662872407594,1.8711379212818517
2026-05-09T21:45:30.012967,38B Retour,PLACE PASTEUR ALLER,STEG JEANS JAURES ALLER,24.199186165990696,rain,37.64536274471525,none,24.63386746302746,2,8,4,25.230451395119168,2.0006360993440326
2026-05-09T21:45:30.012967,6B Retour,ARIANA SUPÃ‰RIEU,EL ANBARIA,37.84227562677987,rain,94.28985452070793,none,17.23965831890095,6,10,22,32.73018447154347,0.5628550622763612
2026-05-09T21:45:30.012967,81B,CITÃ‰ AF,AV EL BORHENE,49.22344241230032,cloudy,91.02874161861641,none,26.311016056166665,5,1,1,23.30640884406531,0.345659726428861
2026-05-09T21:45:30.012967,33C,COFAT,BAB ABDESLEM-RETOUR,32.20278796464562,fog,79.92737262052356,none,37.749365572899514,3,8,14,69.95885934332564,8.583376437980867
2026-05-09T21:45:30.012967,21B Retour,CROISEMENT AHMED ZAIED,STATION DE BUS MORNAG,15.466674150886918,clear,97.15069219062755,none,35.01987584630707,2,5,7,71.55301135685767,4.410589406498948
2026-05-09T21:45:30.012967,20G,STADE RAJET HAIDER,TEMINUS CITÃ‰ RIAD,42.15182954100772,cloudy,80.32409322489059,none,30.71963347739418,4,6,20,34.127833088697614,2.7512253488773943
2026-05-09T21:45:30.012967,264 Retour,Depart,Arrivee,37.167803041881456,clear,61.32596006886274,none,15.422904276502148,6,4,22,25.14412938658809,10.432988399029199
2026-05-09T21:45:30.012967,18,HAMADI ABID,RUE AÃ‰ROPOR,24.685584389211094,clear,25.255384531669364,none,13.7153441395098,6,12,19,21.503647710058647,1.4519277401444262
2026-05-09T21:45:30.012967,31A,20 MARS ALLER,GOUEZINE 1,31.796331097082195,fog,36.62395653933779,match_sport,13.050139919435725,2,10,3,73.62742853196491,16.058312892369035
2026-05-09T21:45:30.013967,19G,MÃ‰DINA JEDID,MOSQUÃ‰,51.22779391863547,cloudy,98.2677655363886,none,10.85458629681429,1,8,16,29.269855809292164,1.2382971308828026
2026-05-09T21:45:30.013967,18C,RESTAURANT LE BOEUF,MOSQUÃ‰E SIDI FRA,32.78375635324447,clear,31.184082106154616,none,13.777930364830127,5,6,11,13.282470205815393,2.0927322929100507
2026-05-09T21:45:30.013967,77,SABALET BEN AMAR,ARRÃ‰T EL KAAB,10.460904475027862,cloudy,46.04596626499295,none,22.30972930964621,3,3,4,83.23924692860354,9.44255385927476
2026-05-09T21:45:30.013967,17A Retour,LES BUNGALOWS,CASINO RADÃ‰,42.16155013304834,clear,10.480290482714139,none,28.838013585617457,5,5,5,6.754605700059116,1.1185752275929133
2026-05-09T21:45:30.013967,3A,SIDI ALOUI,CHEBBI ALLER,46.38350773013727,clear,99.07857560728613,none,10.861005791470784,1,7,12,43.37861714922348,3.9533079773859856
2026-05-09T21:45:30.013967,54A Retour,AMEN BANQUE,CITÃ‰ ZITOU,27.541240675992974,clear,63.598012804511136,none,21.58635421585933,6,10,2,20.155850049076786,3.109791434375591
2026-05-09T21:45:30.013967,527,SALON BADER,MAGAZIN AZIZA,11.273821313472839,cloudy,31.207056134543187,none,10.921654611415434,0,3,8,38.43642865788656,0.8392914780379126
2026-05-09T21:45:30.013967,22,CELLULOSE (SILOS),DUBOSVILLE,56.38826993443427,clear,28.36529578886676,none,19.18504130813064,4,5,11,10.321897404905775,5.333528041322587
2026-05-09T21:45:30.013967,527 Retour,MOHAMED V,STEG JEANS JAURES ALLER,47.64463501227431,storm,66.93288188310629,festival,38.18371032313148,0,3,4,73.60587043163895,1.268686482256129
2026-05-09T21:45:30.013967,14C,LYCEE CITE ERRAFEHA,TERMINUS CITÃ‰ ELBASATIN,36.27798475869295,storm,64.52873178117011,manifestation,24.46327196402229,2,2,4,84.82422854792186,3.8940038354165534
2026-05-09T21:45:30.013967,60G Retour,FACULTE 9 AVRIL ALLER,KASBAH,35.84403369868389,cloudy,27.443270301267543,none,32.28259420913396,1,4,4,8.208934172764387,0.44827490983594487
2026-05-09T21:45:30.013967,54D,BNA BEN AROUS,PROTECTION CIVILE,25.413055945134587,rain,69.94106121485677,congres,16.70637299274931,0,1,22,53.488543233568464,2.3115514960529984
2026-05-09T21:45:30.013967,27C Retour,ORANGE,LA POSTE,45.8883667350987,rain,77.79571118115439,festival,9.508200054102495,4,4,17,76.70222005918616,5.9368467524399655
2026-05-09T21:45:30.013967,91,CITE HASSEN BELKHOUJA2-RETOUR,CITE HASSEN BELKHOUJA1-RETOUR,40.57277225264432,clear,77.98439091759101,none,39.858227886218884,3,4,3,33.93503688805442,0.24169039453364727
2026-05-09T21:45:30.014972,38C,PATISSERIE BEN YEDER,MERCURE,34.45602474962545,clear,68.70188628986749,none,39.15274573788062,0,2,22,44.46362565313839,8.261018794687576
2026-05-09T21:45:30.014972,21A Retour,AVIATION CIVILE,EL HOUEMED 2,36.06448490521397,clear,71.16649270227967,none,32.11030323952592,0,9,19,47.168579948586306,5.979262727361359
2026-05-09T21:45:30.014972,23/,ENTREE FEJJA-ALLER,ECOLE FEJJA-ALLER,19.265289800490535,clear,84.24071264879194,none,11.472716913923104,3,9,12,33.40566710639972,1.1982601314796906
2026-05-09T21:45:30.014972,16/ Retour,CHAMP DE COURSE KSAR SAID RETOUR,CHEBBI RETOUR,52.90536460580546,clear,78.13716969385513,foire,31.72473395717369,6,4,6,33.37188815342093,1.60249457177901
2026-05-09T21:45:30.014972,253 Retour,Depart,Arrivee,51.91520078143618,storm,22.221026041862114,none,37.99270737501662,3,8,6,45.595444206659195,9.682556841263352
2026-05-09T21:45:30.014972,50 Retour,Depart,Arrivee,20.52667054543815,storm,80.27951779069153,none,11.5542264694007,0,8,1,61.37034440161898,3.8409554957436107
2026-05-09T21:45:30.014972,74B,POSTE POLICE RUE DU SAHEL,JARDIN D'ENFANTS MOUROUJ 3,31.79740740201576,clear,80.09178002624165,none,20.68893769059949,3,1,14,42.85224519132168,7.321973486551281
2026-05-09T21:45:30.014972,60 Retour,LA CAGNA (SECTION),MONOPOLES,26.880683981066753,storm,53.69529779391043,none,15.094116297407641,4,3,22,45.577889475485605,0.9793018026395535
2026-05-09T21:45:30.014972,20B,CITÃ‰ TABE,CITÃ‰ EL HABI,39.525465026123044,cloudy,35.03482444068072,congres,10.459242807637786,0,8,15,31.525905139803058,2.6754640113470174
2026-05-09T21:45:30.014972,14C,ETTAHRIR SUPÃ‰RIEU,CAFÃ‰ SIRIN,18.654740197975396,clear,60.41489414907644,none,37.315826669879456,1,5,12,58.438815767672025,5.457973545317203
2026-05-09T21:45:30.014972,85 Retour,CHEBEDDA 25 A,BRIQUETERIE TUNISIENNE,11.516563630691342,rain,56.16114876042519,none,33.78555148503678,1,1,9,59.84152944009057,1.5876418272482304
2026-05-09T21:45:30.014972,20A,DAH DAH,EZOIDIA 20A,22.784137023119275,rain,83.47738456731457,none,23.168085798872852,6,4,16,45.713173108608174,6.698840140761865
2026-05-09T21:45:30.014972,29 Retour,BELLEVUE,AVENUE DE LA GARE,51.089458963642414,clear,71.07344983758327,none,21.026783906319665,3,9,19,36.66682295973861,2.6307929592385593
2026-05-09T21:45:30.014972,14CG Retour,INTILAKA,NOGRA,58.10561785008211,clear,96.37425398202011,match_sport,30.99084358619837,2,5,10,45.5181492400992,0.5823122768065521
2026-05-09T21:45:30.015966,20,NACER,SIDI ABD AZIZ,49.71653276326832,rain,48.98382359044925,none,29.858474173640914,2,9,3,28.766237376035804,0.35637898124841527
2026-05-09T21:45:30.015966,51A,AMBASSADE IRAQ,TERMINUS 5D/ 51A,17.266407099487804,cloudy,72.29925333344659,none,24.44934963696836,5,3,21,41.054617198096416,5.806830425333032
2026-05-09T21:45:30.015966,24A Retour,DISPENSAIRE,CITÃ‰ EL HIDHA,36.57769208260724,clear,29.873287675631122,marathon,39.57520210148952,3,4,11,63.00514772690998,3.1879740748291425
2026-05-09T21:45:30.015966,3A Retour,RELAIS BARDO,SIDI ALOUI,50.27475489833003,clear,47.76875292208148,none,37.052730239041836,4,1,3,20.801475287178686,3.701885672549301
2026-05-09T21:45:30.015966,5C,LYCEE MENZEH6,MENZEH 6,41.97629416089758,clear,52.13482111064063,manifestation,13.279426027096932,3,10,16,50.08199900810572,0.4638998354561519
2026-05-09T21:45:30.015966,6P Retour,CITÃ‰ ELLI,PATISSERIE BEN YEDER,55.85510088689183,clear,37.19301515639564,none,37.689291886845645,1,12,8,36.24731373610073,4.677935940792212
2026-05-09T21:45:30.015966,26C,BIR EZZANGA,STATION DE BUS MORNAG,46.67823224816076,fog,14.246777355603376,none,28.588944938849995,0,6,13,32.12347772743526,3.1324052963237357
2026-05-09T21:45:30.015966,22A,YASMINET CENTRE,CAFÃ‰ FOLL,18.816713634558447,cloudy,43.96934918428975,none,14.269998676244708,3,3,3,32.22094939198736,5.097353501453461
2026-05-09T21:45:30.015966,50 Retour,Depart,Arrivee,58.79402352741067,cloudy,50.29689758936311,none,39.065861117348405,1,9,23,23.03299459208613,3.711647181029519
2026-05-09T21:45:30.015966,98 Retour,SIDI TALEB 16D,POMPAGE,42.75054970416315,clear,93.45282015488853,holiday,28.76572162087678,4,3,14,56.489714968731974,5.103436021883697
2026-05-09T21:45:30.015966,45 Retour,ENTREE CHOUIGUI,FRIGO,56.329516885278025,cloudy,55.96904088425758,congres,36.37657742678957,1,4,17,53.88526885723298,1.8306882567360852
2026-05-09T21:45:30.015966,26B Retour,STOA,AVENUE DE LA GARE,25.03839660170303,clear,26.685964096881584,none,17.325323895883827,2,11,2,17.582012944875263,4.027875714519702
2026-05-09T21:45:30.015966,44 Retour,METHALI,CAFÃ‰ MARAY,28.087592836673355,clear,38.30063740573556,none,28.624281417034165,0,10,9,60.714216763251486,17.14497690062759
2026-05-09T21:45:30.015966,72 Retour,INEPS,FOYER BARDO 1 ALLER,22.565436196262315,rain,86.27156802233344,none,37.685366695954436,2,6,21,54.56188065492419,4.385879570028247
2026-05-09T21:45:30.015966,26A,OUED MELIANE L(26A-B-82),CITÃ‰ BEL AI,27.812917020555137,fog,21.045445378553943,none,25.1972266200007,5,12,2,38.113103789392056,8.605908719464267
2026-05-09T21:45:30.015966,38C Retour,LES JARDINS D'EL MENZAH1,JEANS JAURES,24.269978872293375,fog,64.40858026770431,none,14.034389170898649,0,4,0,54.044388087303474,9.281798608758127
2026-05-09T21:45:30.015966,15 B,MIZANETTA-ALLER,CASERNE EZZOUHOUR RETOUR,40.678423517606525,cloudy,66.70436382275045,none,29.913007417676024,4,6,2,24.227536710828126,0.6601451297824319
2026-05-09T21:45:30.015966,95 Retour,IBN JAZZAR MANNOUBA ALLER,POSTE POLICE MANOUBA-ALLER,41.078461325587384,rain,53.50915518761989,none,23.6141401256123,3,10,8,46.410649949471875,0.6459730082147779
2026-05-09T21:45:30.015966,6,LYCEE ARIANA,SIDI SOUFIENE,17.0196141931631,clear,14.350861579425136,none,13.629099711920784,4,10,1,12.307201472969737,2.963400788383643
2026-05-09T21:45:30.015966,76 Retour,Depart,Arrivee,52.517283073343314,cloudy,58.825443580605445,festival,8.959700408326395,2,6,16,41.039363232561236,2.3747603204829764
2026-05-09T21:45:30.015966,75 Retour,PROTECTION CIVILE,GAALOUL,19.041000519560406,cloudy,54.25072950591311,none,24.701994395758117,0,2,16,54.801898618023166,12.518482676133019
2026-05-09T21:45:30.015966,69,RUE DES MARTYRS,CITÃ‰ DES MARTYRS 6,31.079047425045736,cloudy,16.75020808228103,manifestation,11.140985512769106,1,12,19,50.090415015510615,0.4338799231845032
2026-05-09T21:45:30.015966,96,RABATTEMENT KHAIREDDINE MANNOUBA,CITÃ‰ SNIT MANOUB,11.0923698444815,cloudy,99.74578633900906,marathon,17.920813867881108,1,8,22,76.2302430580476,0.22039162944046367
2026-05-09T21:45:30.017552,31 Retour,CHOCO TOM,GAALOUL,10.436553786619399,rain,95.68466530160163,festival,35.26199669600779,2,1,1,113.18351170520907,6.9248073843677
2026-05-09T21:45:30.017552,57 Retour,Depart,Arrivee,12.622007529247005,cloudy,62.490781242877574,none,38.61290372161383,4,9,13,101.37324393745479,10.22410669701938
2026-05-09T21:45:30.017552,250 Retour,Depart,Arrivee,31.27380533508886,clear,78.33423557175021,none,29.72782336785083,1,8,4,39.9046792650266,10.104211038109009
2026-05-09T21:45:30.017552,3AG,CAFÃ‰ EL HAJ ALLE,BORTAL 3A,31.872445971241746,cloudy,50.82139174807045,match_sport,28.471615916107982,0,5,16,42.04518335930788,3.0690236972040683
2026-05-09T21:45:30.017552,44C Retour,KIOSQUE AGILE,MNIHLA,23.299056472834373,clear,75.07005111624927,none,11.026132046495146,4,10,21,38.49856521754291,5.212296770451079
2026-05-09T21:45:30.018560,17A Retour,SOUK RADES,MONGIL,56.10611384133561,clear,93.93528075999386,none,20.46702540775959,4,12,20,29.332721549222278,1.8712030782557036
2026-05-09T21:45:30.018560,5D,CENTRE IKRAM,HEDI NOUIRA,15.691729593795841,fog,71.46604503668233,none,35.88001774128422,6,12,7,60.26904762357841,1.331254814341416
2026-05-09T21:45:30.018560,51A,MINISTÃ‰RE DE L' Ã‰QUIPEME,SOURÃ‰SEA,38.38760345641107,fog,64.01059839713213,none,8.223877935247575,5,4,23,29.87016467951063,1.6314876123001767
2026-05-09T21:45:30.018560,57 Retour,Depart,Arrivee,50.03655614711909,fog,77.32405795167607,none,20.524105394913352,5,12,15,35.37325658385561,8.161852699934602
2026-05-09T21:45:30.018560,24E Retour,FERAILLE 1,RABATTEMENT MOUROUJ 2,47.651492397494884,cloudy,62.97311125398457,foire,38.59009879352772,4,5,6,45.49007637246164,1.4968421142326722
2026-05-09T21:45:30.018560,38C,PLACE JEANS DARK ALLER,LES JARDINS D'EL MENZAH1,20.135353977092095,fog,77.99572688727662,none,33.821075831147965,5,5,17,68.22751806237868,7.370854281897123
2026-05-09T21:45:30.018560,256 Retour,Depart,Arrivee,38.12301717289928,cloudy,85.49796631688835,none,8.46873366413745,1,5,12,60.0840631043766,8.546549877217288
2026-05-09T21:45:30.018560,14C,USINE LAZREG,TERMINUS CITÃ‰ ELBASATIN,24.8982930710168,clear,50.1805082000227,none,37.767159500531264,0,5,9,41.93380562293118,0.5637806876904374
2026-05-09T21:45:30.018560,52,CITÃ‰ EL HABI,SIDI ABD AZIZ,56.61314682710185,clear,64.39155726736195,none,17.442085126928113,6,5,14,23.297508291349725,3.5316485670424367
2026-05-09T21:45:30.018560,31A Retour,PONT BIZERTE 2,MOSQUÃ‰E OUED ELLI,56.20147299349721,clear,46.9134599205325,none,10.595669480035948,3,9,20,36.868296792008266,23.936927606847398
2026-05-09T21:45:30.018560,16A Retour,CITE EL BOSTANE,CHOCO TOM,50.79436796394935,clear,68.34100456706736,foire,22.33780311700487,6,8,1,27.853678006526287,1.3020330962230844
2026-05-09T21:45:30.019646,635 Retour,PLACE SALA CENTRE,FRETTE,10.034523724102463,fog,89.77265737104896,none,11.916120517619454,5,12,9,80.91486136554254,4.818982612041627
2026-05-09T21:45:30.019646,66B,ENTREE CHOUIGUI,CITÃ‰ EL AYAR,39.10473495664964,clear,15.544622283891574,none,31.835505028582414,3,1,6,32.483764038037215,18.03989909304647
2026-05-09T21:45:30.019646,14C,OMRANE SUPÃ‰RIEUR ALLE,BIR MNIHLA,12.166373886484518,clear,57.71968235805175,none,35.905381820015805,4,4,21,55.67977663149744,3.256798291468389
2026-05-09T21:45:30.019646,81 Retour,Depart,Arrivee,51.98349666689486,clear,95.1761561425672,marathon,15.485319815780606,2,1,13,78.21659773286072,10.491278371975124
2026-05-09T21:45:30.019646,88,CITE ELWAHA-RETOUR,BOUCHOUCHA-RETOUR,40.52146463397034,fog,56.627821506651124,festival,37.342734466981696,0,11,2,66.21626556756539,7.287138112571425
2026-05-09T21:45:30.019646,46B Retour,PISCINE,TERMINUS TEBOURBA,32.25205375287659,fog,69.23835910847018,festival,33.149968238382414,6,4,23,45.56733084574914,0.30030608491919253
2026-05-09T21:45:30.019646,59 Retour,Depart,Arrivee,28.795759659265403,clear,28.243860247362143,match_sport,13.167651369272729,6,1,6,25.966600363022557,4.212247779077478
2026-05-09T21:45:30.019646,14A Retour,SIDI ALOUI,ALI BALAHOUAN,48.66789408051541,clear,18.32768447693128,none,25.53396851717545,0,9,8,17.760731004768065,0.4982772051826396
2026-05-09T21:45:30.019646,58 Retour,CITÃ‰ ELWARD 16,P.T.T OUED ELLIL,36.694086243987016,cloudy,34.027245274487015,marathon,8.779778965093222,2,4,0,52.3966804420548,2.5279912052294105
2026-05-09T21:45:30.019646,61,ABDELMOULA-ALLER,MOSQUÃ‰E MORNAGIAA-RETOU,24.539474931084953,cloudy,89.58925787171407,none,13.934064621098866,2,6,7,95.36277471499912,19.145433153716578
2026-05-09T21:45:30.019646,16/ Retour,IMMEUBLE CHEFIA,BAB LAASSAL,18.16633112685706,cloudy,36.2972009584583,none,21.1829245026021,5,1,19,34.62302402706491,1.5634694434012317
2026-05-09T21:45:30.019646,6 Retour,FOYER ARIANA,LA POSTE,44.657690660910745,clear,91.65906421946863,none,31.425999069133795,4,4,18,45.02808060432145,0.7076839762425999
2026-05-09T21:45:30.019646,62 Retour,NAHLI 2,ARRÃ‰T BAB HADI,49.7497180601549,storm,39.83944911683939,none,21.279774345003304,4,11,14,56.20966350667279,6.540997958689307
2026-05-09T21:45:30.020643,75,STATION BARCELONE,YASMINET CENTRE,58.812689198806495,storm,84.4897008236078,none,22.131268497338322,5,2,7,58.96902593992978,8.138171937097628
2026-05-09T21:45:30.020643,25C,KIOSQUE MOBIL BEN AROUS,CENTRE BEN AROUS,13.640599606243045,rain,72.21764285603034,none,28.70836423079882,5,4,5,53.36899187483736,5.397869236955669
2026-05-09T21:45:30.020643,20A Retour,BANQUE DE L'HABITAT,MAISON BLANCHE,41.81838776358866,cloudy,21.803429335731412,none,14.294177227330003,2,1,8,27.01046838357417,0.42493855176693884
2026-05-09T21:45:30.020643,5C,CITÃ‰ SPORTIV,10 DECEMBRE,22.315261221197805,clear,77.21218830617812,none,13.896493968826523,6,1,6,20.355478213167384,0.3979291705295287
2026-05-09T21:45:30.020643,10B,BATA,LYCÃ‰E IBN MANDHOU,57.15106358502534,clear,65.36040473560158,none,23.20242823714055,4,11,22,22.46984889915596,3.14556947246762
2026-05-09T21:45:30.020643,16,BEJAWA 2,TERMINUS 16,11.68839678422935,clear,12.318075256652019,none,18.428152337762732,4,3,22,62.694892138424784,9.327041116009982
2026-05-09T21:45:30.020643,74 Retour,CENTRE CHALLAKH EL MOUROUJ 4,HAMMAM LACAGNA,47.73059903109426,rain,53.241030241703776,none,32.97763623195132,4,7,13,44.26830874255024,8.52114172463018
2026-05-09T21:45:30.020643,23F,MESSAADINE-RETOUR,20 MARS-RETOUR,18.105305485578047,clear,76.48971337538427,none,37.46446462825399,4,4,1,87.80669473583612,16.302117388440692
2026-05-09T21:45:30.020643,261 Retour,Depart,Arrivee,12.528166205298621,cloudy,36.40690966497906,foire,33.42918160173771,2,2,13,53.92701359209004,1.2873396561872956
2026-05-09T21:45:30.020643,20B,CITÃ‰ ESSALE,CITÃ‰ EL HABI,11.881549207593803,cloudy,53.981609030982185,match_sport,35.70156423534223,6,3,20,85.29674957337522,7.1830917100529454
2026-05-09T21:45:30.020643,24D,HUILERIE BEN SAIDAINE,BRIQUETERIE TUNISIENNE,24.887590785286037,cloudy,45.06195518012784,match_sport,8.51812753847404,1,7,11,40.33962143517126,0.5516505048439555
2026-05-09T21:45:30.020643,65 Retour,Depart,Arrivee,22.452455291788937,cloudy,69.25360002499991,none,38.3263643525084,4,5,6,57.27612316441498,9.172079834381119
2026-05-09T21:45:30.020643,88 Retour,Depart,Arrivee,52.227384127689525,fog,76.35252705047178,none,38.761356528317904,0,11,15,49.41423302449432,5.3799863997410755
2026-05-09T21:45:30.020643,248 Retour,Depart,Arrivee,42.54666580123869,cloudy,72.00768664380077,none,24.949920223475623,1,5,21,38.131464989933356,11.123907108455171
2026-05-09T21:45:30.021643,67 Retour,Depart,Arrivee,56.447914398878574,storm,10.01828486749603,greve_transport,11.227863029715056,2,1,6,94.76091802702688,5.902584408687082
2026-05-09T21:45:30.021643,62A,LYCEE ARIANA,CITÃ‰ 26/2,38.15385475237356,cloudy,49.057603119442064,none,23.37730743327453,0,3,11,33.24558952300594,12.711511019989985
2026-05-09T21:45:30.021643,54A,INSTITUT ENNOUR,CITÃ‰ COMMERCIAL,55.54952433115825,rain,85.80170251681312,manifestation,37.456908686299755,6,3,0,62.204896666244586,7.663242405699345
2026-05-09T21:45:30.021643,16B Retour,DHNIBA,STADE DJEDAIDA,42.61418258510924,clear,65.46972753254833,none,17.956101847181536,4,10,8,47.78604434932788,8.600184897839696
2026-05-09T21:45:30.021643,82,SOFOMECA,USINE DE TOMATE,10.864676637168637,rain,86.14305743408082,none,15.330498351392343,4,8,23,76.59270171098441,5.353838436719839
2026-05-09T21:45:30.021643,5,TERMINUS TUNIS MARINE BUS,JEANS JAURES,30.40485561480026,rain,73.05859762207712,congres,21.71683016164327,6,4,15,37.972293299178716,0.5937883565173392
2026-05-09T21:45:30.021643,24A,CITÃ‰ EL HIDHA,FOUCHANA CENTRE,38.627597297862664,fog,73.36559163558886,manifestation,32.612161164919016,6,10,1,55.265812773667164,1.4105834378793762
2026-05-09T21:45:30.021643,3AG,KASBAH,CHARLE NICOLE-ALLER,33.28340882580754,clear,10.39077349848516,none,19.447701503104636,5,3,13,9.096477480017885,0.8298359666271975
2026-05-09T21:45:30.021643,21,SIDI SAAD,LYCÃ‰E KHLEDI,43.13801923644728,cloudy,44.30124700997857,none,14.778138062293607,0,8,22,30.11486287829009,8.46035105733454
2026-05-09T21:45:30.021643,514A,CENTRE IKRAM,CAFÃ‰ SIRIN,21.034170912168562,cloudy,92.32157488559692,none,31.977233330278988,1,12,6,44.158602371547026,5.781411925227435
2026-05-09T21:45:30.021643,44B Retour,LYCÃ‰E SIDI THABE,INTILAKA,56.47984083713758,cloudy,68.09116755850769,none,16.461910078573673,5,9,2,33.08026364539658,15.23536538151765
2026-05-09T21:45:30.021643,31B,CHORFECH 3,ERRMILA,51.681479972864814,cloudy,32.00172384079865,none,27.903034749024144,4,3,13,33.075094427288796,15.00242769378275
2026-05-09T21:45:30.021643,44A Retour,EJJBAL,RÃ‰SERVOIR D'EA,17.029384796859144,clear,47.899350548722005,match_sport,19.50293222850278,4,5,23,40.89886644828961,0.33980206622765063
2026-05-09T21:45:30.021643,59A,MONOPOLES,LES ROSES MOUROUJ 1,49.84384054132556,clear,59.923570139877086,match_sport,26.553279124118635,0,3,23,47.63481341734269,5.278219522529059
2026-05-09T21:45:30.022644,42 Retour,Depart,Arrivee,15.50255002321494,cloudy,82.94242052554554,none,18.564723948047654,2,12,5,70.93125197857303,9.833846656329857
2026-05-09T21:45:30.022644,78,BAB JDID-ALLER,OMRANE SUPÃ‰RIEUR ALLE,33.717152543337775,rain,69.33995832614357,match_sport,11.696697791334074,2,3,3,66.96249903330053,8.806474985181852
2026-05-09T21:45:30.022644,36 B,TOUTA BARDO,14 JANVIER 2011 ALLER,19.310029956312114,rain,36.99006746869019,none,8.448208050323732,4,9,15,36.235069904423014,2.2479981453954734
2026-05-09T21:45:30.022644,31C/,GEANT,CHORFECH 3,57.69681243627469,clear,92.94778773051193,none,11.577528058254664,4,9,2,39.51087274900159,13.068481242697128
2026-05-09T21:45:30.022644,24/,LE SOUK DES VOITURES,CITÃ‰ EL OUIFAK (GN,46.57824714337864,cloudy,89.01722356339285,none,9.840630075683695,1,11,8,55.77754042282962,4.126182297596536
2026-05-09T21:45:30.022644,3AG Retour,ARRÃ‰T ETTADHAME,BORTAL 3A,32.51856244733463,rain,11.274963486592142,none,29.92521990850881,4,5,5,15.90775915451039,1.1066483274463803
2026-05-09T21:45:30.022644,54D,SIDI FATHALLAH1,PROTECTION CIVILE,36.403827328389546,clear,44.50829993548483,congres,31.005328855414586,4,2,5,24.812095941182008,0.46090114613143385
2026-05-09T21:45:30.022644,86 Retour,AEROLIA 1,PROMED TECH,13.112520611119374,clear,20.990843142947885,none,32.44909028943691,2,4,13,28.35328920367901,0.8545623136395996
2026-05-09T21:45:30.022644,27C,MAGRO,GUICHET GÃ‰AN,46.05617594516711,cloudy,78.3945569023834,none,19.528684328635173,6,7,1,43.400468877911514,16.505425804966787
2026-05-09T21:45:30.022644,32A,SOUK MELLASSINE-RETOUR,MOSQUÃ‰E SIDI BECHI,26.22270755171024,clear,15.488700545542217,none,37.168358697079505,1,6,15,16.245144544277316,2.7861054830656045
2026-05-09T21:45:30.022644,74,CITÃ‰ AF,MOUROUJ 5,44.134468954808234,fog,86.15008458883788,none,36.59697152198045,5,7,13,50.14848952996185,0.303517943045879
2026-05-09T21:45:30.022644,6 Retour,PLACE SALA CENTRE,LYCEE ARIANA,16.72718328175055,clear,64.77152057860081,none,38.10315871642331,2,9,8,55.00413204169489,0.9498196053164358
2026-05-09T21:45:30.022644,265 Retour,Depart,Arrivee,27.951032217628683,clear,72.87567970455237,match_sport,11.205687959889534,3,6,7,79.51568435978287,10.12854801836186
2026-05-09T21:45:30.023646,31A,BEJAWA,INPFCA,56.474578461990944,clear,93.52459333766672,none,11.752555697362741,3,9,21,36.93070804344085,9.272419640704403
2026-05-09T21:45:30.023646,635A Retour,DEPOT CHARGUIA,TERMINUS TUNIS MARINE BUS,36.87839208746901,clear,55.53413396467765,match_sport,21.88776622583337,0,10,4,43.43845961728239,4.49974361462232
2026-05-09T21:45:30.023646,410B,POSTE POLICE ATTAR-RETOUR,LYCEE SAOUEB-RETOUR,49.045238231247225,clear,94.84505274325343,none,28.894156327105758,5,7,14,42.37560151206699,8.388481998320174
2026-05-09T21:45:30.023646,98 Retour,STADE EJDAIDA,ZONE F,44.89752712536263,clear,84.9345142140816,none,16.39639835083083,4,4,16,28.78829855835195,4.114754968654174
2026-05-09T21:45:30.023646,26C Retour,SIDI MOSBAH,KIOSQUE MOBIL BEN AROUS,30.666711373985684,clear,87.87119495933294,none,25.79460572255392,5,1,5,28.9341979744438,3.3232640042071324
2026-05-09T21:45:30.023646,15 B,STADE MELLASSINE-ALLER,AVENUE MADRID,39.387419329630774,clear,37.63387118950267,none,31.21113939069372,1,5,13,30.48107877123663,8.17698997145343
2026-05-09T21:45:30.023646,26A,DZIRI,POSTE POLICE MORNAG,13.146797720122073,cloudy,89.87849964755738,match_sport,23.674146811741238,3,11,14,83.34310537496049,3.0790521818917966
2026-05-09T21:45:30.023646,51A Retour,MENZEH1,PLACE PASTEUR,21.014633524721376,rain,68.36337971458403,none,16.827845370477313,1,9,14,45.53277635226863,1.1828822702035104
2026-05-09T21:45:30.023646,635,CENTRE DE TRI POSTAL,LES ABATTOIRS,49.42866353985999,clear,14.446319284406844,none,17.507832257756462,6,3,1,5.0,2.5394586005713933
2026-05-09T21:45:30.023646,19E,MONCEF BEY RETOUR,STATION BARCELONE,52.060051094645765,rain,44.58938766337118,none,38.46362391235206,2,4,18,41.35111848105665,0.7323747969374015
2026-05-09T21:45:30.023646,16C,ALI BALAHOUAN,SECTION MANOUBA,49.082298250219225,clear,93.30038234634993,match_sport,16.32924920713875,3,2,9,73.73177800907642,9.286559385400944
2026-05-09T21:45:30.023646,86 Retour,AMEN BANQUE,BAB ABDESLEM-RETOUR,39.61682400500367,rain,96.948111253607,match_sport,27.168230806452986,6,1,13,71.49901118376204,11.221768543593202
2026-05-09T21:45:30.023646,69 Retour,RUE DES MARTYRS,AVENUE CARTHAGE,52.304405386705106,clear,13.572177161482912,none,39.01383372600766,4,10,14,20.314587824760697,3.037635612175079
2026-05-09T21:45:30.023646,104,TERMINUS TUNIS MARINE BUS,PALAIS EL WARDA ALLER,28.71569923875639,clear,47.911640845957784,manifestation,11.976527963625088,5,6,21,68.87167103916386,14.441595142360121
2026-05-09T21:45:30.024649,47A,SOULA,CITE ENNASR 1,55.95510305777215,clear,37.925945898087264,none,28.729480994903312,6,8,17,23.787859396436602,4.953073979112769
2026-05-09T21:45:30.024649,78,BAB MNARA-RETOUR,MOSQUEE SIDI BECHIR,40.079325717568324,clear,67.08958583209144,marathon,32.34514202275139,1,9,20,59.07736810477968,0.8199830523234084
2026-05-09T21:45:30.024649,77 Retour,INEPS,CHARGUIA1,36.053218490811915,clear,49.09732722693968,none,23.037344764656673,1,10,5,116.28418282031457,62.59199087354966
2026-05-09T21:45:30.024649,32D,CHARLE NICOLE-ALLER,SNT SIJOUMI ENTREE PRINCIPALE,26.929867710333635,clear,28.063138795693526,none,14.397249081385517,6,11,16,18.71834018763396,5.3638269169000825
2026-05-09T21:45:30.024649,71,LYCEE KHAZNADAR,BAB JDID-RETOUR,16.76115590669558,clear,79.4190883539151,none,20.435594622196835,0,3,19,99.18322723841915,16.548300877769094
2026-05-09T21:45:30.024649,19C,COLLÃ‰GE YASMINE,STOA,55.64437715851255,clear,50.31969103986408,none,22.91798159490962,5,3,18,27.12052907215717,5.139589308798955
2026-05-09T21:45:30.024649,26A Retour,COMPTOIR SFAXIEN,CENTRE DE FORMATION SNT,37.66290496702521,clear,80.40889594703279,none,24.497684356441916,5,3,23,28.55818815981002,6.3218311134569944
2026-05-09T21:45:30.024649,81A Retour,LYCÃ‰E MOUROUJ,14-janv,59.56348065711303,clear,88.55352514097616,foire,34.161752996704614,0,5,15,45.05335018369735,1.922756593271972
2026-05-09T21:45:30.024649,56,DÃ‰LÃ‰GATION DAOUAR HICH,TERMINUS 56 72,23.73369637524237,fog,53.20323617565554,none,28.85418788786056,2,9,5,35.226293546276985,3.304916304777848
2026-05-09T21:45:30.024649,6 Retour,PLACE SALA CENTRE,LA POSTE,42.94154712420101,clear,78.91581573517469,none,35.14227253879085,2,12,2,32.28326653695576,0.41379882643305965
2026-05-09T21:45:30.024649,6 Retour,LES ABATTOIRS,LA POSTE,59.95932826235016,rain,47.13364841409136,none,32.78984217177177,0,7,17,36.223631379712884,1.068769949063856
2026-05-09T21:45:30.024649,44B Retour,MAKFOUFINE 2,SANHEJI,21.07759080999668,clear,31.523985903750262,manifestation,11.390156399354375,6,8,21,59.6568018084525,8.473930443902313
2026-05-09T21:45:30.024649,60G,MOSQUÃ‰E IBN SIN,RUE 10800 (2),52.8255992419043,fog,22.95870341110791,festival,11.435174916980714,0,3,20,33.63192372444993,1.4781592378076756
2026-05-09T21:45:30.024649,94  Retour,Depart,Arrivee,13.3219047164044,clear,88.79272974507019,none,30.17170782512925,0,1,16,102.10796250218172,14.128591405085139
2026-05-09T21:45:30.025647,6P,MINISTÃ‰RE DE L' Ã‰QUIPEME,PHARMACIE CENTRAL,28.87012175571562,clear,79.97182724978342,none,11.389518546414099,5,9,2,24.809399566464418,0.3541391352066561
2026-05-09T21:45:30.025647,71 Retour,Depart,Arrivee,28.821966839885125,clear,24.2125233424091,none,20.41177563944631,0,1,19,27.60168656149654,2.595625529918128
2026-05-09T21:45:30.025647,20B,BANQUE DE L'HABITAT,CITÃ‰ EL HABI,40.2279378845906,clear,80.89999669173778,none,27.842576573214092,5,11,0,41.712486952832606,15.943363031318812
2026-05-09T21:45:30.025647,74B,CROISEMENT MOUROUJ 2,IMMEUBLE OASIS,51.68718734762321,fog,67.85473356312428,none,15.691183312754465,1,11,6,32.305636442130485,0.7456221482984979
2026-05-09T21:45:30.025647,81B,14-janv,CITÃ‰ AF,15.45922434841688,cloudy,71.40199252892042,none,39.0115928406285,2,2,2,44.26857546916259,1.3584251503244924
2026-05-09T21:45:30.025647,26C,DZIRI,BIR EZZANGA,11.07743223609799,clear,93.92806283140602,match_sport,27.844228185621358,2,3,8,83.94687322007856,1.3977402249025968
2026-05-09T21:45:30.025647,94 Retour,CITE JABRI-ALLER,AGBA SUPERIEUR-ALLER,19.50733333624464,clear,56.79920049666106,none,39.17851489818905,2,6,19,53.49255122526342,3.0985700772815683
2026-05-09T21:45:30.025647,24F,AMEN BANQUE,CITÃ‰ EL OUIFAK ,21.84737055224699,rain,40.1323699073575,none,22.890348642267266,4,9,2,31.50810891805151,2.5793022096476736
2026-05-09T21:45:30.025647,56,MOSQUÃ‰E AVENUE CHEBB,AFFAIRES SOCIALES,37.615723892145176,rain,69.48060765772988,none,26.800633899697665,4,3,2,30.04444810857086,1.2415805049617266
2026-05-09T21:45:30.025647,61 Retour,Depart,Arrivee,10.737081285368662,rain,16.699179042756803,none,38.6572935713226,6,2,17,89.25768422948515,8.852626900101903
2026-05-09T21:45:30.025647,44A,OUED ELMELAH,MUNICIPALE,33.717924179397585,clear,20.584295010622025,none,29.450632437305394,6,11,4,22.414172461082718,10.775710025083814
2026-05-09T21:45:30.025647,10B,BEN YEDDER BEN AROUS,GOUVERNORAT DE BEN AROUS,26.982004867364957,rain,65.20678313815148,festival,24.12160408725099,1,7,10,51.53407872978391,3.51498310912205
2026-05-09T21:45:30.025647,116,DHNIBA,GARDE NATIONALE TEBOURBA,56.65515303145234,clear,99.92533076317727,none,10.35153494673023,4,12,21,31.972680317844855,3.519722020341746
2026-05-09T21:45:30.025647,87,BARDO-ALLER,LYCEE SAOUEB-RETOUR,42.378530599589915,storm,97.06555325282835,none,32.31053076999755,4,2,4,88.47824630505869,21.213444807622015
2026-05-09T21:45:30.026645,22A,YASMINET CENTRE,SONED,23.505922473302363,clear,45.95246027916459,none,33.1602340854015,1,7,2,28.649989586442338,3.7119902193343606
2026-05-09T21:45:30.026645,10B,CNSS,CAFÃ‰ MHEDHB,13.194767429967165,fog,33.49627837603339,none,34.510016087799116,6,4,16,38.03833534176356,2.510603376089149
2026-05-09T21:45:30.026645,97,ERRIADH,SAIDA,37.08470465174864,clear,11.438053482348918,none,19.439026937677376,6,7,12,14.742642385485754,1.52295362092217
2026-05-09T21:45:30.026645,83 Retour,Depart,Arrivee,47.45418206679831,rain,91.12260194578622,none,18.67057050471172,4,8,6,49.308187777913105,11.13935724151593
2026-05-09T21:45:30.026645,74G,IMMEUBLE OASIS,FOYER UNIVERSITAIRE MOUROUJ 3,51.14774377032295,fog,71.46795111183289,manifestation,36.53651652269842,4,5,1,71.03086477866316,1.422059551776016
2026-05-09T21:45:30.026645,25,DOUAR HOUCH,MONCEF BEY RETOUR,34.47671960780767,clear,75.31269433793376,none,20.427832952195494,2,4,2,42.525017787369414,14.757917566244934
2026-05-09T21:45:30.026645,265 Retour,Depart,Arrivee,20.087213837626017,clear,11.29276223146097,none,16.990124870630037,1,4,10,44.52674824353287,13.976175963495479
2026-05-09T21:45:30.026645,23F,AEROPORT BORJ EL AMRI-ALLER,BORJ KHALSI-ALLER,42.75372165005944,cloudy,78.6053516120072,none,19.700410589048214,1,10,15,29.799684647846483,0.8598821787633462
2026-05-09T21:45:30.026645,36,MUTUELLE VILLE ALLER,PLACE DES DROITS DE L'HOMME RETOUR,15.615536453615011,clear,70.36006113884707,none,32.96391273795162,6,3,6,32.904109783197825,3.3442759281563452
2026-05-09T21:45:30.026645,68 Retour,20 MARS RETOUR,IMMEUBLE CHEFIA,14.737173377232807,clear,92.91473508995767,marathon,18.12173890306923,0,9,4,73.8214815976417,0.9899504959655285
2026-05-09T21:45:30.026645,45 Retour,TERMINUS CHOUIGUI,FRIGO,55.40159928223272,cloudy,97.50847857918565,marathon,14.883073610039787,3,10,16,81.02873038205185,14.418032453529522
2026-05-09T21:45:30.026645,23/ Retour,MENZEL HBIB 23D-23/,CAFE MEDINA 23/,58.96604457900491,clear,17.783198904831956,match_sport,30.687471107112202,6,4,2,28.247756371204844,6.628704949030796
2026-05-09T21:45:30.026645,38C Retour,LES JARDINS D'EL MENZAH1,MINISTÃ‰RE DE L' Ã‰QUIPEME,15.604997360306413,clear,46.776677693163855,none,12.255461901594238,3,2,15,42.02539418070898,5.838311242673349
2026-05-09T21:45:30.027560,24E Retour,AMEN BANQUE,FERME LOUKIL,35.16567185474541,clear,31.334763411741868,marathon,9.56332661097209,6,12,10,36.07892313778494,1.4203109168924506
2026-05-09T21:45:30.027560,18B,LA POSTE,SALLE DES FÃ‰TES EZITOUN,34.217192413838944,cloudy,86.53193044962428,none,22.00891773201142,1,9,19,53.45738202789012,5.30915045284461
2026-05-09T21:45:30.027560,58 Retour,CITÃ‰ ENNAJE,CROISEMENT SANHAJA,58.35592542563174,cloudy,88.12859219472904,none,33.920502378361206,5,12,1,25.699714958557497,1.7709082208427698
2026-05-09T21:45:30.027560,46 Retour,EWLED BELAID,ERRAYES,20.098494135192503,storm,97.26326390377452,none,24.488369018233488,6,1,18,80.60801083170952,7.779871738720264
2026-05-09T21:45:30.027560,14A Retour,GARE ROUTIÃ‰RE NORD RETOU,BAB SADOUN,13.571257646643216,clear,86.4573469087736,holiday,21.285732348744624,2,9,12,52.374429173969546,0.1357609907045476
2026-05-09T21:45:30.027560,33C,SIDI HSIN-ALLER,OFFICE DE L'HUILE-RETOUR,37.24178715039715,clear,58.75443783487137,none,23.92787720690381,1,2,6,29.690962636577066,10.54692944736074
2026-05-09T21:45:30.027560,6B Retour,MOSQUÃ‰E ARIANA EL JADID,10 DECEMBRE,31.292827590496277,clear,51.53150161195182,none,28.71829803269817,4,8,18,31.275546701130242,1.2424731034529786
2026-05-09T21:45:30.027560,23H,CROISEMENT SIDI ALI HATTAB-RETOUR,CITE JABRI-RETOUR,10.168321703580165,storm,99.65146132236522,none,15.646587198255485,4,10,9,125.44539598076669,8.412262321326267
2026-05-09T21:45:30.028153,43,HOPITAL DE NEUROLOGIE RABTA ALLER,INSTITUT DE LA NUTRITION,53.79134237286147,clear,39.53391575287828,none,33.8236143441768,4,1,9,25.115849042364047,0.5630726177867718
2026-05-09T21:45:30.028153,460 Retour,CITE MAHRAJENE,TOUTA 10 DECEMBRE,23.594089747451186,clear,17.882164171760785,none,25.952356192824023,4,10,2,16.289988483359437,1.869214028641629
2026-05-09T21:45:30.028153,17,AVENUE DE LA RÃ‰PUBLIQUE ,PTT RADES,16.355673879616035,clear,29.93677483311205,festival,37.15288846030112,0,5,17,53.66498392754133,0.2488510111929365
2026-05-09T21:45:30.028153,96 Retour,CITÃ‰ SNIT MANOUB,RABATTEMENT KHAIREDDINE MANNOUBA,53.82802509315472,clear,91.20426243621198,none,11.608223613485041,4,6,16,19.209246961228146,0.22039162944046364
2026-05-09T21:45:30.028153,76 Retour,Depart,Arrivee,25.36991582415157,fog,57.99561325018578,none,38.259897955676266,6,3,18,58.276118792012056,7.676314609384272
2026-05-09T21:45:30.028153,42B Retour,SOUASSI,POMPAGE,10.310582328085168,clear,13.677101880717661,festival,28.199425013246344,6,9,12,65.98472527586233,5.501878752106812
2026-05-09T21:45:30.028153,75,DJEBEL JELLOUD,AV DE L'ENVIRONNEMENT,55.04280634666358,clear,56.234172873424924,congres,39.33687257423922,3,8,16,52.09556200151334,12.420659704790417
2026-05-09T21:45:30.028153,57A,MNIHLA,GUICHET GÃ‰AN,25.364147278338585,clear,60.3046530894111,none,22.067746237431965,6,2,22,31.102968939444633,4.946244972767964
2026-05-09T21:45:30.028153,83 Retour,Depart,Arrivee,58.52846390788184,rain,65.40036262167962,manifestation,33.929255368030205,6,5,7,65.55994678826073,5.407941086351359
2026-05-09T21:45:30.028153,16 Retour,TERMINUS 16,CHAMP DE COURSE KSAR SAID RETOUR,57.89573008348084,cloudy,19.726030820481654,none,15.431923038432931,6,3,20,24.538327505213825,19.16930676398706
2026-05-09T21:45:30.028153,6 Retour,PLACE SALA CENTRE,LYCEE ARIANA,21.10263090873012,storm,79.49137195486321,none,10.15824154167234,6,12,14,48.57972866149313,0.9498196053164358
2026-05-09T21:45:30.028153,45,CITÃ‰ ERRAJE,TERMINUS CHOUIGUI,14.1768337336411,clear,49.30442299573893,none,19.323801015238654,0,7,9,62.847290581615766,6.5910393878752345
2026-05-09T21:45:30.028153,260 Retour,Depart,Arrivee,25.431471903539567,clear,76.70057347740807,foire,8.290415473170231,4,9,9,62.546002871263745,1.0491190654002072
2026-05-09T21:45:30.028153,57A,GEANT,GUICHET GÃ‰AN,48.18924881640582,clear,64.94960178529095,festival,28.767383270341945,5,11,5,27.997701619923262,0.2627886334468057
2026-05-09T21:45:30.029178,90,CAFE Z PLUS-RETOUR,RABATTEMENT SLIMEN KAHIA,30.30526431612681,clear,79.13814990759371,none,36.331081219988704,2,10,10,37.53978747044748,0.8146258687888164
2026-05-09T21:45:30.029178,263 Retour,Depart,Arrivee,23.71928741654554,cloudy,72.37350521650073,none,24.65506497883151,1,3,22,60.23859081490146,13.420953902583756
2026-05-09T21:45:30.029178,32,OFFICE DE L'HUILE-RETOUR,KHAROUBA-RETOUR,58.355658266764614,clear,53.30800865033989,none,31.67617439509998,2,3,12,23.615973491406343,0.6342992945860342
2026-05-09T21:45:30.029178,714 Retour,GARE DJEBEL JELLOUD,DJEBEL JELLOUD GP1,43.846785963922834,fog,32.87846940274885,foire,26.92676457860053,3,6,23,40.700298728431434,0.41934019150947766
2026-05-09T21:45:30.029178,59 Retour,Depart,Arrivee,53.12283230311169,clear,47.16670991037455,none,28.747784280238168,3,3,11,17.98630261884866,6.657156399457686
2026-05-09T21:45:30.029178,59 Retour,Depart,Arrivee,24.856443932934113,cloudy,20.012450885955637,marathon,23.402894607575004,5,3,9,76.81298208982315,12.847093588378643
2026-05-09T21:45:30.029178,24/ Retour,AMEN BANQUE,FERAILLE 2,29.543435451349957,rain,74.83176625480327,festival,38.8912455814124,5,3,9,62.604635271704815,1.7278394439821945
2026-05-09T21:45:30.029178,56,MOSQUÃ‰E AVENUE CHEBB,SABBELA (56),32.67310149408987,cloudy,25.492522464461736,none,37.090862568694405,5,11,12,21.64564480380831,0.5426782624925579
2026-05-09T21:45:30.029178,20B Retour,PLACE DES DROITS DE L'HOMME,JARDIN THAMEUR,55.13722685076512,rain,27.010183717897,none,31.39992973206821,5,2,4,10.590748226175887,0.753143953321775
2026-05-09T21:45:30.029178,20C Retour,BIRSA 2,CITÃ‰ MOHAMED AL,47.38197666931215,rain,89.00842849087454,foire,24.293114032590317,1,2,2,53.5259134751154,1.3059305475016632
2026-05-09T21:45:30.029178,24D Retour,FERAILLE 1,LE SOUK DES VOITURES,28.746580853165657,clear,95.99706818299438,match_sport,28.960801131644423,2,9,17,72.61869272004363,0.5430414148845113
2026-05-09T21:45:30.029178,26,SONED,HOPITAL RÃ‰GIONAL YESMINE,12.56867521693221,cloudy,95.18181538850023,manifestation,39.192720151070574,0,1,21,105.47569714475662,4.917952128541174
2026-05-09T21:45:30.029178,18C Retour,EZOIDIA,PLACE SALA CENTRE,49.08099040909631,rain,33.487528578872904,none,20.465249514180975,3,9,16,30.49107236055735,9.724142540491378
2026-05-09T21:45:30.029178,68 Retour,RELAIS BARDO,BAB LAASSAL,20.0303656446258,fog,22.495604114465593,none,32.21015613840688,6,5,13,32.68437910899882,3.218216169528773
2026-05-09T21:45:30.029178,43 B,HOPITAL DES ENFANTS,TERMINUS TUNIS MARINE BUS,22.50120197003639,clear,46.147726806868675,none,12.325957825712901,3,11,1,25.903945515450275,6.674962702496354
2026-05-09T21:45:30.030231,27A,ENKHILETTE,MAGAZIN AZIZA,12.217163693143004,clear,34.06458271923715,none,25.256171529284874,5,3,18,37.53717112290429,2.1615986493813377
2026-05-09T21:45:30.030231,27A Retour,MAGRO,LYCÃ‰E KHEREDINN,24.788217703684765,storm,97.9279588682213,none,13.351556121437245,6,4,14,49.93021826126618,1.0871435509422662
2026-05-09T21:45:30.030231,259 Retour,Depart,Arrivee,30.506884363450855,cloudy,30.897584066638075,none,26.25476667124592,2,6,10,40.069537481500575,14.182678817714796
2026-05-09T21:45:30.030231,18C Retour,RUE AÃ‰ROPOR,MONOPRIX,39.165600703399505,clear,17.312462350259757,none,21.40291120121988,4,7,20,10.70787280800715,2.3001954788727073
2026-05-09T21:45:30.030231,50 Retour,Depart,Arrivee,13.57737660725429,rain,68.80867923359176,match_sport,38.05548666708635,0,7,4,92.26595068834429,6.839566042934044
2026-05-09T21:45:30.030231,26A Retour,STOA,DJEBEL JELLOUD GP1,17.425206451096024,clear,76.999884055943,none,35.11841000853515,1,7,14,52.61986642368272,1.1238520365766078
2026-05-09T21:45:30.030231,247 Retour,Depart,Arrivee,59.03182845264399,storm,79.63856132987462,none,21.766650736238706,3,10,10,48.72412254725086,8.634089365088887
2026-05-09T21:45:30.030231,54A,SILOS MÃ‰GRINE COTEAU,TERMINUS CITÃ‰ CHAKE,59.92692405931485,clear,70.1821388302027,none,23.22068620037228,5,7,3,15.701352033454892,1.9676713109809576
2026-05-09T21:45:30.030231,33C,DEPOT SNT SIJOUMI,CENTRE DE FORMATION ZOUHOUR-RETOUR,21.254842695617917,clear,39.6504886033008,none,31.163738521235228,2,5,15,17.53882040606544,3.0841522450051038
2026-05-09T21:45:30.030231,96 Retour,GOBAA TERMINUS 96,RABATTEMENT KHAIREDDINE MANNOUBA,52.833588775455986,rain,87.72926597886618,none,12.837379007318297,6,7,19,41.24063217206478,0.7533133728591199
2026-05-09T21:45:30.030231,88A,MOSQUÃ‰E ELBOR,JARDIN THAMEUR,22.598107181561463,clear,70.82998816785519,none,19.528959755581567,0,8,0,25.3877650126852,1.4760475940402316
2026-05-09T21:45:30.030231,60A Retour,RUE 10800 (1),CITÃ‰ MED AL,56.44591302779551,clear,73.61549540588453,congres,24.27676357171208,1,2,12,44.42737780298431,2.6373033655757028
2026-05-09T21:45:30.031182,93,RABATTEMENT KHAIREDDINE MANNOUBA,TERMINUS 16A 93,33.85241048502361,clear,47.87530513536461,manifestation,23.103602748146017,3,11,22,47.44298588347444,2.433041576483721
2026-05-09T21:45:30.031182,16B,STEG TEBOURBA,TERMINUS TEBOURBA,40.549471421361716,clear,47.25987871844448,match_sport,16.386049684518145,1,4,22,33.26206176305454,0.41098542655141657
2026-05-09T21:45:30.031182,25,DUBOSVILLE,TEXTILE,47.09997224044474,cloudy,81.68880485616893,none,30.46446142422203,3,7,2,29.699368610414325,3.3188412915720154
2026-05-09T21:45:30.031182,49 Retour,Depart,Arrivee,17.482116032123614,clear,18.637265560637417,none,12.054366535769251,4,7,8,70.7559460311266,14.173440344185199
2026-05-09T21:45:30.031182,20A Retour,CITÃ‰ TAIEB MHIR,CITÃ‰ EL KHADHR,10.607026123111615,clear,10.932168823373921,none,39.36825476758787,3,1,9,77.91080129873131,6.745477913892326
2026-05-09T21:45:30.031182,38C,TERMINUS TUNIS MARINE BUS,CITÃ‰ ERRAFEH,16.63090183674641,clear,58.93484755715894,none,34.40059752066302,1,3,10,61.858201836162074,11.050059015679446
2026-05-09T21:45:30.031182,3AG,FOYER BARDO 1 ALLER,TERMINUS KSAR SAID 2,37.99479053982899,clear,23.35552819818569,none,16.034981026048957,2,4,0,10.38047803160796,4.720945528224003
2026-05-09T21:45:30.031182,64 Retour,CENTER DE FORMATION RAS TABIA ALLER,ECOLE PRIMAIRE,14.95751040722357,rain,55.51234029075998,none,24.61119790878555,0,7,3,107.07148733073493,18.40989802584456
2026-05-09T21:45:30.031182,3D Retour,BORTAL RETOUR,20 MARS RETOUR,23.92565694622349,fog,58.32386463554296,none,27.53928091093055,3,1,3,38.33954128521957,3.4078898851636543
2026-05-09T21:45:30.031182,42,MAASRA,TERMINUS TEBOURBA,19.35244234185424,clear,54.27157335043893,none,24.129261061062135,4,8,13,39.981392129224375,5.86625290211677
2026-05-09T21:45:30.031182,3D,BORTAL ALLER,TERMINUS 3D,48.684340276974474,rain,55.0144091874818,festival,10.483209823678305,3,4,21,108.17246639016118,56.2039957457855
2026-05-09T21:45:30.031182,23E,AEROPORT BORJ EL AMRI-ALLER,MOSQUÃ‰E BORJ EL AMRI-ALLE,51.43200194930485,cloudy,42.890285501886076,none,9.614006465256793,0,10,22,26.85800914672255,4.385709567572949
2026-05-09T21:45:30.031182,57 Retour,Depart,Arrivee,38.99653953427724,fog,47.877872456350644,match_sport,33.722114548361446,4,2,14,67.99652375796646,7.678456497746383
2026-05-09T21:45:30.031182,410B,KHAZNADAR-ALLER,CIMETIERE JALLEZ,27.58617215304866,clear,95.1335697134312,foire,25.44517316188478,6,1,5,98.04452394772504,26.258173142516394
2026-05-09T21:45:30.032237,22A,LYCÃ‰E YASSMINE,BOUCHERIE NORD,29.383136165270326,clear,78.21734128126819,none,20.374021383812984,5,5,1,19.120268471667515,0.5345934774859273
2026-05-09T21:45:30.032237,39,STADE MUNICIPALE,"TERMINUS RADES FORET 19D , 39",54.8361870906868,rain,12.566907748379288,marathon,22.474394524241706,1,1,12,52.85492979874875,0.7546223540668873
2026-05-09T21:45:30.032237,44A,CITÃ‰ CHAKER RAOUE,TERMINUS 44/44A/77,22.665921156842643,clear,53.79597162102005,none,33.139620131641166,3,3,20,84.6646678159427,26.19466044028006
2026-05-09T21:45:30.032237,54B,AV EL BORHENE,PONT MOUROUJ 2,13.144927455038044,clear,61.81605617983808,none,13.81244447609518,1,10,14,58.986172580820295,5.141237847816317
2026-05-09T21:45:30.032237,264 Retour,Depart,Arrivee,29.474244611783742,clear,33.47031581429647,festival,38.25577555748551,0,1,7,65.6986896175576,9.339648761675162
2026-05-09T21:45:30.032237,24D,ENTRÃ‰E FOUCHAN,DOUAR HOUCH L(24D),43.53099126083483,clear,23.077502839542174,none,30.37518638498691,5,7,9,25.00978341548496,5.229239188130295
2026-05-09T21:45:30.032237,74,CIMETIERE JALLEZ,HAMMAM LACAGNA,35.363257979506066,clear,28.65735139655048,manifestation,31.92907760689203,2,1,6,46.10207609790797,2.0748109410329785
2026-05-09T21:45:30.032237,44,GESSIR 2,LYCÃ‰E KALAATE AL ANDALOUS,20.895431085294845,clear,94.81283619179703,none,35.12667898317183,6,3,10,50.71579029478412,5.43656524745813
2026-05-09T21:45:30.032237,54A/ Retour,JARDIN D'ENFANTS BEN AROUS,MUNICIPALITÃ‰ BEN AROU,44.23383716313248,clear,48.77459214984771,none,22.966222561686152,4,7,21,11.425711386451939,1.314023896732711
2026-05-09T21:45:30.032237,255 Retour,Depart,Arrivee,44.85134436580902,clear,23.616441612585152,none,15.058101137876026,2,5,22,27.00223784396235,13.226733202053795
2026-05-09T21:45:30.032237,24A Retour,DISPENSAIRE,FERAILLE 1,15.947196229002477,storm,34.3333472905438,none,28.65607109883304,3,6,17,77.98835402592245,5.759244652299861
2026-05-09T21:45:30.032237,65 Retour,Depart,Arrivee,10.862825277338402,clear,10.227645711528815,none,23.192227948680195,5,3,16,53.267887243873176,7.612146462872238
2026-05-09T21:45:30.032237,39 Retour,BORJ LOUZIR (BEN AROUS),KIOSQUE TOTAL,28.789959427799907,cloudy,96.00099176527907,none,22.68520955651745,5,8,11,25.42876742090435,1.661726329695827
2026-05-09T21:45:30.032237,4A,AVENUE MADRID,JARDIN THAMEUR,29.96216023633121,rain,59.988137807989645,none,37.71653642824159,3,3,5,37.49179573310087,0.6186372282791375
2026-05-09T21:45:30.033232,29,DÃ‰LÃ‰GATION ELOUARD,CAFÃ‰ EL QUOD,27.388839463750045,clear,47.66213862496446,none,18.230612080717112,4,10,13,20.261817156136498,0.19644966606730474
2026-05-09T21:45:30.033232,262 Retour,Depart,Arrivee,15.34600232173809,fog,51.101043885475534,none,13.926232786320565,6,3,6,41.719104190634994,2.735571537170209
2026-05-09T21:45:30.033232,87,STEG ZAHROUNI,20 MARS RETOUR,10.091832012940923,rain,15.069996633202381,none,38.833436745270944,0,11,11,67.55397492017036,5.021930719386518
2026-05-09T21:45:30.033232,5C Retour,MINISTÃ‰RE DE L' Ã‰QUIPEME,PLACE DES DROITS DE L'HOMME RETOUR,43.44110030469465,storm,16.933105488497024,none,23.112054240572807,5,3,17,45.38511493899617,3.0731205409363005
2026-05-09T21:45:30.033232,55 Retour,BORTAL RETOUR,BAB ABDESLEM-RETOUR,28.44364883511489,clear,86.34642851234115,none,22.95648891461088,4,5,9,47.32421062309013,4.02459059503283
2026-05-09T21:45:30.033232,10B,SIPHAT,JARDIN D'ENFANTS BEN AROUS,47.093974087358866,clear,31.241826385524927,none,15.518049456163098,5,5,23,11.1318839092276,3.3155954101337706
2026-05-09T21:45:30.033232,46 Retour,SOCIÃ‰TÃ‰ DE FROMA,TERMINUS TEBOURBA,40.30084005684988,clear,27.603340395993015,none,29.603158021608543,0,5,15,17.465591758962017,5.973913160720066
2026-05-09T21:45:30.033232,20B,MOSQUÃ‰E GAMMART,E.P GAMMARTH,24.449599626225833,fog,86.79027179723673,none,37.758307537450975,6,7,15,42.367396217423774,0.18013180438688892
2026-05-09T21:45:30.033232,25C,CITÃ‰ BELLIL,BNA BEN AROUS,36.63466798093528,clear,65.73554747351116,congres,31.12655080342265,2,10,0,46.01597364711721,5.701154768624823
2026-05-09T21:45:30.034144,71 Retour,Depart,Arrivee,13.44457003595916,cloudy,42.57377881234623,none,37.92101304425141,6,3,9,42.143553223400204,1.0933456321177846
2026-05-09T21:45:30.034144,18B Retour,MONOPRIX,10 DECEMBRE,31.541469860723815,cloudy,97.46852814365991,manifestation,22.235201954181257,2,4,10,70.63788229293351,4.309878302037384
2026-05-09T21:45:30.034144,74G,MOSQUÃ‰E AL HAWA ALLE,BATAM,51.262689915463476,clear,33.54228965538539,none,9.391731792189656,0,3,10,20.31844770877703,7.967956630760755
2026-05-09T21:45:30.034144,9B,HAMMAM J-JELLOUD,CIMETIERE JALLEZ,56.01021407094976,clear,91.02872094970549,congres,9.206137503371046,4,5,20,47.83307445705338,2.6313307673665918
2026-05-09T21:45:30.034144,24A Retour,ZONE INDUSTRIELLE,RABATTEMENT MOUROUJ 2,37.257862060077066,clear,19.00594629491512,match_sport,21.91837915759301,5,9,10,22.096927560279635,2.296015949333251
2026-05-09T21:45:30.034144,36 B,TERMINUS MINISTÃ‰RE DES AFFAIRES ETRANGERES ( L 36 B ,CLINIQUE TAOUFIK RETOUR,18.807678252598272,clear,33.829169095439255,none,31.822145478738054,4,7,17,33.08278125608688,1.3686474604955456
2026-05-09T21:45:30.034144,38C,PASSAGE JEANS JAURES ALLER,PLACE PASTEUR,46.892235521839375,clear,48.95022552254292,match_sport,37.5218044947382,1,7,12,50.442062436436444,1.835720874029337
2026-05-09T21:45:30.034144,58,RABATTEMENT KHAIREDDINE MANNOUBA,CROISEMENT SANHAJA,36.45527210760797,rain,85.59455562442007,none,13.211190061505128,2,8,15,44.79037961831044,2.1488443122899836
2026-05-09T21:45:30.034144,33A/,STADE MELLASSINE-ALLER,CENTRE DE FORMATION ZOUHOUR-RETOUR,49.864138238231114,clear,81.83135959177959,none,29.70894777685022,1,9,8,92.56991623718632,44.05420847944443
2026-05-09T21:45:30.034144,56,20 MARS ALLER,AFFAIRES SOCIALES,32.37537460374075,cloudy,85.19264817195673,none,28.734810620110036,5,4,7,45.892389498086295,7.062381546054697
2026-05-09T21:45:30.034144,24 Retour,TERMINUS CITÃ‰ ENNASSI,AMEN BANQUE,51.09233301590066,storm,43.63218506870059,none,22.166783354873672,6,10,21,35.93624315167876,4.469281162641604
2026-05-09T21:45:30.034144,20A,BANQUE DE L'HABITAT,DAH DAH,29.748718433970584,clear,20.701972555901413,congres,30.23504211094453,5,9,3,26.922584804785895,3.880890197694472
2026-05-09T21:45:30.034144,63,PATISSERIE BEN YEDER,PHARMACIE CENTRAL,14.955870173020577,rain,27.17722790940364,none,37.37247217935912,5,8,19,43.25951515052214,0.9580715557363977
2026-05-09T21:45:30.034144,38C Retour,CITE MAHRAJENE,PLACE PASTEUR,16.52756643227301,clear,63.03963277509672,none,37.57844986115631,6,3,0,30.291689166939076,0.6418308962282744
2026-05-09T21:45:30.035143,34,BEN DAHA-RETOUR,OFFICE DE L'HUILE-RETOUR,20.563080324748405,clear,34.80652170568911,holiday,20.86695248772424,3,2,12,36.216170747460616,2.798263385290383
2026-05-09T21:45:30.035143,24D,ENTRÃ‰E FOUCHAN,HUILERIE BEN SAIDAINE,23.866619495602645,clear,56.03367432432553,match_sport,31.515492798547733,2,11,7,56.78097843065645,1.4862851406502156
2026-05-09T21:45:30.035143,65 Retour,Depart,Arrivee,18.328764173067405,clear,99.82328121811666,none,21.68087767561313,3,6,16,81.03462305620768,13.463965362596586
2026-05-09T21:45:30.035143,26B Retour,SIEFCOL,AVENUE DE LA GARE,40.5889871109692,clear,90.09691159749096,none,29.443052400026783,6,10,22,30.772966497297546,5.410521126014942
2026-05-09T21:45:30.035143,260 Retour,Depart,Arrivee,17.811206684236588,clear,22.464602573257203,none,16.328273292687197,0,3,22,46.505477715936706,11.663146451325236
2026-05-09T21:45:30.035143,21A Retour,GARDE NATIONAL MORNAG,STATION DE BUS MORNAG,21.182329241179605,cloudy,45.8696901848279,manifestation,24.155544908023412,3,11,12,51.76484427067405,0.275778297041013
2026-05-09T21:45:30.035143,714 Retour,BAB ALIOUA GP1,AVENUE DE LA GARE,54.56450099470409,clear,25.68243770729319,none,33.007765097795826,1,10,21,6.9770899646119915,0.30802522454317405
2026-05-09T21:45:30.035143,94 Retour,CROISEMENT BEN YEDDER-ALLER,GHDIR ELGOLLAH-ALLER,44.03774007113049,cloudy,24.068109987180847,marathon,26.744087456198617,5,12,20,42.167881798587835,0.9950131993607627
2026-05-09T21:45:30.035143,48 Retour,POSTE POLICE MANOUBA-RETOUR,RABATTEMENT SLIMEN KAHIA,36.21105977195515,cloudy,99.9086135632456,none,27.633926312276564,1,6,5,31.469833288364025,0.7650557687888746
2026-05-09T21:45:30.035143,31A Retour,LYCÃ‰E SIDI THABE,ALI BALAHOUAN,48.85288929614551,fog,75.25396563192734,none,20.529168160638488,4,11,2,79.01797938321494,28.138166115378525
2026-05-09T21:45:30.035143,15 A,OFFICE DE L'HUILE-ALLER,TERMINUS L 15 A,52.36010899884926,rain,61.98776499933891,manifestation,32.914106410897716,6,8,2,50.0509064959465,1.9721982639019453
2026-05-09T21:45:30.035143,17,DUBOSVILLE,AVENUE DE LA GARE,58.79676734249473,cloudy,70.95323568843398,holiday,33.33751769771685,0,2,3,36.070276915398985,1.2531444185493257
2026-05-09T21:45:30.035143,44B,MÃ‰DECINE VÃ‰TÃ‰RINA,INPFCA,54.260509673558296,rain,71.58438266152129,none,9.264231022526555,2,5,1,36.92691049774108,1.12370713675028
2026-05-09T21:45:30.035143,78,BAB SAADOUN ALLER,RÃ‰SIDENCE YESMINE RETOU,44.73798200216982,clear,24.534666443412757,manifestation,22.707971318048774,6,10,10,44.636716051378166,10.240573603020877
2026-05-09T21:45:30.036143,69,MARCHÃ‰ CITÃ‰ HELL,PLANNING FAMILIAL CITÃ‰ HELLA,41.610020455058084,storm,87.22895524944146,none,24.000811282006257,1,10,6,54.47301711448964,0.398847076232673
2026-05-09T21:45:30.036143,72,BORTAL ALLER,INEPS,55.495243695448494,storm,62.34784659120389,none,26.347065869439078,2,9,1,42.17431422845841,1.4892068486241747
2026-05-09T21:45:30.036143,20A,MAISON BLANCHE,TERMINUS 20A,26.08093748636506,rain,19.07101285238339,none,27.382816066652598,0,10,12,51.953578598582155,13.089014652234795
2026-05-09T21:45:30.036143,21A,ERRISSALA,CROISEMENT AHMED ZAIED L21A,44.039616349979255,fog,77.94477726529094,manifestation,33.00428056430519,2,11,12,77.96061965522978,3.306257480415993
2026-05-09T21:45:30.036143,46 Retour,CITÃ‰ ERRAJE,TERMINUS TEBOURBA,13.814351804001126,clear,39.97554649278811,manifestation,9.570431779718543,0,7,22,60.10729900937458,1.2313011556589757
2026-05-09T21:45:30.036143,714 Retour,SIEFCOL,SOFOMECA,57.50881689526882,cloudy,41.02998612115027,none,13.305096015642231,5,2,23,12.175162489346338,0.7632610171785439
2026-05-09T21:45:30.036143,54B,LES ROSES MOUROUJ 1,PONT MOUROUJ 2,49.57648800357297,cloudy,98.18126995950698,match_sport,18.530327091555286,4,5,7,62.58463413593603,0.5144150943685881
2026-05-09T21:45:30.036143,21B,STATION DE BUS MORNAG,STÃ‰ CONFECTIO,51.164995386287195,clear,22.82992236983464,none,30.471786038125217,2,8,10,5.0,1.2182990009444103
2026-05-09T21:45:30.036143,54 Retour,LUSTRERIES,MOUROUJ 4 L(3710-54),19.20207005209486,clear,17.819435704133447,none,34.39767169898154,2,7,16,28.3940143742892,6.917053372234017
2026-05-09T21:45:30.036143,87,CROISEMENT BIRINE-ALLER,L'ARTISANAT-RETOUR,35.13206194773335,fog,91.4603171236507,none,9.634872032507367,4,5,15,60.13956625175477,10.206252938651401
2026-05-09T21:45:30.036143,78 Retour,Depart,Arrivee,57.05655542219438,clear,70.65835447823899,marathon,13.242549351630391,1,11,12,75.63298235379018,11.811033540355275
2026-05-09T21:45:30.036143,84 Retour,GARTEX-RETOUR,ABATTOIR-RETOUR,12.691902098347498,rain,30.925578016606003,none,10.857315934882049,5,5,21,23.047819448416178,0.3084950765068344
2026-05-09T21:45:30.036143,4G,20 MARS ALLER,EL FARABI MANNOUBA - ALLER,58.9716972270298,clear,26.53252672575823,none,39.90165507966013,0,4,3,15.831400635816362,4.313654172715388
2026-05-09T21:45:30.036143,43,CHARLE NICOLE-ALLER,INSTITUT DE LA NUTRITION,59.82238224550202,cloudy,44.208500098202094,none,39.41638621520339,2,12,12,27.296197199051807,1.1689480610843253
2026-05-09T21:45:30.036143,527,MAISON BLANCHE,CITÃ‰ EL KHADHR,14.785831222467912,clear,86.52268401424082,festival,39.74470486467786,4,5,7,78.83327016169018,1.406862295281222
2026-05-09T21:45:30.036143,44C Retour,BORJ JEBBES,CITÃ‰ ERRAFEH,57.19832036372994,cloudy,89.33490081132321,none,19.825631237855426,1,6,14,39.110269232436096,2.3105300478437147
2026-05-09T21:45:30.036143,62 Retour,CITÃ‰ EL GHAZEL,LYCEE ARIANA,59.59207657773196,clear,51.528515151230856,none,21.88955911760777,6,12,14,17.925143704810083,3.6984177869957726
2026-05-09T21:45:30.036143,75 Retour,HUILERIE BAYREM,CAFÃ‰ YASMINE,45.48334747921552,fog,52.13618346428746,none,18.674293166132784,2,1,15,39.32821133672645,4.882690361156996
2026-05-09T21:45:30.036143,16A,MOSQUÃ‰E OUED ELLI,CITÃ‰ TORJME,12.050179799478308,clear,65.4138711177762,none,11.257559701075124,2,9,7,67.0608821687434,3.6397881751170607
2026-05-09T21:45:30.036143,24/ Retour,ZONE INDUSTRIELLE,FERAILLE 2,44.923051901195954,rain,96.29169767556157,none,27.371555615603274,5,4,4,34.24986237195735,0.6604740155802729
2026-05-09T21:45:30.036143,82 Retour,ONCV BORJ LOUZIR,20 MARS RETOUR,15.906648378209628,rain,86.14609190879014,none,9.988197926332372,4,12,21,104.8349486687906,15.526507558469513
2026-05-09T21:45:30.037646,23C,SOGEFRIPE-ALLER,OUED LABIEDH-RETOUR,43.410592977872774,clear,33.45553251719237,none,24.652683728539337,1,2,13,57.06314813637064,26.909215634998525
2026-05-09T21:45:30.037646,54C  Retour,USINE DE CARTON,BEN YEDDER BEN AROUS,12.213167607363792,clear,89.51355442535078,none,16.91590651086725,2,6,21,53.22039842505571,3.074926848059739
2026-05-09T21:45:30.037646,54C  Retour,CAFÃ‰ AYE,CENTRE DES HANDICAPÃ‰,37.61348816848362,cloudy,87.42001285530763,none,28.6622745461831,3,4,16,44.455560855586405,7.462168132743807
2026-05-09T21:45:30.037646,14CG,KASBAH,CHARLE NICOLE-ALLER,41.88519287389328,cloudy,92.88146043684786,match_sport,27.51548993718902,0,12,16,47.69786359478324,0.8236924095828186
2026-05-09T21:45:30.037646,22,PROTECTION CIVILE,INSTITUT ENNOUR,25.04988238418332,clear,69.60221861776807,none,8.556030837160222,2,11,7,65.00804850085522,10.629543393001322
2026-05-09T21:45:30.037646,16,SECTION MANOUBA,CASERNE OUED ELIL 1,18.963941111835155,cloudy,69.18186263585528,none,14.808344787909125,0,1,18,42.28226193366724,0.25963415898221953
2026-05-09T21:45:30.037646,88A,BAB ABDESLEM-RETOUR,JARDIN THAMEUR,49.3967143221246,rain,47.16411037002678,match_sport,39.78729035363689,4,12,1,58.16489306703271,1.9105616166518011
2026-05-09T21:45:30.037646,26A Retour,STATION DE BUS MORNAG,CITÃ‰ JABE,59.348863583784954,clear,80.71098338460942,match_sport,20.72053366656093,0,10,16,43.814974262263526,0.6246926410538859
2026-05-09T21:45:30.037646,3D Retour,SONED,IMMEUBLE CHEFIA,16.00716134257312,clear,26.747499847684463,festival,35.904283311999606,0,6,3,64.1912466170313,6.76116695600614
2026-05-09T21:45:30.037646,21B Retour,ERRISSALA,CANAL L(21B),23.93365763235002,clear,30.75361670426524,none,16.245667517354473,6,4,16,25.903307518626594,7.182355697682521
2026-05-09T21:45:30.037646,66B,CITÃ‰ EL AYAR,ECOLE EL HAWARIA,35.72005799338427,clear,82.9040481041057,none,12.903408572991449,2,10,9,40.63280743462778,0.6520920434372819
2026-05-09T21:45:30.037646,96 Retour,CITÃ‰ SNIT MANOUB,RABATTEMENT KHAIREDDINE MANNOUBA,37.79339338393643,clear,13.846592322413073,none,28.80568386119881,6,6,20,7.626396330793938,0.22039162944046364
2026-05-09T21:45:30.037646,90,RABATTEMENT SLIMEN KAHIA,TERMINUS CITE BEN YOUNES,43.45529449036431,cloudy,49.50451962355559,marathon,30.1458844936782,1,4,4,70.21960815675244,11.333430998375404
2026-05-09T21:45:30.038649,4G,KASBAH,LYCEE KHAZNADAR,42.70756803796322,clear,83.79229154487182,none,28.171903659697566,5,8,15,30.292563348842663,4.714544477520093
2026-05-09T21:45:30.038649,98 Retour,CAFÃ‰ JALLOU TERMINU,POMPAGE,45.6870074101634,fog,55.897148546878,none,37.18527157532622,4,5,4,56.23401791852677,13.4372196131467
2026-05-09T21:45:30.038649,51 Retour,Depart,Arrivee,37.62686606050276,fog,21.199625523739982,none,31.416616966708887,3,9,22,41.500296195655345,13.407239297354666
2026-05-09T21:45:30.038649,19G,LYCÃ‰E 2 MARS EL OUARDIA L(G,LUSTRERIES,23.234901165217607,rain,44.36105293217706,festival,33.30184537307802,5,10,22,49.505768581949276,6.658008674202974
2026-05-09T21:45:30.038649,33A,KHAROUBA-RETOUR,CHARLE NICOLE-RETOUR,19.805032619830804,clear,64.24533509115466,foire,13.421559686317138,6,2,14,44.1876227302676,1.9315805688831418
2026-05-09T21:45:30.038649,23/,CITE 26/26,CITE FEJJA-ALLER,39.41500575698398,clear,48.131578471805334,none,15.166334120343912,6,8,10,21.55595280129385,10.803466656524577
2026-05-09T21:45:30.038649,95 Retour,BAIGNEUR,CAFÃ‰ HAMME,16.431758594949972,storm,12.169225607694488,none,17.962132936827263,2,5,7,53.74739168894744,0.3429514143792063
2026-05-09T21:45:30.038649,32 B,CHARLE NICOLE-ALLER,AVENUE MADRID,37.47217449460997,clear,26.092191008260293,none,27.943838148382074,3,1,18,55.76652966483701,20.54316982843183
2026-05-09T21:45:30.038649,59 Retour,Depart,Arrivee,11.020204417476734,clear,13.493125449139747,none,37.860361176346075,5,10,2,73.66790070244419,9.862673712808403
2026-05-09T21:45:30.038649,48,HOPITAL KASSAB ALLER,TERMINUS CITÃ‰ ELBASATIN,46.574087321245344,clear,20.98521530269175,manifestation,18.85482715175039,6,3,19,52.28440607716326,8.89858480609238
2026-05-09T21:45:30.038649,4G,LYCEE SAOUEB-ALLER,L'ENVIRONNEMENT MANNOUBA,33.51953782801025,cloudy,46.76140515659988,match_sport,37.78260510926227,5,6,22,40.63615412970908,2.504663439014701
2026-05-09T21:45:30.038649,88 Retour,Depart,Arrivee,16.433557045032256,clear,96.02483074499159,none,12.883305312297235,4,11,13,78.81557064100377,10.672181848439024
2026-05-09T21:45:30.038649,86 Retour,MECAPROTEC AEROLIA,AMEN BANQUE,59.02785200486724,cloudy,90.75514968574022,none,30.08585995419218,6,3,20,17.2689595412793,1.438306173361584
2026-05-09T21:45:30.038649,10C,CENTRE DE COORDINATION OUARDIA,DJEBEL JELLOUD GP1,43.91624812674259,clear,82.63206260279513,greve_transport,28.055507237736087,1,9,7,102.8503091565347,5.613199078018545
2026-05-09T21:45:30.039649,14CG Retour,HOPITAL DES ENFANTS,TELECOM,54.43551429362925,rain,68.7585841711651,none,35.98677479682307,6,8,12,39.228234516753474,0.9597669969817515
2026-05-09T21:45:30.039649,17A Retour,MOSQUÃ‰E MEDINA JEDID,MÃ‰DINA JEDID,41.217451407921736,clear,19.948567239240493,none,25.74702559467309,0,12,18,25.24448889690138,0.4009571058662935
2026-05-09T21:45:30.039649,69,CITÃ‰ HELLA,CITÃ‰ HELLAL (TERMINUS 69,15.64812338955401,fog,72.05932049842474,none,8.219367144842444,1,8,1,49.61162304707398,1.131576685615085
2026-05-09T21:45:30.039649,90,CAFE Z PLUS-ALLER,CAFE BOUTOFFAHA-RETOUR,49.14916489785678,clear,94.83402460228137,festival,26.21683158983671,3,1,10,46.466305444961705,2.2951533693005857
2026-05-09T21:45:30.039649,55 Retour,BOUCHOUCHA-RETOUR,ALI BALAHOUAN,10.430090921635767,clear,44.457772237531444,match_sport,9.522709300410853,0,4,18,80.11195372785116,2.7011321970270323
2026-05-09T21:45:30.039649,17,CASINO RADÃ‰,DUBOSVILLE,51.82628481138885,clear,53.446613450692475,marathon,18.553520303914482,3,4,17,77.72731839204522,12.110313255928311
2026-05-09T21:45:30.039649,5C,CITE MAHRAJENE,CITÃ‰ SPORTIV,39.27518467900386,cloudy,46.49076804931547,none,24.261400320589193,3,11,6,16.498447940174852,1.1021094580449184
2026-05-09T21:45:30.039649,71 Retour,Depart,Arrivee,50.13182994064313,cloudy,61.50069843705374,festival,12.607680509259751,2,8,7,55.21707832139976,6.712484681538222
2026-05-09T21:45:30.039649,42,ERRIADH,SIDI TALEB,30.707734044098757,rain,38.38126500375273,none,23.636434180917117,1,2,12,38.80408761372596,3.9608285704186343
2026-05-09T21:45:30.039649,33B,ECOLE ZOUHOUR4-RETOUR,JARDIN THAMEUR,35.23084413200628,clear,36.63280810905367,foire,8.261474957046847,4,8,8,62.37870558564633,6.2761180211984
2026-05-09T21:45:30.039649,32 B,UNIVERSITÃ‰ IBN CHARAF ALLE,CENTRE DE FORMATION ZOUHOUR-RETOUR,20.977654213197763,rain,77.61862087284538,marathon,26.44748515367613,5,12,0,98.37275202057639,16.294903728971647
2026-05-09T21:45:30.039649,59 Retour,Depart,Arrivee,50.222726633871204,clear,31.54501494470851,match_sport,34.31256710701063,5,10,17,41.778881492498286,6.954942263164424
2026-05-09T21:45:30.039649,16C Retour,SECTION 16C CHABBAOU,INOPLAST,40.25917113834586,cloudy,72.36465885119165,congres,20.498768676118754,3,8,4,43.81436764265154,5.129923668884529
2026-05-09T21:45:30.039649,254 Retour,Depart,Arrivee,30.617961282562845,cloudy,20.84351367138354,none,30.717599679258026,0,5,3,36.61786209910927,13.380995336649807
2026-05-09T21:45:30.040649,14A,CENTER DE FORMATION RAS TABIA ALLER,OMRANE SUPÃ‰RIEUR ALLE,57.99384932631373,fog,98.22428295993879,none,22.190198362786788,4,8,1,45.032505673165595,1.822297989929044
2026-05-09T21:45:30.040649,27C,CAFÃ‰ LESKAL,SIDI AMOR,43.653936583785786,cloudy,50.216779068527146,none,33.16679185002742,4,7,23,28.19192825564869,7.513788134061139
2026-05-09T21:45:30.040649,71 Retour,Depart,Arrivee,30.22557893910769,rain,29.646147226789857,manifestation,29.025883342146596,4,1,12,70.66950465176674,8.355718973628695
2026-05-09T21:45:30.040649,36,KHEIREDDINE BACHA,PLACE DES DROITS DE L'HOMME RETOUR,40.81822824037511,cloudy,69.19321731014972,none,36.01675274305498,2,7,1,33.88911584244688,1.4076410407073787
2026-05-09T21:45:30.040649,31 Retour,GAALOUL,BORTAL RETOUR,21.7748642578035,clear,98.32942649191891,none,38.51133838344305,0,2,19,62.25036711411746,3.1521843802381966
2026-05-09T21:45:30.040649,258 Retour,Depart,Arrivee,26.78635997304168,clear,84.97836023054066,none,17.938505987985486,6,11,5,37.83658880948215,8.721297006009936
2026-05-09T21:45:30.040649,24H Retour,DISPENSAIRE,ZONE INDUSTRIELLE,12.308307766196094,rain,82.3423573540576,none,29.372648091235163,0,5,6,68.00102217152256,4.93321815179251
2026-05-09T21:45:30.040649,23F,CIMETIERE ANGLAIS-ALLER,KIOSQUE AGIL-ALLER,38.15088477884028,clear,72.9452110618426,none,8.99269144659122,3,11,15,35.20219970352225,3.1642234784428034
2026-05-09T21:45:30.040649,55,ALI BALAHOUAN,BOUCHOUCHA-ALLER,37.42345261917531,fog,71.94041496752885,none,11.714880780655598,0,12,19,52.980984334252696,2.525126825574239
2026-05-09T21:45:30.040649,6 Retour,PLACE SALA CENTRE,LYCEE ARIANA,46.81088577715082,storm,88.4104968394876,none,32.2632904816509,5,6,21,39.72456316620009,0.9498196053164358
2026-05-09T21:45:30.040649,94  Retour,Depart,Arrivee,53.6377258973601,clear,63.9669738113267,none,26.2848706824065,4,7,0,25.713925147726354,9.154504775081236
2026-05-09T21:45:30.040649,18B Retour,PLACE SALA CENTRE,EL ANBARIA,37.532952318664144,cloudy,15.246601755001823,none,31.352092472387486,1,5,21,11.539653499484057,1.0518541078700885
2026-05-09T21:45:30.040649,44B,MAKFOUFINE 1,MREZGEYA,11.964762779060687,clear,17.86616928557349,festival,19.696420627251168,5,6,7,44.47091034961396,2.352482328348257
2026-05-09T21:45:30.040649,79,SIDI BECHIR-ALLER,LYCÃ‰E AGBA 2 RETOU,49.9594202541176,storm,31.683095543521098,none,17.060186486201104,3,11,14,56.07886240228748,9.572976731070181
2026-05-09T21:45:30.041648,20G Retour,LAC PALACE,MECHTEL,52.490653267858086,clear,59.02913188679423,none,12.673701216192768,5,8,18,29.43212876567945,7.1971475438904555
2026-05-09T21:45:30.041648,57A,KIOSQUE,CAFÃ‰ MARAY,22.17323970801408,clear,74.47732416491583,none,10.226280453609274,5,4,6,22.76396382193652,1.1077158150887723
2026-05-09T21:45:30.041648,46B,SICLOU,TERMINUS LAAJEMA,14.40985960577951,clear,92.47368132870291,none,30.37129148546832,4,1,6,52.08852495138091,3.7987475006626923
2026-05-09T21:45:30.041648,27C Retour,EL ANBARIA,10 DECEMBRE,19.906417748099667,rain,70.73552725444944,greve_transport,37.890298438155604,6,6,0,79.29841370398707,0.9991466591280123
2026-05-09T21:45:30.041648,38B Retour,CLINIQUE TAOUFIK ALLER,MUNICIPALITÃ‰ MUTUELLE VILL,32.38105633877462,storm,44.71073892406597,none,37.26631450454635,1,3,10,51.80806872959173,1.8121579264233683
2026-05-09T21:45:30.041648,21 Retour,GAZDALLI,KHLÃ‰DIA GAR,57.77311940177378,clear,79.40664401817918,none,9.964964609521111,5,6,16,22.574257689770654,2.424749081368753
2026-05-09T21:45:30.041648,20G Retour,STADE RAJET HAIDER,DAH DAH,21.93068933554887,cloudy,64.74709617553893,festival,19.705360592008386,0,11,20,64.22446466931235,9.639614640446833
2026-05-09T21:45:30.041648,81B,14-janv,JARDIN D'ENFANTS MOUROUJ 5,16.017222496757817,clear,28.035923604486488,greve_transport,21.327929978638053,5,5,20,61.16088959106742,1.0709967165423164
2026-05-09T21:45:30.041648,261 Retour,Depart,Arrivee,12.492821564162012,fog,60.39262149124257,none,29.984155138837856,1,2,0,98.6493825131042,11.236631280444008
2026-05-09T21:45:30.041648,3710,OUED TRABELSIA,MOUROUJ 4 L(3710-54),21.734370677587023,clear,67.8611897338827,none,39.7110342324664,3,9,3,81.68825124090137,18.66887036116845
2026-05-09T21:45:30.041648,56 Retour,IMMEUBLE CHEFIA,BAB LAASSAL,53.04597890983435,storm,75.82293411047341,none,14.623527145161031,5,2,3,41.094954451529986,1.5634694434012317
2026-05-09T21:45:30.041648,45B,CITÃ‰ ELBRA,ROUTE CHAOUAT,44.187253164392054,clear,59.387227255707714,none,30.28831915756787,1,12,21,33.15329941421343,12.322831642722893
2026-05-09T21:45:30.041648,75,PLACE 14 JANVIER (BOUMHEL),AV DE L'ENVIRONNEMENT,21.03590538198943,rain,57.14137616356061,none,17.138984430765696,5,6,2,22.50535587234336,0.36315654649039253
2026-05-09T21:45:30.041648,85,PLACE 14 JANVIER (BOUMHEL),TERMINUS 75 85,17.841304866984764,clear,37.916773950975916,none,22.93472968912723,3,3,21,18.69117281839746,0.6118718296255956
2026-05-09T21:45:30.042648,249 Retour,Depart,Arrivee,40.607223553084836,clear,96.42697485609817,festival,35.22230564241971,6,10,23,51.65268972693798,3.377957213119939
2026-05-09T21:45:30.042648,5D Retour,PATISSERIE BEN YEDER,PASSAGE JEANS JAURES ALLER,28.9823588606987,clear,22.66863819766686,festival,17.82750886883875,3,1,15,28.335229437375407,2.213624793798113
2026-05-09T21:45:30.042648,24H,MGHIRA,TERMINUS CITÃ‰ ENNASSI,30.918541910950907,cloudy,98.19749613231697,holiday,10.30829522248262,3,9,1,52.630383333693906,3.291699101924884
2026-05-09T21:45:30.042648,46 Retour,DAR ELBIDHA,EZENGA,33.422717152685166,clear,34.68907410044555,none,10.69354203534861,6,9,3,29.698284010233692,12.400205786722049
2026-05-09T21:45:30.042648,264 Retour,Depart,Arrivee,49.99064519173731,clear,11.550986448028564,none,33.26332436131155,4,2,14,25.2503944483063,10.146093063412204
2026-05-09T21:45:30.042648,5D Retour,TERMINUS 5D/ 51A,JEANS JAURES,11.126663298473984,clear,44.86849027212606,none,13.914181734321431,0,7,18,90.90273579064308,8.243604927584594
2026-05-09T21:45:30.042648,14A Retour,CENTER DE FORMATION RAS TABIA ALLER,SIDI ALOUI,25.928413185799066,clear,45.24456758721217,match_sport,21.795603897697127,3,9,10,39.30842055065449,3.144538176673679
2026-05-09T21:45:30.042648,10,DEPOT BIR EL KASSAA,CELLULOSE (SILOS),35.47809320325961,cloudy,32.55371022984426,foire,10.764229100388253,6,7,18,39.82773389814443,2.553738730447227
2026-05-09T21:45:30.042648,54B,JARDIN D'ENFANTS MOUROUJ 5,LES ROSES MOUROUJ 1,39.66074203678703,cloudy,38.60329360615807,none,16.08553156548087,2,4,2,17.312036699059824,3.9937345932366917
2026-05-09T21:45:30.042648,54D,CENTRE BEN AROUS,SIDI FATHALLAH1,42.28540879035419,clear,44.567709374856285,none,12.322688319113759,0,8,1,27.684129396562824,2.2061119158699425
2026-05-09T21:45:30.042648,263 Retour,Depart,Arrivee,19.740857002536764,cloudy,81.37414888494082,none,19.361740133409466,3,7,8,86.28480802700423,13.569993859391984
2026-05-09T21:45:30.042648,24E Retour,CITÃ‰ TRABELS,ZONE INDUSTRIELLE,20.032057120822678,clear,31.377547441814716,none,18.65478001075389,4,8,7,45.03466657848211,7.5283201206359
2026-05-09T21:45:30.042648,59A Retour,LA CAGNA (SECTION),CIMETIERE JALLEZ,29.82511123573294,rain,93.70359945351449,none,10.534351258816237,0,5,6,44.570419624829825,1.7214822412337591
2026-05-09T21:45:30.042648,79 Retour,Depart,Arrivee,55.585249938494094,cloudy,43.146212964284175,none,30.108240167889857,1,11,6,23.6389294285149,7.368712083002952
2026-05-09T21:45:30.043648,31A Retour,CASERNE OUED ELIL 1,CHEBBI RETOUR,31.571444952154632,cloudy,16.320471183377563,none,17.70036489952712,6,12,7,29.098154632443972,5.594634823717421
2026-05-09T21:45:30.043648,23,ZONE INDUSTRIELLE-ALLER,MOSQUÃ‰E BORJ EL AMRI-RETOU,14.135980052373323,clear,89.87679274388793,manifestation,25.919773097005088,4,9,10,93.36476656825205,8.385357845165093
2026-05-09T21:45:30.043648,80,MINISTÃ‰RE DE L' Ã‰QUIPEME,GUICHET GÃ‰AN,39.92186917263909,clear,81.26764527487948,none,23.118461451729054,0,9,12,48.915828443934025,11.500626408105063
2026-05-09T21:45:30.043648,58,OUED ELLIL (16C 58),CITÃ‰ ENNEJET ,54.020651009512065,clear,76.15412257844476,foire,21.53358762965981,4,1,9,56.01617752200025,0.5928035255692121
2026-05-09T21:45:30.043648,3AG,CHARLE NICOLE-ALLER,BORTAL ALLER,56.73406941059884,cloudy,38.40391653280547,marathon,33.71106690441165,4,5,10,50.90321179315563,4.835831276729602
2026-05-09T21:45:30.043648,20,CITÃ‰ EL KHADHR,DAH DAH,12.995370303432814,clear,37.048916107880565,none,17.984528097615367,5,4,12,34.63213893355798,2.898966454180189
2026-05-09T21:45:30.043648,95 Retour,BOUDRIA ALLER,RABATTEMENT SLIMEN KAHIA,15.182655280010056,clear,84.47306356764173,none,33.92509224094048,2,6,9,49.17001487041591,2.1107446268615693
2026-05-09T21:45:30.043648,53 Retour,Depart,Arrivee,28.498952337158777,cloudy,61.19822833130619,none,9.985902420087985,0,9,13,69.07291037874406,14.315578045607166
2026-05-09T21:45:30.043648,81 Retour,Depart,Arrivee,57.215812121022076,clear,14.309552858963611,festival,23.50750202795522,3,2,21,28.886461446886333,13.229064179177279
2026-05-09T21:45:30.043648,39 Retour,ELOULIJA,SOCIÃ‰TÃ‰ DE CHAUSSETT,16.49983428140997,clear,12.663754589091731,greve_transport,15.556420461336383,2,5,15,79.7027139210415,3.3990618119735867
2026-05-09T21:45:30.043648,635,CHARGUIA 2,PLACE SALA CENTRE,16.31481509912788,fog,23.55686726434052,none,16.38552044905424,6,2,15,23.890146587740507,1.4127725350142732
2026-05-09T21:45:30.043648,19G Retour,CARREFOUR MÃ‰DINA JEDID,SALLE DES FÃ‰TES BELLEVU,59.74042041058734,clear,17.649868382611928,none,20.9628903348023,2,11,23,7.580253450721048,7.555097259209198
2026-05-09T21:45:30.043648,54A/ Retour,DÃ‰LÃ‰GATION MOUROUJ,BATAM,33.07648691206999,cloudy,37.43292877247814,none,30.77569688409338,2,8,19,31.571976169442546,1.2430534635651362
2026-05-09T21:45:30.043648,44 Retour,BEN ARFA,MNIHLA,34.44840461453738,fog,99.59794953125895,congres,39.54230799919392,5,10,5,54.222270502372915,2.8685735920351796
2026-05-09T21:45:30.044648,21A Retour,EL HOUEMED 2,EL HOUEMED 1,38.93593198849798,fog,31.919299194724907,none,16.670822169458386,5,1,21,13.25583757657374,0.8033947979132776
2026-05-09T21:45:30.044648,80 Retour,LA FAYETTE ALLER,PASSAGE JEANS JAURES ALLER,44.644655197356286,cloudy,28.343010471420246,foire,24.855766839091732,3,4,17,40.05144054634688,0.4122978136141029
2026-05-09T21:45:30.044648,66B Retour,CROISEMENT MATEUR,CITÃ‰ ERRAJE,42.1329010048652,cloudy,32.9017137209122,none,17.374493028421668,6,12,13,37.0153362617178,11.84065600326513
2026-05-09T21:45:30.044648,20A,EZOIDIA 20A,TERMINUS 20A,45.14573483778701,storm,51.697591174016075,festival,24.572285444108044,4,6,11,63.948274313303045,2.0843457620115178
2026-05-09T21:45:30.044648,52 Retour,CITÃ‰ EL HABI,TERMINUS 20B,45.796136746106214,storm,37.935174289815656,foire,27.611219311607524,4,11,10,53.15388776130419,1.2807559743473433
2026-05-09T21:45:30.044648,59 Retour,Depart,Arrivee,45.13777257927934,clear,77.65439531817317,festival,39.92103308636092,0,4,17,76.52039563831416,11.480669066109447
2026-05-09T21:45:30.044648,6P,JARDIN THAMEUR,10 DECEMBRE,48.36967727535804,clear,84.72899723325722,none,26.041097472614812,4,11,19,43.403526317936404,4.44543519329193
2026-05-09T21:45:30.044648,93,RABATTEMENT KHAIREDDINE MANNOUBA,TERMINUS 16A 93,25.445274060751153,clear,67.53778991930476,none,13.97777127850722,4,8,19,43.189015684759305,2.433041576483721
2026-05-09T21:45:30.044648,33A/,SALLE FERDAOUES-ALLER,CROISEMENT BIRINE L33A/-ALLER,50.171664694211486,clear,85.9966609420152,none,12.164052879752145,5,8,2,23.052727016343738,3.884195801778727
2026-05-09T21:45:30.044648,20C,BIRSA 2,CARTHAGE HANNIBAL,38.10166328533879,rain,85.50379248746317,festival,38.478350663786955,6,10,2,45.717303795061625,0.966979399048725
2026-05-09T21:45:30.044648,77 Retour,GUICHET GÃ‰AN,TOUBEN 2,55.24447356937411,rain,30.895568677747708,none,29.092756333726772,3,5,15,27.413950702140607,7.014585710756975
2026-05-09T21:45:30.044648,32D,STADE MELLASSINE-RETOUR,JARDIN THAMEUR,59.40543270038601,storm,39.76538658378662,none,26.77550671847469,0,3,11,39.551610639952656,3.7028926490271754
2026-05-09T21:45:30.044648,5D Retour,MONOPRIX MENZEH 6,ï¿½TAT UNIS,27.610320600964002,clear,85.17010852941175,none,28.20734033276133,4,7,20,26.45725939761958,1.2877051451009764
2026-05-09T21:45:30.044648,62A Retour,NAHLI 3,NAHLI,25.20229974187044,rain,36.275179497761194,none,11.803947900361138,1,11,1,27.053618856819096,1.5028073716794754
2026-05-09T21:45:30.045648,39,STADE MUNICIPALE,IMMEUBLE RADES FORET,35.02359973782881,clear,83.88678617804096,none,11.472778080931974,4,2,16,24.708352526782463,0.35289288890841597
2026-05-09T21:45:30.045648,46B Retour,TERMINUS LAAJEMA,CITÃ‰ AKACH,45.91550481924584,clear,54.073951697056195,none,23.6539808759995,0,5,11,30.344817399902293,10.834739903590458
2026-05-09T21:45:30.045648,87,25 JUILLET-ALLER,COFAT,58.24528314129305,rain,24.532343336714177,none,10.5223646545072,3,3,11,14.65909815779607,5.0215429392457
2026-05-09T21:45:30.045648,19C/ Retour,CENTRE DE COORDINATION OUARDIA,STATION BARCELONE,21.5385113219644,clear,21.302746176408284,none,30.02917847302581,2,11,7,29.43874933198255,2.499826673971306
2026-05-09T21:45:30.045648,81A,JARDIN D'ENFANTS MOUROUJ 5,CENTRE CHALLAKH EL MOUROUJ 4,39.623082838942196,fog,87.9756022187707,none,19.55020701515798,3,5,9,59.25953371561135,1.453283079280426
2026-05-09T21:45:30.045648,38C,CAFÃ‰ CHIRA,TERMINUS 38C,51.99815867975125,clear,82.90769785089209,none,35.57862308103836,4,2,14,34.15014431991791,1.3798178557853102
2026-05-09T21:45:30.045648,24F Retour,CENTRE DE FORMATION MGHIRA-RETOUR,CITROEN,15.62924142331397,clear,92.15936440998411,none,10.746589920352097,4,3,2,31.684577338846378,0.5050881814553745
2026-05-09T21:45:30.045648,63,BORJE LOUZIR,BORJE LOUZIR2,34.44426728522626,cloudy,62.212877679511955,festival,29.384555845731814,0,2,20,38.871634958026675,0.10253951441442677
2026-05-09T21:45:30.045648,23B,HUILERIE LOUKIL-RETOUR,CANAL AGBA-RETOUR,35.29552388928479,cloudy,40.253953969185105,greve_transport,25.822758729806665,0,3,13,92.9498745310335,4.80531617120619
2026-05-09T21:45:30.045648,87 Retour,Depart,Arrivee,24.851921042286804,fog,65.91947102855616,none,8.347122007052803,1,6,16,75.60925591847159,14.881039671099524
2026-05-09T21:45:30.045648,44D/,MAKFOUFINE 1,LYCÃ‰E SIDI THABE,45.27031445977405,clear,53.50383214452925,manifestation,24.74090475095185,2,9,6,49.7898779176296,2.786141584964458
2026-05-09T21:45:30.045648,19 Retour,AV RÃ‰PUBLIQUE ,CITÃ‰ COMMERCIAL,45.6893662996567,cloudy,30.961745226942035,marathon,10.268893981479579,4,2,20,45.70819799115718,1.4348508830795632
2026-05-09T21:45:30.045648,248 Retour,Depart,Arrivee,42.81385371446316,rain,47.31928683800692,congres,19.031149527008,4,12,3,39.86127027700826,2.1646454103985273
2026-05-09T21:45:30.045648,19C,COLLÃ‰GE YASMINE,AV FAYCEL IBN ABDELAZIZ,58.569557847782995,rain,53.57694484640483,none,16.23081195319794,6,3,5,12.892707166017278,0.7376949393777466
2026-05-09T21:45:30.046648,259 Retour,Depart,Arrivee,30.91591457492976,storm,68.8487385776003,none,10.671700098447225,1,1,23,51.94713233800948,3.8381181431579128
2026-05-09T21:45:30.046648,25B,STEG NASSEN,SIDI FATHALLAH1,14.311791588294778,clear,22.674320454724473,congres,9.09176623521908,2,3,23,62.091392026685625,6.911309493021314
2026-05-09T21:45:30.046648,61 Retour,Depart,Arrivee,30.50623560756958,cloudy,23.68055387196975,none,24.91490163513062,6,11,13,42.89847482681996,13.976530461138783
2026-05-09T21:45:30.046648,31A Retour,ECOLE PRIMAIRE GOUEZINE,RELAIS BARDO,17.180972213731586,cloudy,72.73226023408199,none,16.922031840421514,5,6,7,92.01609016866139,15.85775321842755
2026-05-09T21:45:30.046648,23/ Retour,AALOUINE1,CAFE MEDINA 23/,22.233700393447844,clear,62.113760633407914,none,39.58369032219741,3,2,17,52.06342360139715,3.3680674027841455
2026-05-09T21:45:30.046648,63 Retour,LA FAYETTE ALLER,JARDIN THAMEUR,22.025501482091265,clear,69.99857939766979,none,33.76607927908256,0,6,5,24.64509805184066,0.8801426080739709
2026-05-09T21:45:30.046648,73 Retour,Depart,Arrivee,16.92134113088194,clear,23.884418563303587,festival,14.691127348349085,6,8,16,57.02313616722169,11.05526113313219
2026-05-09T21:45:30.046648,54D,PROTECTION CIVILE,DJEBEL JELLOUD,38.30750423085142,storm,29.55842646731979,none,12.087377895213823,6,10,20,25.150180893834268,0.17354228990481246
2026-05-09T21:45:30.046648,69 Retour,RUE DES MARTYRS,CIMETIERE JALLEZ,32.04525268581651,clear,21.364664373992458,foire,30.794314401128336,3,10,10,31.562270713398142,1.8927433107445295
2026-05-09T21:45:30.046648,42 Retour,Depart,Arrivee,26.28414157705088,clear,80.76459819080881,festival,23.941140074333603,5,3,14,58.236143521396826,7.3770617867076265
2026-05-09T21:45:30.046648,20C,CHARGUIA,LAC PALACE,26.404250118180492,clear,32.65376373783715,greve_transport,27.69161761450862,0,8,12,80.95636316639454,3.0962329504087194
2026-05-09T21:45:30.046648,49 Retour,Depart,Arrivee,51.7092842561913,clear,84.7888454795437,none,13.089629715294116,2,10,17,36.59200961843915,2.1744820985822204
2026-05-09T21:45:30.046648,23E,MORNAGIAA-ALLER,EPICIER JILANI-ALLER,11.504549336389632,clear,84.30575916330315,none,21.283000634688634,0,10,15,146.89084709457967,22.0813598779371
2026-05-09T21:45:30.046648,17A Retour,AVENUE DE LA RÃ‰PUBLIQUE ,MÃ‰DINA JEDID,42.55365871131413,clear,72.54330624422207,festival,33.64191681948104,1,3,5,40.14415070211979,4.115980754341299
2026-05-09T21:45:30.047648,60G Retour,RUE 10800 (2),LA CAGNA (SECTION),37.97413796180513,clear,36.981468487009714,none,14.904067354597718,6,3,8,31.567928387282535,3.8398119006016267
2026-05-09T21:45:30.047648,85 Retour,LYCÃ‰E NASSE,BTK,29.356282785085995,clear,21.947043599718604,none,36.48513944231931,6,1,19,36.188725017528434,8.41142338366581
2026-05-09T21:45:30.047648,25A,PROTECTION CIVILE,STEG NASSEN,52.609758173810455,cloudy,35.45713955055821,none,36.889792623732674,4,11,20,23.19750253919807,6.807086638311455
2026-05-09T21:45:30.047648,24F,CITÃ‰ EL OUIFA,CITÃ‰ EL OUIFAK ,31.359171354865246,cloudy,61.64490858284589,none,13.038829142912803,3,8,22,23.39805288613574,0.4701171985821446
2026-05-09T21:45:30.047648,6B Retour,TERMINUS CITÃ‰ EL MALLAH,MOSQUÃ‰E ARIANA EL JADID,30.830810850866357,clear,88.9003989336793,none,22.397071009122136,1,12,13,40.436582991159824,0.4495252338933263
2026-05-09T21:45:30.047648,249 Retour,Depart,Arrivee,33.279123914220605,clear,46.96073147897518,none,10.484514481472704,5,2,15,20.086693362447416,3.345276918433073
2026-05-09T21:45:30.047648,24/,DISPENSAIRE,TERMINUS CITÃ‰ ENNASSI,45.98766137949285,cloudy,57.50920723438886,none,26.692329992846712,6,11,15,18.188301567763876,0.6034284392510152
2026-05-09T21:45:30.048151,16C,INEPS,SECTION 16C CHABBAOU,57.398150902821655,clear,13.215034856071938,none,11.942188956412089,0,7,10,9.08430595407785,7.3607416764656906
2026-05-09T21:45:30.048151,46 Retour,LYCÃ‰E TECHNIQUE L'ANGALIN,TERMINUS TEBOURBA,35.69826592847938,clear,84.49561592454627,match_sport,20.36759107364465,4,1,9,68.11049426178667,2.136008742259584
2026-05-09T21:45:30.048151,29 Retour,DUBOSVILLE,BAB ALIOUA GP1,58.057089404896246,clear,25.08122233791377,none,13.346214589380157,1,2,11,5.226859119538407,0.9457352507974743
2026-05-09T21:45:30.048151,20A Retour,DAH DAH,CITÃ‰ EL KHADHR,24.050127341971052,cloudy,53.67129552788104,festival,39.29428519211068,3,1,4,51.99344080057284,2.89896645418019
2026-05-09T21:45:30.048151,89,BEN DAHA-ALLER,MONTAZAH,40.798227121519474,rain,34.87747249330083,none,30.31289900223916,4,11,21,20.17597203869611,2.3614186589889794
2026-05-09T21:45:30.048151,26 Retour,SIDI FATHALLAH1,AVENUE DE LA GARE,35.1746542786492,clear,77.53698087861405,match_sport,24.73672470619682,6,3,19,49.73078733458422,3.430551495648716
2026-05-09T21:45:30.048151,20A,E.P BHAR LAZREG,TERMINUS 20A,12.58181938131094,clear,35.64722758534103,none,28.837260693182312,1,12,21,25.56054532934546,0.6501827697511793
2026-05-09T21:45:30.048151,33,JARDIN THAMEUR,USINE DE TOMATES-RETOUR,31.27059952959093,clear,94.28676594977915,none,14.179320367031629,4,8,15,33.6145325329873,4.4510685390521365
2026-05-09T21:45:30.048151,27C,CITÃ‰ 26/2,GUICHET GÃ‰AN,27.31725660212832,clear,35.67519234307578,festival,13.158692797417878,4,1,6,33.90500720031371,3.4841821514037257
2026-05-09T21:45:30.048151,17B,LES SALINES,CENTRE RADES,56.54046409570079,cloudy,35.083173497095046,festival,14.167606536035098,1,9,9,50.66659695131779,6.23119320818142
2026-05-09T21:45:30.048151,58 Retour,SECTION 16C CHABBAOU,P.T.T OUED ELLIL,36.17184387121303,clear,53.137018377275425,none,30.138702863605406,5,11,6,12.744232900630852,1.4732274258526408
2026-05-09T21:45:30.048151,82 Retour,CNSS,GARE DJEBEL JELLOUD,52.05108868398021,clear,68.04225965485648,none,21.417696920529796,2,4,0,18.76667603765156,1.4928173413879318
2026-05-09T21:45:30.048151,58,LYCÃ‰E IBN FOURA,CITÃ‰ ELWARD 16,23.862764674553468,clear,44.618560505571224,match_sport,37.38907766159072,6,10,9,50.70687941623691,1.9925859491300448
2026-05-09T21:45:30.048151,19C,DUBOSVILLE,CENTRE DE COORDINATION OUARDIA,51.51549707924827,cloudy,39.10859084777118,festival,24.307898849841852,5,12,7,47.54446960704611,10.987583854721873
2026-05-09T21:45:30.049152,73 Retour,Depart,Arrivee,17.307080004652498,clear,68.10608473571733,none,10.930123298501375,2,10,11,43.26642570954283,6.501133605562101
2026-05-09T21:45:30.049152,25A,COLLÃ‰GE MOUROUJ ,DUBOSVILLE,33.30448082146016,rain,24.02098389358835,marathon,26.2098416492962,0,9,23,59.70393946932204,6.822968170819713
2026-05-09T21:45:30.049152,3710,CHOUCHET RADES,CROISEMENT MOUROUJ 3,51.90959564643938,fog,71.95323927403734,none,14.240694869142295,5,1,7,48.124300541325105,6.882509251095549
2026-05-09T21:45:30.049152,635,ONAS,LES ABATTOIRS,11.518919298502563,cloudy,18.21021957582643,congres,23.431707884545613,0,9,5,51.25989592342857,4.597499455420214
2026-05-09T21:45:30.049152,24E,FERAILLE 2,FOUCHANA CENTRE,58.68289800905406,clear,53.45821348908534,none,13.686326496205709,5,10,8,26.94899408905339,3.8163015304230146
2026-05-09T21:45:30.049152,26C,BOUJERDGA,SOMAG,14.468738894246021,clear,72.94808027678923,match_sport,23.07508493729803,1,11,1,58.40081302217136,2.773815035684451
2026-05-09T21:45:30.049152,259 Retour,Depart,Arrivee,21.26409953206865,rain,15.856948679931776,none,31.923300634911758,6,11,1,37.46798060226475,8.174413382173366
2026-05-09T21:45:30.049152,27A,CAFÃ‰ LESKAL,TUNISIE TÃ‰LÃ‰COM EL GHAZE,42.61196669451557,fog,89.30461102205187,none,15.606063520797893,5,1,3,35.20247549651854,2.785363357006235
2026-05-09T21:45:30.049152,22G,SALLE DES FÃ‰TES KERMES,CENTRE DES HANDICAPÃ‰,10.750986403700688,rain,44.794234292865255,none,14.02796312370694,0,2,18,109.78211237776911,11.743535382145023
2026-05-09T21:45:30.049152,26A Retour,CITÃ‰ MILE,EL AFRANE,52.72405476335363,clear,84.38388295347917,none,14.26315263817444,0,12,11,33.052945693100995,11.87072275188839
2026-05-09T21:45:30.049152,15,DARGHOUTH BACHA ALLER,STADE MELLASSINE-ALLER,15.42869461942449,clear,88.37141914693747,none,21.49204166640101,3,9,20,42.433688171179064,0.9141570483812629
2026-05-09T21:45:30.049152,24F,CENTRE DE FORMATION MGHIRA-ALLER,CITÃ‰ EL AMA,42.75267067196724,clear,39.66695449885705,none,16.298486395781858,6,1,15,10.424309514986502,1.2602232931913058
2026-05-09T21:45:30.050153,16B Retour,DJEDAIDA GARE ALLER,OUED CHAFROU,10.991283143721455,clear,71.67829806018472,festival,31.168888815750957,4,12,12,70.11522734876127,2.806426528876509
2026-05-09T21:45:30.050153,63 Retour,PLACE SALA CENTRE,MINISTÃ‰RE DE L' Ã‰QUIPEME,18.10695594621515,clear,31.4869561575081,festival,36.958708218622334,2,4,20,46.134044308350134,3.19413445677142
2026-05-09T21:45:30.050153,88A,CROISEMENT BEN YEDDER-ALLER,OUED GUERIANA L71-RETOUR,14.217779691028483,cloudy,34.01746937256934,festival,12.24610843061297,4,3,1,63.04082073820014,7.0789426752731295
2026-05-09T21:45:30.050153,23,CANAL AGBA-ALLER,BOUHALLEB-ALLER,30.333433186796128,rain,71.99553018861045,none,31.606713946788766,0,4,15,64.7350183827878,16.898258597693292
2026-05-09T21:45:30.050153,262 Retour,Depart,Arrivee,24.903655164622585,cloudy,51.214567538801425,none,26.306858861196556,6,11,7,49.45959885010278,9.310061708185154
2026-05-09T21:45:30.050153,87,BOUCHOUCHA-ALLER,OUED GUERIANA L71-RETOUR,36.728510418273586,clear,74.04267566032084,none,33.42269484240947,0,12,23,57.406393728656504,19.735891276726772
2026-05-09T21:45:30.050153,68 Retour,BOUCHOUCHA-RETOUR,BAB SAADOUN RETOUR,50.30897334262738,rain,24.439077785387937,none,27.384286421779333,3,2,18,33.36954948185392,0.7937169430589819
2026-05-09T21:45:30.050153,44D RETOUR,CITÃ‰ EL GHAZEL,CHARGUIA 2,55.9414881722253,clear,80.90207203174307,none,17.42373812809431,1,8,7,47.32365830387042,4.54905314146286
2026-05-09T21:45:30.050153,60A Retour,TRIBUNAL TAAKIB,HOPITAL DES ENFANTS,34.036785782858516,clear,25.676808357573066,marathon,12.550790818015013,2,10,15,40.79970057337856,1.0331545643934028
2026-05-09T21:45:30.050153,20G Retour,KHEIREDDINE BACHA,CHARLE NICOLE-RETOUR,41.27967324073787,clear,81.98572928493947,congres,37.85794554408585,3,8,11,52.65293139861062,3.7327472251048697
2026-05-09T21:45:30.050153,33C,CHAKIRA,STADE MELLASSINE-RETOUR,10.64864956030235,clear,79.42033332125294,none,33.42099891899501,4,11,4,73.2232154889471,7.353618577345433
2026-05-09T21:45:30.050153,54C  Retour,CENTRE DE FORMATION SNT,CENTRE BEN AROUS,25.66395878542296,cloudy,56.50225449076543,none,9.808735912259671,3,3,20,30.971714208356122,1.812831296794723
2026-05-09T21:45:30.050153,57 Retour,Depart,Arrivee,55.3725201282338,clear,64.40090761771334,none,32.90789912572584,6,2,12,26.64762735276598,7.334242493917339
2026-05-09T21:45:30.050153,247,CARTHAGE SALAMBO,NACER,44.94525388841671,rain,88.97809190964895,festival,19.108875525579627,3,4,13,65.9351342058023,6.357685943869187
2026-05-09T21:45:30.051152,265 Retour,Depart,Arrivee,41.292791696789166,clear,92.78224756470989,manifestation,36.23792768792998,6,5,5,65.34168639473197,7.829332560188288
2026-05-09T21:45:30.051152,249 Retour,Depart,Arrivee,58.519157002351974,clear,95.12896516363598,none,20.06362173761703,4,12,23,26.859872489306856,2.9045045600721906
2026-05-09T21:45:30.051152,66 Retour,CITÃ‰ ERRAJE,TERMINUS TEBOURBA,16.152884583902598,clear,16.085937938601372,festival,27.09605271102573,2,1,20,30.73682013953279,1.2425210300584695
2026-05-09T21:45:30.051152,16/ Retour,INOPLAST,BOUCHOUCHA-RETOUR,11.837344071598345,cloudy,43.628064869385945,none,36.043142815907714,6,12,20,61.343187301813145,6.7011151472098724
2026-05-09T21:45:30.051152,19C/ Retour,EL AFRANE,AVENUE DE LA GARE,30.260393072893812,fog,24.00900771424656,none,16.226618896601018,3,5,13,34.167351386931706,1.9011906214161387
2026-05-09T21:45:30.051152,23/ Retour,STEG MENZEL HBIB 23D-23/,CAFE MEDINA 23/,17.850203071686924,clear,70.45484755000788,greve_transport,20.036150419200006,2,6,20,119.96839060659963,9.583036820423896
2026-05-09T21:45:30.051152,54 Retour,CENTRE BEN AROUS,CROISEMENT MOUROUJ 3,11.568689582589666,clear,65.14393039525302,none,16.33850291787015,1,7,4,51.05404286851338,4.362518516389879
2026-05-09T21:45:30.051152,255 Retour,Depart,Arrivee,47.61266383916026,rain,15.948211560622399,none,36.56461150622066,2,3,2,32.97516455985364,10.890776502730949
2026-05-09T21:45:30.051152,5D Retour,PLACE PASTEUR,PLACE JEANS DARK ALLER,56.152384141966294,clear,59.56612143920965,marathon,21.777075399486726,1,8,4,53.74502951579372,0.5507066989252554
2026-05-09T21:45:30.051152,9B,HAMMAM J-JELLOUD,CIMETIERE JALLEZ,49.205924603340975,rain,59.76287351665834,marathon,11.70829538325254,5,3,5,55.083187014120035,2.6313307673665918
2026-05-09T21:45:30.051152,76 Retour,Depart,Arrivee,15.66715795584285,clear,98.00298795763955,none,22.477628252584218,6,3,8,63.64689223659022,5.2761618532557
2026-05-09T21:45:30.051152,62 Retour,CITE EL BOKRI,CITÃ‰ POPULAIRE ENNAHL,57.729244467726346,clear,21.231723912678106,none,26.378335104824714,4,7,22,10.47523129361948,5.559445171593163
2026-05-09T21:45:30.051152,255 Retour,Depart,Arrivee,13.861012014573545,rain,17.1137059654703,manifestation,29.20348365342596,4,12,7,84.90087152626047,3.900557060583217
2026-05-09T21:45:30.051152,36,PLACE DES DROITS DE L'HOMME RETOUR,TERMINUS TUNIS MARINE BUS,59.33665923670438,clear,84.78788372792188,festival,8.506052179579505,6,10,8,40.60144877268669,0.9060671558885822
2026-05-09T21:45:30.052152,35,DEPOT CHARGUIA,EL FELL,24.974894520366444,clear,92.51137796115334,none,8.439617823499571,5,7,16,32.6902631816321,1.4640177431553942
2026-05-09T21:45:30.052152,98 Retour,POMPAGE,CITÃ‰ TORJME,28.54656990520513,clear,10.129802498646152,none,17.648851242519,0,3,14,12.188773080137572,1.4986901720181915
2026-05-09T21:45:30.052152,74G Retour,MOSQUÃ‰E AL HAWA ALLE,CHARLE NICOLE-ALLER,18.55841752459102,rain,32.82273734256823,none,36.62828982391261,5,1,5,25.95528399391372,1.119002945713314
2026-05-09T21:45:30.052152,22G,MOSQUÃ‰E CITÃ‰ EL FE,TRIBUNAL TAAKIB,54.53994175802391,clear,12.927678155784488,none,14.655752019423733,5,11,5,7.773698449373681,5.8067900506589805
2026-05-09T21:45:30.052152,44B,SANHEJI,MAKFOUFINE 1,31.949208194842257,clear,59.713714090409816,none,8.907250584845702,3,8,7,52.80047416949918,8.147160905824808
2026-05-09T21:45:30.052152,45 Retour,EL BATTAN,E.P TEBOURBA,17.126096942495998,clear,30.013478901326827,none,26.063789031799114,0,1,12,70.32729339203377,15.255379557667322
2026-05-09T21:45:30.052152,26B,USINE DE TOMATE,POULINA,53.415877105943345,cloudy,59.26856016298639,none,16.07246590581128,6,8,4,15.192829612499871,2.250311473689198
2026-05-09T21:45:30.052152,74G,RUE DU SAHEL,LYCÃ‰E 2 MARS EL OUARDIA L(G,21.58131558502457,rain,18.19008151162472,greve_transport,23.23439986724794,3,11,4,81.61189603306929,1.0678023203014213
2026-05-09T21:45:30.052152,16B,SIDI TALEB 16D,STEG TEBOURBA,18.32613396291184,clear,59.89737508767887,none,29.6308254778597,2,6,5,61.02501298286938,13.16616102884222
2026-05-09T21:45:30.052152,635 Retour,FRETTE,DEPOT CHARGUIA,41.42396841563619,clear,19.17959969981241,none,34.085513717972546,2,11,10,5.908404093225462,0.8692513675237121
2026-05-09T21:45:30.052152,21 Retour,ENTRÃ‰E FERCH ANNABI ,SIDI SAAD,24.709905258634535,cloudy,21.755966714226368,none,17.697876294932477,4,5,21,36.5216054021427,12.560380996673063
2026-05-09T21:45:30.052152,44 Retour,ARRÃ‰T EL KAAB,SANHEJI,57.59722479371215,fog,24.957284990897534,none,26.841962097791207,3,8,19,49.657048746282854,13.570603716413743
2026-05-09T21:45:30.052152,24/ Retour,CITÃ‰ EL OUIFAK (GN,FERME LOUKIL,57.73571838276483,storm,60.34832929239324,none,15.101000987486643,0,12,0,46.46047159842624,3.083207205288426
2026-05-09T21:45:30.052152,60A,LYCÃ‰E 2 MARS EL OUARDIA L(G,CITÃ‰ MED AL,47.24333427132162,clear,56.82994241399334,festival,23.91282643093693,0,7,6,32.759424870491976,1.369243189338822
2026-05-09T21:45:30.052152,83 Retour,Depart,Arrivee,14.88488354688279,clear,16.71481700196518,none,28.495144010023846,1,4,3,62.605765623025725,12.54232221445086
2026-05-09T21:45:30.052152,24D,LE SOUK DES VOITURES,FERAILLE 1,46.010103971062144,cloudy,77.81426213358176,none,13.580952721446423,2,11,15,25.644987449345702,0.543041414884512
2026-05-09T21:45:30.052152,3710,FOYER UNIVERSITAIRE MOUROUJ 3,KIOSQUE TOTAL,15.517063384370907,cloudy,99.2715722055649,marathon,16.091219189665757,0,9,1,110.4235832501685,10.02693535900935
2026-05-09T21:45:30.052152,58 Retour,CITÃ‰ ENNAJE,CROISEMENT SANHAJA,14.178153310539612,clear,14.931202092070318,holiday,19.46590985807163,0,9,10,29.42213740409767,1.7709082208427698
2026-05-09T21:45:30.052152,18 Retour,MOSQUÃ‰E SIDI FRA,CAFÃ‰ BALBOUL,15.91557063580198,clear,70.57401185344622,manifestation,39.34209573860217,5,1,0,63.07207924134489,3.014820500690431
2026-05-09T21:45:30.052152,74,TERMINUS TUNIS MARINE BUS,PONT MOUROUJ 2,46.54034007427312,clear,60.68534077701404,festival,24.43080941276153,4,12,9,57.32854721469038,7.383542292166894
2026-05-09T21:45:30.052152,20 Retour,STADE RAJET HAIDER,MAISON BLANCHE,45.256610782914436,clear,83.66702336036818,none,38.008309440781844,0,1,17,61.11515162436883,13.945443389908247
2026-05-09T21:45:30.052152,23/,CITE FEJJA-ALLER,ECOLE FEJJA-ALLER,13.42461984437346,clear,51.28213969703709,none,8.44542411735399,1,12,1,27.89717225128726,0.5642000681330153
2026-05-09T21:45:30.053655,71 Retour,Depart,Arrivee,14.22736038295497,fog,64.11384186569107,none,25.33742820065229,5,9,11,78.04485237860233,10.901447555410055
2026-05-09T21:45:30.053655,22G,KASBAH,CITE EL ESKAN 1,57.33229240578664,clear,60.0114416057373,none,25.467542588738972,1,4,0,21.92716015885768,10.229205474206552
2026-05-09T21:45:30.053655,27,LA POSTE,SIDI AMOR,32.66212992408862,cloudy,73.08790309562708,festival,24.59899068930918,2,5,19,74.8687859902312,9.472122638311186
2026-05-09T21:45:30.053655,87,LYCEE SAOUEB-ALLER,SALLE FERDAOUES-RETOUR,15.178449434988181,fog,22.334807852507176,none,31.692751064079186,6,9,17,81.15620210941938,11.990765436080554
2026-05-09T21:45:30.053655,37,INSTITUT SUPÃ‰RIEUR DE L'ANIMATION POUR LA JEUNESSE ET LA CULTURE BIR EL BE,SOCIÃ‰TÃ‰ THAL,17.74754880734929,storm,90.29256284458071,none,24.97043551214836,2,1,22,51.42484238003729,0.6686382540938318
2026-05-09T21:45:30.053655,23/ Retour,MENZEL HBIB 23D-23/,CITE 26/26,29.654805490747258,clear,51.86120128862989,manifestation,14.169132625891418,4,6,5,50.41400241820846,4.731478881747561
2026-05-09T21:45:30.053655,21 Retour,KHLÃ‰DI,CITÃ‰ LA BORT,59.64050067961564,cloudy,31.975767641414564,none,9.303032939889263,2,3,15,23.968815381665873,5.155696647487219
2026-05-09T21:45:30.053655,33C,KHAROUBA-RETOUR,CHARLE NICOLE-RETOUR,57.05264182557094,rain,31.672328604748373,marathon,17.51245616795346,3,4,22,55.659350442844506,1.9315805688831382
2026-05-09T21:45:30.053655,247,PARC SIDI BOU SAID,LAHWECHE,11.067304971418176,storm,93.52539754919066,none,25.394136777445453,0,12,6,68.14618593744692,1.3656424088353685
2026-05-09T21:45:30.053655,34A,MORNAGIAA-RETOUR,MIZANETTA-RETOUR,11.906863640391904,clear,67.25242374523401,festival,22.9765408001843,6,7,21,119.45750560271674,16.149633896278317
2026-05-09T21:45:30.053655,21B Retour,STÃ‰ CONFECTIO,STATION DE BUS MORNAG,45.6441923638877,clear,41.39301012290105,none,27.03439603408772,4,12,1,16.162984924166008,1.2182990009444108
2026-05-09T21:45:30.053655,62A Retour,ECOLE NATIONALE DES PRISONS,TOUBEN 2,23.05386680786232,fog,76.37888781536856,none,29.368174102059395,0,3,19,81.91853088578071,11.147642833900973
2026-05-09T21:45:30.053655,25D,IMPRIMERIE BOUSLAMA,DUBOSVILLE,41.715463566136705,clear,22.783131330692783,none,22.70172489865438,4,2,6,11.899754612649351,7.31449946930293
2026-05-09T21:45:30.053655,38C,CITÃ‰ IBN KHALDOU,OMRAN SUPÃ‰RIEUR(X3,25.407130137116702,rain,15.109262431195912,manifestation,31.144415772408667,2,9,0,50.05198297068674,0.7100747112046424
2026-05-09T21:45:30.054657,44C,CITÃ‰ ERRAFEH,SIDI MAROUEN,56.55226748295219,clear,50.76757908958475,none,10.093654527545684,0,11,0,19.329575131734153,4.783658819971855
2026-05-09T21:45:30.054657,45B,GOMERYEN,SIDI SALEM,47.44984924525118,cloudy,51.489746973125165,greve_transport,35.208416356963625,4,3,13,97.43822938039644,1.9242821430341728
2026-05-09T21:45:30.054657,81B Retour,JARDIN D'ENFANTS MOUROUJ 5,CITÃ‰ EL FAOUE,22.468422487134937,clear,29.099077129154114,none,31.047618430243855,4,9,23,7.214165478139359,0.6622617511447075
2026-05-09T21:45:30.054657,35,10 DECEMBRE,RABATTEMENT 10 DECEMBRE,48.062172981389544,rain,47.570990125861556,none,30.19200488882615,1,5,3,26.118454195525384,0.3081768742564659
2026-05-09T21:45:30.054657,24/ Retour,FERAILLE 1,CROISEMENT MOUROUJ 2 L24,33.88045840896261,cloudy,42.62217124186455,foire,23.867827618643776,2,8,16,31.835435185574017,0.31209743951156277
2026-05-09T21:45:30.054657,38B Retour,SONED,CHEDLY ZOUITEN,54.379845880411025,rain,88.06650576331842,none,18.180045832154942,3,12,22,31.166315887438966,1.6550863092923858
2026-05-09T21:45:30.054657,37 Retour,PLACE 14 JANVIER (BOUMHEL),EL BAHRI,29.221528332784736,clear,36.185596146485054,none,14.332566136412801,0,10,9,25.870546713212047,1.0137584684480707
2026-05-09T21:45:30.054657,54A/,IMPRIMERIE OFFICIELLE,TERMINUS CITÃ‰ CHAKE,11.252290424423036,cloudy,15.610366900238013,none,13.545855093431644,0,3,10,38.090226400761175,3.6326285203210844
2026-05-09T21:45:30.054657,87,BAB SADOUN,MOSQUÃ‰E ELBOR,51.2648705509688,cloudy,17.663735292302377,none,10.7656224190909,2,3,21,5.632405110943953,1.2850905380370463
2026-05-09T21:45:30.054657,58,P.T.T OUED ELLIL,CITÃ‰ ENNAJE,12.244674176209966,clear,99.9817401530766,match_sport,26.24839976170379,2,3,13,70.71137405578963,0.5240650530876927
2026-05-09T21:45:30.054657,25,SIDI FATHALLAH1,CELLULOSE (SILOS),47.43363946376237,cloudy,46.37523265189922,none,11.922032156962707,0,1,2,28.382948915445752,8.797823536742953
2026-05-09T21:45:30.054657,22A,CAFÃ‰ FOLL,USINE LOUKIL,15.09745515886455,storm,63.00677942611658,match_sport,25.13791533361331,5,6,17,72.94524062521573,1.5431373491260736
2026-05-09T21:45:30.054657,46B Retour,EL MEHRINE,LYCEE EL BATTAN,55.01164362943529,clear,10.857794133082303,none,36.27227879194454,3,11,23,12.50841751467461,3.695915296492057
2026-05-09T21:45:30.054657,43 Retour,Depart,Arrivee,57.16393022570484,storm,57.33901128665666,none,25.738174829555955,4,6,8,68.1913240125017,13.315125014085577
2026-05-09T21:45:30.055657,62A Retour,LYCEE ARIANA,10 DECEMBRE,56.47736421624156,clear,77.42398181878774,none,38.72595249991548,3,6,17,50.18201209644634,1.0842816669507798
2026-05-09T21:45:30.055657,44C Retour,SANHEJI,KIOSQUE,55.73024296946442,clear,87.9558761386618,none,24.49350949984607,3,5,23,21.983200512493024,1.1205615911377969
2026-05-09T21:45:30.055657,6 Retour,EL ANBARIA,10 DECEMBRE,31.33683574912365,clear,76.518576136912,none,21.010971530047566,2,8,13,34.103130455651595,0.9991466591280131
2026-05-09T21:45:30.055657,86,FERAILLE 1,GARDE NATIONAL Z.I MGHIRA,43.669737076509605,clear,60.072101262980894,none,38.259341610829,6,1,9,39.754916621446974,2.7125355100542676
2026-05-09T21:45:30.055657,23/ Retour,PRISON CIVILE BORJ AMRI 23D-23/,CROISEMENT BORJ AMRI 23D-23/,33.66739893366078,clear,14.953545435661631,none,16.280286615355934,4,9,1,10.361688312298275,3.23762194970568
2026-05-09T21:45:30.055657,262 Retour,Depart,Arrivee,23.528396404286852,cloudy,65.62223004125377,none,37.97105349847648,2,3,7,70.57241062152485,9.685470463165384
2026-05-09T21:45:30.055657,16D Retour,BAB ABDESLEM-RETOUR,BAB LAASSAL,30.11831715097009,clear,47.19165179751035,none,11.591106614669485,1,1,15,18.36684360281492,0.6232191847400799
2026-05-09T21:45:30.055657,29 Retour,AVENUE DE LA GARE,STATION BARCELONE,14.209570020120879,cloudy,14.47102621225602,marathon,37.699052188082504,4,8,3,55.82129031394374,0.7355903308379332
2026-05-09T21:45:30.055657,32D,IMMEUBLES HRAIRIA-ALLER,BEN DAHA-RETOUR,13.389117035647715,clear,10.181401669019822,festival,22.589442791125382,5,8,4,28.906449593321824,2.223759158010636
2026-05-09T21:45:30.055657,104,CNAM-BARDO ALLER,FACULTE DES LETTRES MANNOUBA ALLER,47.90333915860179,cloudy,13.959642706551385,none,26.414477975831694,2,4,0,14.400399811420717,8.28489354936439
2026-05-09T21:45:30.055657,94 Retour,CITE ELWAHA-ALLER,OUED GUERIANA L23,41.26774241385334,clear,69.93556130289613,none,15.63709934811801,3,12,10,23.740751765857986,3.099888771857099
2026-05-09T21:45:30.055657,46B Retour,LYCEE EL BATTAN,TERMINUS TEBOURBA,11.392816569874732,clear,78.01999592317387,none,35.020701286439824,2,6,19,73.85375388172308,3.024425387540788
2026-05-09T21:45:30.055657,60,PONT MÃ‰TRO KABARI,RUE 10800 (1),57.51231870077621,cloudy,93.63708997785909,festival,37.64580367792402,3,10,0,55.845113690054745,1.8802368940883047
2026-05-09T21:45:30.055657,54D,FOYER UNIVERSITAIRE MOUROUJ 3 (81),KIOSQUE MOBIL BEN AROUS,12.488530541110535,clear,49.35451135989696,manifestation,31.460246104001897,5,2,3,64.53134427708086,4.617273566034649
2026-05-09T21:45:30.056657,24/ Retour,GARDE NATIONAL FOUCHANA,AMEN BANQUE,24.729825870868503,clear,16.211713869924154,none,22.662063818001347,1,1,7,25.299752585918984,2.6549918228680776
2026-05-09T21:45:30.056657,26,BOUCHERIE EZZAOUIA,BIR EZZANGA,49.25893873186711,cloudy,39.84481126962054,manifestation,10.163885269971871,3,4,2,50.871048951200635,0.7494239366398787
2026-05-09T21:45:30.056657,3A Retour,BORTAL ALLER,RELAIS BARDO,24.119251062976595,clear,85.91844207473817,congres,8.551318009147646,3,7,23,45.2126189822194,1.5812820004358725
2026-05-09T21:45:30.056657,5,MARCHE CITE EL KHADHRA,DEPOT CHARGUIA,26.42959490752905,clear,65.8140255449708,none,24.732543894979315,1,9,15,24.182533031502327,1.9653980551529946
2026-05-09T21:45:30.056657,94  Retour,Depart,Arrivee,10.372179427608682,clear,59.39215539409734,congres,29.75328576424125,3,10,13,99.50564970326354,7.905014966604332
2026-05-09T21:45:30.056657,85,FOUCHANA CENTRE,BOUJERDGA 75 26A 37,56.89232895020435,clear,23.37707043601258,match_sport,18.7360905914136,0,2,21,33.008005442248376,9.413023885035368
2026-05-09T21:45:30.056657,20G Retour,CITÃ‰ EL KHADHR,KASBAH,32.75832930701642,cloudy,53.811265664500844,none,11.523824765547918,3,1,0,33.32257187263138,5.828434281855211
2026-05-09T21:45:30.056657,31,IMMEUBLE CHEFIA,GARDE NATIONAL OUED ELLIL,12.381610433917558,cloudy,94.69512189295568,none,17.312528592433285,0,7,6,89.40110263898359,10.31468076037541
2026-05-09T21:45:30.056657,635A Retour,DEPOT CHARGUIA,TERMINUS TUNIS MARINE BUS,18.550174340326393,clear,71.24534953236184,none,25.812623276759258,2,8,14,48.324940111084935,4.49974361462232
2026-05-09T21:45:30.056657,21A,MINOTERIE,CROISEMENT JEBEL RASSAS,32.05902555881209,clear,19.125923918239693,none,32.65274068650518,1,3,2,8.073231737416783,2.302260029155166
2026-05-09T21:45:30.056657,81B,14-janv,CITÃ‰ EL FAOUE,59.96488342145916,clear,73.5229202618677,none,19.265852346659862,6,7,20,15.635649492698871,0.40873496539760884
2026-05-09T21:45:30.056657,45,LYCÃ‰E TECHNIQUE TEBOURB,ENTREE CHOUIGUI,56.99990595276216,cloudy,45.4792338437756,none,21.50475834048074,5,10,13,23.480336023684462,4.9809468717605
2026-05-09T21:45:30.056657,514A Retour,CENTRE IKRAM,PLACE SALA CENTRE,43.57579699260347,cloudy,68.77060499212885,congres,26.193461129638205,6,8,15,30.11612164700535,3.829862381398276
2026-05-09T21:45:30.056657,20B,CITÃ‰ EL KHALILL,CITÃ‰ EL HABI,42.7449569091797,clear,66.79318353262045,none,30.166830844039893,2,12,22,25.535515557725088,1.3837480790936993
2026-05-09T21:45:30.056657,75,PONT AUTOROUTE SUD,TERMINUS 75 85,27.054912621064013,cloudy,76.64261546776919,none,29.256717084419748,2,7,14,43.719819121306344,3.196578253400972
2026-05-09T21:45:30.057657,16B,SAIDA,STEG TEBOURBA,57.788831212076914,clear,61.3459749078475,foire,13.648927252851596,0,10,17,63.148548908097126,15.633654884145692
2026-05-09T21:45:30.057657,59 Retour,Depart,Arrivee,42.10188591569742,cloudy,69.77640874920735,none,31.880347769528708,1,2,3,31.318510857086803,4.109346911010949
2026-05-09T21:45:30.057657,21 Retour,TRANSFORMATEUR OUZRA,LA COOPÃ‰RATIV,40.45117615048913,cloudy,98.02632518365532,none,24.140222746192965,1,10,10,39.00219264122665,3.159527084880084
2026-05-09T21:45:30.057657,31B,INPFCA,CHORFECH 1,50.89471086937635,cloudy,99.92320710722848,none,29.540194559331162,6,1,23,30.45090181622973,4.480854289962224
2026-05-09T21:45:30.057657,77,HOPITAL MAHMOUD MATRI,GEANT,33.75377843969716,clear,48.61203332403035,none,20.032250916157587,5,5,20,29.15395987098689,7.20317603037962
2026-05-09T21:45:30.057657,82,COMPTOIR SFAXIEN,HUILERIE BAYREM,32.292879728875874,clear,26.29205709511923,none,16.406050160839126,1,1,4,19.199393358060433,3.237155619729787
2026-05-09T21:45:30.057657,20G Retour,NACER,CITÃ‰ ESSALE,31.61036785554297,clear,52.5089626951469,none,14.703792766462037,3,10,16,26.6416293205792,6.375423986060452
2026-05-09T21:45:30.058160,75,CROISEMENT YASMINET ROUTE MOURNEG,EL BAHRI,45.82326886979823,cloudy,64.05384915520821,none,27.78508096945435,6,7,14,34.450345939248415,6.673761747771519
2026-05-09T21:45:30.058160,34A,LE MOULIN L34A-ALLER,JARDIN THAMEUR,12.027281020407573,rain,12.488658027872964,none,33.61036246891755,1,8,20,180.0,34.026561504370335
2026-05-09T21:45:30.058160,44C Retour,CAFÃ‰ JABBE,JABBES ELBORJ,13.857791326984527,clear,25.704447211572695,none,36.57535378970679,3,1,10,25.625275258950904,1.145558909868972
2026-05-09T21:45:30.058160,20C,LAC PALACE,CARTHAGE HANNIBAL,14.814800600813602,clear,59.744724987114836,none,13.37607362762817,2,11,3,63.430459956965954,10.01971137426422
2026-05-09T21:45:30.058160,4G,LYCEE KHAZNADAR,BOUDRIA ALLER,22.241042508359364,cloudy,10.650201822507508,greve_transport,15.372467536687246,3,2,8,88.24280739203418,3.6832345765832706
2026-05-09T21:45:30.058160,96,RABATTEMENT KHAIREDDINE MANNOUBA,GOBAA TERMINUS 96,33.8989073177027,storm,19.734686226864962,none,36.25346471210115,4,6,1,41.753891574391766,0.7533133728591199
2026-05-09T21:45:30.058160,72,INEPS,BAIGNEUR,33.209341996499134,rain,26.949568987012402,none,38.35008396046217,6,8,5,20.69794015267424,1.316598010728173
2026-05-09T21:45:30.058160,88,BEN MAHMOUD-RETOUR,MOSQUÃ‰E ELBOR,53.24343413221313,clear,46.0195202348339,match_sport,26.220361978305153,5,4,23,31.553167980581932,8.317202320006308
2026-05-09T21:45:30.058160,4G Retour,BOUDRIA RETOUR,KASBAH,55.764740021720186,clear,70.17338196952824,marathon,17.37377521783105,6,9,11,57.285255228423566,9.841628205713933
2026-05-09T21:45:30.058160,74G Retour,SALLE DES FÃ‰TES KERMES,FACULTE 9 AVRIL ALLER,13.87860052208548,clear,83.94391219031897,festival,39.85832635953008,5,1,5,55.278860031991634,1.598801710848182
2026-05-09T21:45:30.058160,32,CASERNE EZZOUHOUR RETOUR,JARDIN THAMEUR,20.784580119671205,clear,48.48513012944434,none,39.366590108907246,2,11,23,40.504884126095696,6.138237569927057
2026-05-09T21:45:30.058160,81A,CENTRE CHALLAKH EL MOUROUJ 4,LYCÃ‰E MOUROUJ,14.736948413131476,fog,36.318973686701625,none,18.36764916861888,4,4,17,50.66354732536375,1.5404702305338618
2026-05-09T21:45:30.058160,73 Retour,Depart,Arrivee,26.340730119031527,cloudy,81.53870828880106,festival,9.826334757432221,5,3,22,66.23973348326486,10.922922054859155
2026-05-09T21:45:30.058160,18B Retour,TOUTA 10 DECEMBRE,10 DECEMBRE,34.602190280031806,rain,79.85495946830096,festival,36.605149516606204,3,3,11,59.18049888189236,0.3691754000671814
2026-05-09T21:45:30.059161,20 Retour,CHTIOUI,MOHAMED V,43.104860817293144,cloudy,68.07929134776293,none,23.55617111829798,0,2,19,56.00890465972402,10.72793555986312
2026-05-09T21:45:30.059161,44B Retour,BORJ JEBBES,KIOSQUE,29.093177977418364,cloudy,97.86784283160523,match_sport,25.865712535357105,4,12,2,50.12099456952453,0.424226317565374
2026-05-09T21:45:30.059161,83 Retour,Depart,Arrivee,33.551033921565505,clear,56.54017963461824,greve_transport,17.37365950985856,5,2,3,79.57907756546923,10.248169593475781
2026-05-09T21:45:30.059161,91,MARCHÃ‰ MANOUBA-ALLE,MARCHÃ‰ MANOUBA-RETOU,45.73767853530221,rain,27.971415513275982,none,35.21682191391599,4,11,21,33.160250262027105,1.150480371731215
2026-05-09T21:45:30.059161,27,LA PETITE ARIANA,AICHOUCHA,44.95757138361333,cloudy,99.66033693743935,festival,12.119862056660597,0,2,10,54.534424401542196,4.425043029958383
2026-05-09T21:45:30.059161,96,RABATTEMENT KHAIREDDINE MANNOUBA,GOBAA TERMINUS 96,25.287412892433732,clear,87.37546113916609,festival,36.1789777489227,6,8,21,42.761439147725206,0.7533133728591199
2026-05-09T21:45:30.059161,3A,USINE MY MODE,ARRÃ‰T ETTADHAME,45.901586108661895,fog,29.667548329881676,none,23.39249169340026,0,9,0,24.496901824199373,0.25828925630639077
2026-05-09T21:45:30.059161,31C/ Retour,MAKFOUFINE 1,FRECHICH,11.230746798923422,clear,19.601563141805777,congres,15.832361206889331,0,7,12,50.93499243610586,2.955927151270097
2026-05-09T21:45:30.059161,460 Retour,BOUDRIA ALLER,BAB LAASSAL,43.076127558362096,cloudy,91.00736440974856,festival,32.35856547032556,6,12,5,43.07472899131079,8.98805926869482
2026-05-09T21:45:30.059161,15 A,TERMINUS L 15 A,STADE MELLASSINE-RETOUR,15.08808649484781,clear,44.31192683536863,festival,35.793056152492696,6,8,6,47.35389537153977,3.3632372901408987
2026-05-09T21:45:30.059161,44D/,MAKFOUFINE 2,CITE MONJI SLIM,16.669426842320302,cloudy,92.88894244684963,none,29.383074812318732,1,3,12,145.6283169529781,28.542180853899286
2026-05-09T21:45:30.059161,51 Retour,Depart,Arrivee,14.719966128780628,clear,75.71657193899082,none,31.19428543627229,3,5,7,86.68719473636415,11.058329424480846
2026-05-09T21:45:30.059161,54C  Retour,MUNICIPALITÃ‰ BEN AROU,INSTITUT ENNOUR,18.272133882686795,fog,64.25342398046168,none,30.520477286425635,5,7,3,33.90417882013786,1.1063027301978643
2026-05-09T21:45:30.059161,44C Retour,MNIHLA,CITÃ‰ ERRAFEH,47.57160095574431,clear,46.47421072181416,none,22.68533832542559,4,7,11,13.96308647226453,0.7110440081319478
2026-05-09T21:45:30.060161,74 Retour,MONCEF BEY RETOUR,TERMINUS TUNIS MARINE BUS,50.36940867236571,clear,67.010025545987,none,32.75179350012182,5,12,13,21.547454687071152,0.9669322702774288
2026-05-09T21:45:30.060161,27C,ARRÃ‰T BAB HADI,LYCÃ‰E EL WAF,33.514594468572795,fog,33.765016484102,none,21.166679586968478,6,10,4,24.125430699523395,3.8591443274381074
2026-05-09T21:45:30.060161,48,BIR MNIHLA,USINE LAZREG,27.96833004420003,rain,14.785489697457267,none,39.70500031893562,2,9,1,24.747925167192452,2.0557184259635477
2026-05-09T21:45:30.060161,66B Retour,LYCÃ‰E TECHNIQUE TEBOURB,CITÃ‰ ERRAJE,20.97221894440498,cloudy,77.11617196837311,festival,22.031750215964852,2,6,11,44.01218165329949,1.075084844678134
2026-05-09T21:45:30.060161,19G,TRIBUNAL TAAKIB,CENTRE DE FORMATION SNT,18.798332122278207,rain,87.93670442380952,manifestation,25.50713433524853,2,10,13,106.37084941934907,9.430993635492955
2026-05-09T21:45:30.060161,10B,BEN YEDDER BEN AROUS,CENTRE DE COORDINATION OUARDIA,51.04314581463851,clear,56.4572995915297,match_sport,18.135002645471943,2,3,20,56.776887102412076,19.112592232344664
2026-05-09T21:45:30.060161,6P,PLACE JEANS DARK ALLER,PLACE PASTEUR,56.39442241472771,rain,94.16285722845686,manifestation,8.96316955562206,0,1,22,73.09232911624385,0.5507066989252554
2026-05-09T21:45:30.060161,44B,FRECHICH,SIDI THABET CENTRE,39.530467281639844,clear,81.06426288011319,festival,18.84005914208654,0,9,0,50.82479762913947,7.119177233156854
2026-05-09T21:45:30.060161,16/,MOEZEYA,GARDE NATIONAL OUED ELLIL,26.291348719152595,clear,26.419926145916588,festival,39.68527658678326,6,7,19,36.257042260142455,0.7209653256306829
2026-05-09T21:45:30.060161,635,CHARGUIA 2,PLACE SALA CENTRE,36.9277913726558,clear,97.7201476666865,none,36.23930328312012,6,9,6,32.152794702069734,1.4127725350142732
2026-05-09T21:45:30.060161,16,CHOCO TOM,ERRIADH,19.23863155696273,clear,67.5798691639367,greve_transport,17.723618452202896,6,5,23,82.03835929829732,4.419993727114914
2026-05-09T21:45:30.060161,19G Retour,13 AOUT,MOSQUÃ‰E AL HAWA ALLE,27.544755165997504,clear,43.69224968816893,none,24.31899987350502,1,6,4,16.852849235494574,2.476929219097375
2026-05-09T21:45:30.060161,54A,LYCÃ‰E SIDI REZI,CITÃ‰ JAOUHAR,26.52165729170203,fog,65.54324629004702,none,26.062877444822803,2,11,19,60.69427606327672,2.2396268908694914
2026-05-09T21:45:30.060161,261 Retour,Depart,Arrivee,39.85440195792293,cloudy,78.87970655137312,foire,22.178613827950414,2,8,0,64.30812288164489,13.60278462675816
2026-05-09T21:45:30.061161,14CG,ETTAHRIR SUPÃ‰RIEU,OMRANE SUPÃ‰RIEUR ALLE,57.088072162008096,rain,53.431621367876694,none,39.75755263130286,4,3,7,41.79794067716827,0.6930555718803033
2026-05-09T21:45:30.061161,24H Retour,MGHIRA,CROISEMENT MOUROUJ 2 L24,24.727484990569558,cloudy,43.17625981734974,match_sport,13.351467159530948,3,4,20,40.390197219175995,3.383763951084661
2026-05-09T21:45:30.061161,410B,HOPITAL DES ENFANTS,CENTRE DES HANDICAPÃ‰,42.84373099867427,clear,46.350215305085655,manifestation,12.393863661168613,1,6,6,60.18524034534279,10.827220357830228
2026-05-09T21:45:30.061161,31,CHORFECH 1,CANAL CHORFECH,54.94704624164006,clear,29.85672525666193,none,26.944410003851864,1,9,13,17.79363632240562,3.8674956661582023
2026-05-09T21:45:30.061161,33A/,TERMINUS TAIEB MHIRI,STADE MELLASSINE-RETOUR,43.4106403625,rain,89.09823116678535,none,18.41832211416696,0,2,15,62.843845439351284,14.562545601953346
2026-05-09T21:45:30.061161,10C,EL AFRANE,BAB ALIOUA GP1,26.552590717502564,clear,86.3713926377317,congres,19.083822563239448,0,5,17,58.46649131319653,1.593165396872962
2026-05-09T21:45:30.061161,253 Retour,Depart,Arrivee,53.31243654424645,clear,19.186403826478276,none,13.650188765409887,0,2,13,21.299712861549366,7.717741084613627
2026-05-09T21:45:30.061161,54C  Retour,CENTRE DES HANDICAPÃ‰,INSTITUT ENNOUR,39.69768716051894,clear,19.592686552197993,none,9.277868533577479,4,10,7,21.73523634148782,0.9652926523925975
2026-05-09T21:45:30.061161,460 Retour,CITÃ‰ SPORTIV,FOYER ARIANA,38.98815544056731,cloudy,84.9816808241104,match_sport,18.239421290408885,4,2,23,47.52633195706605,2.7474943210975464
2026-05-09T21:45:30.061161,26C,CROISEMENT YASMINET ROUTE MOURNEG,BIR EZZANGA,36.02492107516268,clear,99.25024719100574,congres,12.067585688668956,0,6,5,58.07816017035255,6.57018573889609
2026-05-09T21:45:30.061161,50 Retour,Depart,Arrivee,48.303666320967665,clear,31.29079436355785,none,37.12962909143887,5,9,19,45.6793015524339,12.77066152957864
2026-05-09T21:45:30.061161,59A Retour,BATAM,AVENUE DE LA GARE,59.221305606177964,clear,26.482486051544615,none,18.26192664232087,3,11,21,8.815808692388277,6.629066677733731
2026-05-09T21:45:30.061161,31C/,SONED,CHORFECH 3,10.915454815985084,storm,71.50095869490187,none,17.23058316899992,6,3,4,48.48365846152588,0.7166167362754621
2026-05-09T21:45:30.061161,54A,MHAMDIA CENTRE,GARDE NATIONAL FOUCHANA,48.33980711976272,clear,18.637378315927013,festival,23.99661180943809,5,3,16,17.741898097333266,2.391099644800002
2026-05-09T21:45:30.062161,23H,20 MARS-RETOUR,LYCEE CHEBI-RETOUR,18.26232834991876,cloudy,30.946520139567767,match_sport,28.608083220789368,5,7,4,34.261854769600056,1.6831130015583966
2026-05-09T21:45:30.062161,29 Retour,HAMMAM BELLEVUE,AVENUE DE LA GARE,57.853131609890305,cloudy,66.66575041354876,foire,24.488803209847838,0,7,9,50.369240299221445,1.6343493411938677
2026-05-09T21:45:30.062161,52 Retour,CITÃ‰ EL HABI,MOSQUÃ‰E GAMMART,20.540002481613175,clear,22.11445310669528,match_sport,15.061619113350833,5,2,2,24.934616437276354,0.942760767605364
2026-05-09T21:45:30.062161,79,EL AKERMA ALLER,CENTRE DE FORMATION ZOUHOUR-RETOUR,23.194769288560195,cloudy,81.402515430282,none,31.448320219214356,5,4,16,40.94549720035578,7.0146039566021186
2026-05-09T21:45:30.062161,5 Retour,MARCHE CITE EL KHADHRA-RETOUR,ALAIN SAVARY,23.784513556056943,clear,93.60075740759491,match_sport,9.687612681250297,4,2,23,62.2497306228189,1.576019931243919
2026-05-09T21:45:30.062161,37,EL BAHRI,AV DE L'ENVIRONNEMENT,54.541945702730686,clear,34.81346757549217,none,37.7628322543039,2,9,0,18.196287970455273,1.3769150149384624
2026-05-09T21:45:30.062161,23/,CAFE MEDINA 23/,ENTREE FEJJA-ALLER,48.56908633800566,fog,82.98221108467818,none,39.80429602488714,6,8,21,55.862411347990275,12.066632660461137
2026-05-09T21:45:30.062161,635A Retour,DEPOT CHARGUIA,TERMINUS TUNIS MARINE BUS,46.51382514589763,rain,59.093425912684324,congres,30.215604817230826,6,9,3,40.06434219599302,4.49974361462232
2026-05-09T21:45:30.062161,249 Retour,Depart,Arrivee,56.06473506632045,storm,71.24521985865206,match_sport,34.745112167764134,2,2,0,63.73918124745837,3.811754228095843
2026-05-09T21:45:30.062161,98,STIL,CITÃ‰ RT,50.625267114268645,cloudy,80.49755547643284,none,25.620987042315598,3,5,9,42.55867173717301,1.6315996317797232
2026-05-09T21:45:30.062161,26 Retour,CENTRE DE COORDINATION OUARDIA,BAB ALIOUA GP1,49.84962847125666,clear,96.25213156108441,none,28.14771712079159,0,9,12,40.44167200799986,1.4562111185901987
2026-05-09T21:45:30.062161,97 Retour,DOUAR EL BEY,COOPÃ‰RATIVE CENTRA,52.534293616238,cloudy,80.72003530015559,holiday,12.168845077082686,3,4,13,41.97813742934244,1.4831799983331715
2026-05-09T21:45:30.062161,38C,ï¿½TAT UNIS,MERCURE,41.99416188662039,clear,12.836507527309323,none,33.14662630508633,3,10,10,20.18280187719268,6.840150718051454
2026-05-09T21:45:30.062161,19C/ Retour,CNSS,AVENUE DE LA GARE,28.75375117521155,fog,58.959915557323995,none,33.93236674770135,4,7,23,42.284003260381716,4.816181210840506
2026-05-09T21:45:30.062161,44 Retour,KIOSQUE,CITÃ‰ ERRAFEH,59.53770719528664,rain,39.316323711789444,none,8.80010591079414,0,11,14,33.15585057646113,1.8863037302783425
2026-05-09T21:45:30.063161,44C Retour,SABALET BEN AMAR,BORJ JEBBES,40.425821906066574,clear,25.463373393318108,none,14.967326769610349,5,11,15,15.287176563976086,4.797627680619019
2026-05-09T21:45:30.063161,24E Retour,CEBALET CHEIKH,CITÃ‰ ESSAADA (MHAMDIA,29.45844874286044,clear,77.88106153802575,none,14.612192939739447,5,9,18,34.35576526389273,2.751029230999071
2026-05-09T21:45:30.063161,44A Retour,EJJBAL 3,RÃ‰SERVOIR D'EA,36.185392195737705,cloudy,64.58929649930474,none,37.62937883749733,6,9,18,34.84721112546688,1.501560561078859
2026-05-09T21:45:30.063161,19E,"PONTS ET CHAUSSÃ‰ES , SAINT GOBI",CITÃ‰ JAOUHAR,23.333672624003995,clear,96.0905911831893,none,27.334109191182137,3,11,14,58.25296567822334,8.98412390047833
2026-05-09T21:45:30.063161,33B,SOUK MELLASSINE-RETOUR,STADE MELLASSINE-RETOUR,29.29451444262102,clear,23.405235720032763,marathon,11.792936731161998,0,7,6,42.19639357265687,0.36613666881582674
2026-05-09T21:45:30.063161,27,LYCÃ‰E SIDI AMO,CAFÃ‰ MANACHO,39.29220257593491,clear,70.08075978596264,holiday,27.36138497969197,6,10,8,34.795791669987054,1.6326505518115475
2026-05-09T21:45:30.063161,24/ Retour,SIÃ‰GE DÃ‰LÃ‰GATION MHAM,MGHIRA,47.68928493247911,fog,81.43410253354034,none,32.750716320417496,0,11,13,45.93464231351088,3.4866293911621806
2026-05-09T21:45:30.063161,9B,AVENUE DE LA GARE,STATION BARCELONE,13.38651214855134,cloudy,25.625732453340184,none,19.334834299994085,1,8,11,22.26015411759146,0.7355903308379332
2026-05-09T21:45:30.063161,43 B,MINISTÃ‰RE DU TOURISME RETOU,TERMINUS TUNIS MARINE BUS,44.1299793801279,fog,58.60434173794864,none,24.860433943200047,0,10,6,34.250406083690045,0.4172075938638695
2026-05-09T21:45:30.063161,24D,RABATTEMENT MOUROUJ 2,DOUAR HOUCH L(24D),48.30559170753412,storm,21.416375287347748,none,23.179974153621515,3,6,11,44.036461396092385,10.795842605770593
2026-05-09T21:45:30.063161,59A Retour,MOUROUJ 1,MONOPOLES,54.93746685275289,clear,37.37050365482907,none,36.71023368411322,3,8,15,26.410804003403424,6.653127100844988
2026-05-09T21:45:30.063161,24E,SIÃ‰GE DÃ‰LÃ‰GATION MHAM,CEBALET CHEIKH,33.19448338964547,rain,79.71461392104703,foire,35.45922363917965,4,6,7,83.61838746569869,3.8574053136668898
2026-05-09T21:45:30.063161,16B Retour,CITÃ‰ RT,STIL,20.800606673386415,clear,88.0561593975239,festival,25.67463865920957,6,12,10,33.69529736913839,1.6315996317797232
2026-05-09T21:45:30.063161,247 Retour,Depart,Arrivee,41.36702177106747,clear,83.33650437448453,manifestation,36.26694428097301,0,7,3,70.69930617695975,3.2531587408680362
2026-05-09T21:45:30.064161,61,MOSQUÃ‰E MORNAGIAA-RETOU,BIR DROUJ-RETOUR,53.578701796682004,clear,21.060277140171934,none,27.81847670903161,4,12,6,10.027066056950117,2.884436637963244
2026-05-09T21:45:30.064161,32A,IMMEUBLES HRAIRIA-ALLER,BAB MNARA-RETOUR,11.119855452536084,cloudy,49.22395917253924,none,24.632132932524247,4,8,3,98.67695191759952,14.209675250563947
2026-05-09T21:45:30.064161,3AG Retour,MEFTEH SAADALLAH RETOUR,TELECOM,46.61951354190039,cloudy,25.50976916953195,none,33.61459450100688,5,2,9,22.59973195942913,1.430288567610523
2026-05-09T21:45:30.064161,25A,ARRÃ‰T JARDIN D'ENFANT,DJEBEL JELLOUD,32.780892081142945,fog,13.162180335605001,festival,28.869508266907733,0,6,6,40.769669520627154,3.1791054069039824
2026-05-09T21:45:30.064161,98 Retour,CITÃ‰ ESSALE,SAIDA,14.261515549367406,clear,24.63353685523488,none,33.13935604348917,4,9,14,49.136518008209876,5.238800557766574
2026-05-09T21:45:30.064161,18C,LA POSTE,EZOIDIA,50.389332183502546,fog,20.88616991192816,none,36.147399459661294,2,12,18,55.8533255585236,10.137941366924437
2026-05-09T21:45:30.064161,20G,MARSA,SIDI ABD AZIZ,47.856615414916156,cloudy,97.91970309973544,none,8.202370382531072,0,2,23,36.07743402264919,1.57718796708199
2026-05-09T21:45:30.064161,24H,E.P CITÃ‰ HACHE,TERMINUS TAIEB MHIRI,23.962412767621572,clear,84.04562946620439,none,10.147729224333624,5,10,6,29.54063265999028,2.387417281960998
2026-05-09T21:45:30.065248,29 Retour,SALLE DES FÃ‰TES BELLEVU,DUBOSVILLE,23.565720635476787,cloudy,47.613246579095566,none,9.702534459446383,4,9,4,17.894882761040005,0.792362264661442
2026-05-09T21:45:30.065248,86 Retour,RABATTEMENT MOUROUJ 2,BAB ABDESLEM-RETOUR,43.9100262417629,clear,19.61829349370101,none,9.981447782925091,0,4,19,36.140598160527965,7.831534500451255
2026-05-09T21:45:30.065248,14CG,RÃ‰SIDENCE YESMINE RETOU,ETTAHRIR SUPÃ‰RIEU,21.54807156247719,clear,89.09904507809892,none,9.941225405913588,4,2,18,53.56396256479135,0.5199994652458813
2026-05-09T21:45:30.065248,635A Retour,DEPOT CHARGUIA,TERMINUS TUNIS MARINE BUS,17.58523210435058,storm,42.88666089246698,greve_transport,11.304820140585232,0,2,0,114.53840725617083,4.49974361462232
2026-05-09T21:45:30.065248,19D,CENTRE DE FORMATION SNT,AVENUE DE LA GARE,22.5280532515244,clear,18.750773651307078,none,29.12104956104193,4,4,0,22.07329909194073,5.654911058546713
2026-05-09T21:45:30.065248,22G,KIOSQUE MOBIL BEN AROUS,ESSAYDA RETOUR,52.03476656450866,cloudy,21.87232023854409,none,24.414608694355824,1,8,10,12.13075542443438,5.959412465172054
2026-05-09T21:45:30.065248,5D Retour,MONOPRIX MENZEH 6,MINISTÃ‰RE DE L' Ã‰QUIPEME,30.35356004285218,fog,27.42690179892189,none,35.713957813236554,5,5,17,44.784799720352645,2.1046408012073563
2026-05-09T21:45:30.065248,54D Retour,KIOSQUE MOBIL BEN AROUS,MIAMI MOUROUJ,36.3962472891013,clear,65.16877476280308,match_sport,38.116467790419875,6,5,18,53.118405710413455,3.408694708857612
2026-05-09T21:45:30.065248,62 Retour,CITÃ‰ POPULAIRE ENNAHL,LA POSTE,11.514667859330226,cloudy,81.26450042987824,none,34.888857554006734,2,10,5,58.95007586416289,4.153398065709872
2026-05-09T21:45:30.065248,410B,BAB SAADOUN RETOUR,ESSAYDA RETOUR,47.54526643389502,clear,32.02223991671268,none,33.25019084894491,3,8,4,11.551726192055582,3.0479329692804384
2026-05-09T21:45:30.065248,4G,20 MARS ALLER,HOPITAL KASSAB ALLER,36.967590083911674,clear,70.92488162862469,match_sport,16.84939609267117,1,6,18,61.92484532107161,4.87192838076142
2026-05-09T21:45:30.065248,6,LES ABATTOIRS,CITÃ‰ ENNOZH,30.800837195762217,clear,30.247005061714287,none,11.574588471848251,0,2,16,9.437560399704566,0.0812012450626951
2026-05-09T21:45:30.065248,9B,MONOPOLES,HAMMAM LACAGNA,28.544843493167583,clear,52.05732590264227,none,14.013775309563329,5,5,9,44.916946313290296,9.953278282236814
2026-05-09T21:45:30.065248,15 B,OFFICE DE L'HUILE-RETOUR,SOUK MELLASSINE-RETOUR,12.9786077218032,clear,65.4357920503491,none,15.792845975001448,1,11,3,34.56513550078972,1.1359492045820154
2026-05-09T21:45:30.065248,58,CITÃ‰ ENNEJET ,CITÃ‰ ELWARD 16,40.15373520521218,cloudy,56.48534889198682,none,23.804316616426426,6,4,13,25.91600207641496,2.2838462618213207
2026-05-09T21:45:30.066247,19C,MOSQUÃ‰E MEDINA JEDID,CIMETIÃ‰RE SIDI MOSBE,21.941210530446146,cloudy,96.0811261663938,none,33.58294440598964,0,8,10,67.75998216816943,12.890229266604024
2026-05-09T21:45:30.066247,5D Retour,JEANS JAURES,TERMINUS TUNIS MARINE BUS,31.79135566735467,fog,58.478630524725915,none,37.990917563021725,4,11,15,38.64160415962522,0.5937883565173383
2026-05-09T21:45:30.066247,44C,GEANT,JABBES,43.85668889044602,cloudy,72.98805193882797,none,16.781430999845988,3,8,21,34.26705733332006,6.0143034189551
2026-05-09T21:45:30.066247,66 Retour,ENTREE CHOUIGUI,LYCÃ‰E TECHNIQUE TEBOURB,48.73931177154444,cloudy,19.485676521316165,none,16.44694837709074,6,1,15,11.430429742801783,4.980946871760494
2026-05-09T21:45:30.066247,16/,MOSQUÃ‰E OUED ELLI,MOSQUÃ‰E SAID,23.570101295530897,rain,14.640398462683759,festival,37.58330469742036,4,7,17,70.97015546359427,6.798826639909009
2026-05-09T21:45:30.066247,78 Retour,Depart,Arrivee,16.281225870943334,clear,95.15069899947254,match_sport,10.802300404198629,5,2,0,72.04548140855248,7.0002032459860315
2026-05-09T21:45:30.066247,68,SIDI ALOUI,BOUCHOUCHA-ALLER,22.66596683361983,clear,58.00539872358553,none,30.58520745791111,6,9,16,21.99289649789581,2.0268496203915998
2026-05-09T21:45:30.066247,54A Retour,BATAM,LES ROSES MOUROUJ 1,21.67998616391133,clear,62.90175662013922,match_sport,20.837302306173424,3,12,21,43.097331201782524,0.29730875228217
2026-05-09T21:45:30.066247,59A,CROISEMENT MOUROUJ 2,MOSQUÃ‰E MOUROUJ ,10.841350035548254,storm,63.37996242526366,none,37.09636462937921,4,7,23,69.09214392680052,1.3860030043841043
2026-05-09T21:45:30.066247,23E,BIR ED DROUJ-RETOUR,SONEDE AGBA-RETOUR,44.79324895531137,storm,82.17462111826666,none,26.16020907974723,6,2,0,45.73752784410434,2.4313157770432596
2026-05-09T21:45:30.066247,72,GARE ROUTIÃ‰RE SU,MOSQUÃ‰E AVENUE CHEBB,31.27914270180062,cloudy,93.01820865505829,none,16.0463929556491,1,6,9,69.62157200534203,10.997100379664866
2026-05-09T21:45:30.066247,74G Retour,GORJANI ALLER,MOSQUÃ‰E AL HAWA ALLE,31.499745672968405,clear,98.20066397987225,none,32.631049283501184,2,8,7,42.585915537610155,0.7030515581236312
2026-05-09T21:45:30.066247,31C Retour,BEJAWA 2,IMMEUBLE CHEFIA,57.91332531995114,rain,92.96113127669062,none,15.005302652287053,5,2,21,42.577984473169394,13.81752577307794
2026-05-09T21:45:30.066247,19G,SOCIÃ‰TÃ‰ NO,CIMETIÃ‰RE SIDI MOSBE,32.64653991695323,cloudy,35.55432131794754,marathon,16.65858280721106,3,2,19,67.42496739542922,3.9593428543820597
2026-05-09T21:45:30.066247,14CG,GARE ROUTIÃ‰RE NORD ALLE,FOYER BARDO 1 ALLER,53.3196690188283,cloudy,59.9165352339531,none,28.595846104343664,6,2,5,7.713489914021785,0.723584997414985
2026-05-09T21:45:30.066247,19C,GOUVERNORAT DE BEN AROUS,MOSQUÃ‰E MEDINA JEDID,10.98498996690058,clear,85.61805903174776,none,34.774987342497795,5,11,18,70.18686898968262,5.443886376040014
2026-05-09T21:45:30.066247,14A Retour,OMRANE SUPÃ‰RIEUR ALLE,FOYER BARDO 1 ALLER,11.374632894127842,clear,39.100651194537974,none,26.35476358714275,5,12,16,28.934112174291666,2.690403516629761
2026-05-09T21:45:30.066247,6,EL ANBARIA,SIDI SOUFIENE,42.10349997993647,clear,76.57768998895827,festival,21.475017092845427,4,12,21,45.645572376861246,3.0651359625505226
2026-05-09T21:45:30.066247,74B,LA CAGNA (SECTION),CROISEMENT MOUROUJ 2,49.08122216041305,clear,69.94884482125272,none,33.47002933849658,4,10,6,25.973472299201767,4.154950479702984
2026-05-09T21:45:30.066247,14C,NOGRA,LYCEE CITE ERRAFEHA,42.04231164482208,rain,61.13822204893049,none,15.85048951470737,5,4,5,22.854385317606372,1.2176923335734369
2026-05-09T21:45:30.066247,12,TERMINUS JBEL LAHMER L 11,TERMINUS L12 ZAYATINE,49.06684715572194,clear,23.840430667996966,none,37.472635386445944,2,10,22,17.65879374087091,1.7889568402521623
2026-05-09T21:45:30.066247,249 Retour,Depart,Arrivee,42.684031644238026,clear,61.91139847327719,festival,21.168238842513613,5,10,3,39.10410824916616,9.569882410715657
2026-05-09T21:45:30.067847,5,PLACE DES MARTYRS,ECOLE CITE OLYMPIQUE,56.58276869331226,clear,93.37598899852934,festival,33.04176727195883,3,12,18,58.932973453258576,0.7728931918257311
2026-05-09T21:45:30.067847,27,LYCÃ‰E RAOUE,TERMINUS RAOUED,17.883665603975064,clear,46.07118504860443,match_sport,12.410371096712577,1,10,4,47.12206605058181,1.5501612351376224
2026-05-09T21:45:30.067847,58,CROISEMENT SANHAJA,P.T.T OUED ELLIL,46.78451960574861,cloudy,66.65547077806829,none,38.92733095574409,1,10,21,33.75118163960877,1.246843167755077
2026-05-09T21:45:30.067847,20C,SIDI DAOUED,YASSMINA 2,46.51658224388841,clear,98.45041634058916,none,20.08115833248044,5,5,2,24.244531286452027,2.225266784155636
2026-05-09T21:45:30.067847,22,CENTRE BEN AROUS,INSTITUT ENNOUR,10.329778670979158,cloudy,83.53911881576435,festival,15.289036308762704,5,10,4,60.88423868431008,2.676314986492103
2026-05-09T21:45:30.067847,5C,PLACE JEANS DARK ALLER,TOUTA 10 DECEMBRE,10.624736275021236,rain,37.58295615675905,manifestation,14.893742039181568,2,10,12,87.33093002588906,3.0617516237951596
2026-05-09T21:45:30.067847,20C Retour,YASSMINA 2,LAC PALACE,18.898799774053966,clear,53.17303569222316,none,9.285230272669438,6,7,1,46.945212684080566,8.62864681565018
2026-05-09T21:45:30.067847,54D Retour,DÃ‰LÃ‰GATION MOUROUJ,CITÃ‰ EL FAOUE,41.24327503185188,clear,28.37541207510782,none,23.748863011959248,1,8,7,27.588749251724796,3.2681740847315455
2026-05-09T21:45:30.067847,31C/ Retour,MREZGEYA,USINE DE CARRELAGE,44.539314369203325,clear,56.22950968732794,festival,27.62502051053498,3,6,17,58.489473222660344,14.008224013524185
2026-05-09T21:45:30.067847,29 Retour,BELLEVUE,SALLE DES FÃ‰TES BELLEVU,18.98752748769862,clear,97.3211639675063,manifestation,17.664037132161592,6,5,8,65.84354633486015,0.5846702192364689
2026-05-09T21:45:30.067847,23C,CROISEMENT BEN YEDDER-RETOUR,OUED GUERIANA L23,51.054145415266824,clear,74.87605570212428,foire,20.144390707922792,2,8,0,41.336356659630205,5.27362438458929
2026-05-09T21:45:30.067847,95 Retour,IBN JAZZAR MANNOUBA ALLER,DAR MOCENNINE-ALLER,19.051590590835968,clear,28.160339290519214,holiday,15.344691783505798,3,2,9,37.43700349786981,0.46693067731725435
2026-05-09T21:45:30.067847,54A/,DISPENSAIRE,TERMINUS CITÃ‰ CHAKE,46.26165801615311,clear,80.50626926429489,match_sport,10.69289026233341,5,10,6,55.79214039256319,18.152362594887034
2026-05-09T21:45:30.067847,252 Retour,Depart,Arrivee,13.05944896436612,cloudy,30.568054819483045,none,8.0705264570779,2,11,1,62.93972554152394,8.05561022997481
2026-05-09T21:45:30.068858,54C  Retour,CENTRE DES HANDICAPÃ‰,INSTITUT ENNOUR,54.145284016262735,rain,98.36225398202647,foire,16.953213201868316,5,1,14,52.134668977065964,0.9652926523925975
2026-05-09T21:45:30.068858,54B,14-janv,CROISEMENT MOUROUJ 2,38.76808511797729,storm,77.00658567513632,none,14.306187419443535,5,9,7,54.96878102234147,3.0667051168808976
2026-05-09T21:45:30.068858,15,CHARLE NICOLE-RETOUR,MOSQUÃ‰E ELBOR,42.780986771632,clear,44.629498961666684,match_sport,17.14158046124439,3,5,15,39.34537190408752,1.1630510649156172
2026-05-09T21:45:30.068858,71 Retour,Depart,Arrivee,17.977512242392223,rain,99.25743708937183,none,10.425353299702707,2,8,0,65.29748571132036,5.8030322863314305
2026-05-09T21:45:30.068858,4G Retour,POSTE POLICE MANOUBA-RETOUR,BOUCHOUCHA-RETOUR,20.742451684825244,storm,39.54017658866729,none,21.5360278175495,5,9,19,55.9418393744967,5.783008954730047
2026-05-09T21:45:30.068858,16D,SIDI TALEB 16D,ROUTE CHAOUAT 1,41.51722459075833,cloudy,48.63398875875194,congres,31.280762365765373,6,2,8,42.279329869134216,5.2988893574912375
2026-05-09T21:45:30.068858,29,DUBOSVILLE,SALLE DES FÃ‰TES BELLEVU,15.776896160314587,rain,72.20719779874713,none,21.805335238658127,1,11,3,38.682155181416256,0.8532115986541964
2026-05-09T21:45:30.068858,44C Retour,JABBES,SABALET BEN AMAR,55.1051109982781,cloudy,14.776287905583107,none,29.91757530076568,1,8,11,6.084784837946701,4.285851637975467
2026-05-09T21:45:30.068858,87,20 MARS ALLER,LYCEE ZAHROUNI,28.044676890379414,storm,14.191188512333921,none,33.27753475710717,5,12,21,36.67502155116298,4.928568921224409
2026-05-09T21:45:30.068858,256 Retour,Depart,Arrivee,14.645168784710624,cloudy,65.54117415292083,foire,34.90161572999264,2,2,0,60.407045518288086,3.570138872946199
2026-05-09T21:45:30.068858,55,INEPS,TAXIPHONE DAOUAR HICHER,46.93255950079575,fog,43.16535264573087,none,12.992688235194148,0,1,9,41.08261088094959,1.66870978673711
2026-05-09T21:45:30.068858,5D Retour,JEANS JAURES,TERMINUS TUNIS MARINE BUS,21.302142889646206,clear,63.04012741881672,festival,39.44014475275033,0,8,23,46.93150813758656,0.5937883565173383
2026-05-09T21:45:30.068858,18C,CITÃ‰ MOHAMED AL,YASSMINA1,18.351683325213003,clear,22.889375674710728,festival,15.000523152320266,1,7,10,25.568244814700215,0.634414788774901
2026-05-09T21:45:30.068858,410B,LYCEE IBN ABI DHIEF MANNOUBA,BOUCHOUCHA-RETOUR,33.49680669221361,cloudy,75.61978915715629,none,35.41521074576542,4,8,3,41.43255042633727,4.54310187321672
2026-05-09T21:45:30.068858,42,BOUDREYA,ERRIADH,41.582453120138304,clear,45.4269451363114,none,24.285601722197754,3,5,16,23.67099585664677,10.96424434777304
2026-05-09T21:45:30.069944,17A,MOSQUÃ‰E MEDINA JEDID,MC 33,39.54853604881092,cloudy,11.953370975139602,none,35.063833032802236,5,1,8,45.54657513619611,15.104681581392407
2026-05-09T21:45:30.069944,38B Retour,PLACE PASTEUR ALLER,PLACE JEANS DARK ALLER,30.56060007314022,clear,63.962438237042306,none,9.151156790380213,1,3,5,23.988542530306276,0.5533387144172845
2026-05-09T21:45:30.069944,20B Retour,CITÃ‰ EL KHADHR,JARDIN THAMEUR,14.266871057724014,clear,16.89591947427065,festival,25.838887398753137,3,4,6,38.75191788989334,3.176358352109112
2026-05-09T21:45:30.069944,71 Retour,Depart,Arrivee,35.93625443634824,fog,62.117654196786184,none,25.247900009113252,6,11,4,49.142239673560134,14.749864520652649
2026-05-09T21:45:30.069944,4G Retour,RABATTEMENT SLIMEN KAHIA,KHAZNADAR-RETOUR,45.95515020276545,clear,37.22189882468022,none,26.866476949066286,6,10,1,8.830417256117453,2.5391341722019485
2026-05-09T21:45:30.069944,94 Retour,RELAIS BORJ AMRI-ALLER,GUITOUNI-ALLER,32.224174223220814,cloudy,17.411575031763835,none,33.03706672082565,5,7,12,28.711623511849044,8.534107260961349
2026-05-09T21:45:30.069944,42 Retour,Depart,Arrivee,49.65081056246091,rain,90.8893596519842,marathon,16.367533973024916,3,7,7,95.34530744762951,9.086244601023363
2026-05-09T21:45:30.069944,23H,HUILERIE LOUKIL-RETOUR,AGBA SUPERIEUR-RETOUR,51.73263722501359,clear,54.63129997863746,none,26.25926762847085,3,8,6,20.789399099295153,5.061112331995574
2026-05-09T21:45:30.069944,95,BAIGNEUR,AFFAIRES SOCIALES,58.91145594750107,cloudy,39.16961076050337,none,17.297754467784717,5,3,6,5.999692183344084,2.075894456552951
2026-05-09T21:45:30.069944,54A,SNTRI,CHOUCHET RADES,57.05046475273688,cloudy,53.29302926653638,none,24.522289521326265,4,2,11,18.72625548047935,2.2571099481302426
2026-05-09T21:45:30.069944,47,HAMADI ABID,SHELL SOUKRA,28.08371322317897,clear,93.97830585250867,foire,22.13889777830653,5,11,7,44.35628422704961,0.7107820199715746
2026-05-09T21:45:30.069944,527,TUNISIE TÃ‰LÃ‰COM EL GHAZE,TERMINUS CITÃ‰ EL GHAZEL,15.385985072954124,storm,13.43153609273302,none,25.551883030596365,5,6,8,39.514954392440046,0.9725058562763138
2026-05-09T21:45:30.069944,54A/ Retour,CITÃ‰ EL HIDHA,GARDE NATIONAL FOUCHANA,19.757593377910606,clear,33.53232930293565,none,15.878401689030543,4,7,13,21.849000930000937,1.9778056962537391
2026-05-09T21:45:30.069944,26C,TOUATI,EZZAOUIA MORNAG,28.422675286360057,clear,88.57434482082746,manifestation,36.16437764672908,2,4,18,83.06196548497294,1.796861332818744
2026-05-09T21:45:30.070946,46B Retour,E.PRIMAIRE EL MAHFOURA,SICLOU,59.15121516262448,clear,20.79424996315874,none,26.93634756998997,1,5,3,6.60666608923445,2.0599566016625053
2026-05-09T21:45:30.070946,39,STEG,BORJ LOUZIR (BEN AROUS),31.270913868416883,clear,32.933717766942294,congres,20.909069266879257,5,1,18,33.210181237791346,2.2401306052366987
2026-05-09T21:45:30.070946,38B Retour,STEG JEANS JAURES ALLER,TERMINUS TUNIS MARINE BUS,26.51891653571291,cloudy,11.771443557487132,none,27.22661429098811,4,7,23,12.82857035415409,1.0574352984515976
2026-05-09T21:45:30.070946,16A,CITE EL BOSTANE,DOUAR EL BEY,56.84467290045259,cloudy,78.31979790118865,none,20.290579031070397,4,5,16,25.97135737753225,1.2796375411511223
2026-05-09T21:45:30.070946,31A,GARDE NATIONAL MBARKA,DAR AMMAR,47.483517962095476,storm,52.572570422804624,none,39.26328548417726,4,10,23,75.4534683649388,18.698592897063698
2026-05-09T21:45:30.070946,4G Retour,BOUCHOUCHA-RETOUR,KASBAH,23.26400099265056,clear,43.945680294647396,none,25.19786417370724,1,6,21,17.502613604663495,2.407790729148177
2026-05-09T21:45:30.070946,88 Retour,Depart,Arrivee,49.48629648477672,clear,39.61901338080736,none,28.57194784047484,5,2,17,22.205585094235598,1.5459083406261016
2026-05-09T21:45:30.070946,20B Retour,RELAIS GAMMARTH,CHTIOUI,22.91073052271463,clear,65.79762942253382,none,33.705855912412076,3,11,22,27.938914650139928,2.4795401051200425
2026-05-09T21:45:30.070946,16B Retour,HAMMED,ERRIADH,39.92202657102351,clear,79.68242374653119,congres,23.70645061285316,5,7,13,40.86065962225915,6.524981517700372
2026-05-09T21:45:30.070946,27C,LYCÃ‰E KHEREDINN,ENKHILETTE,16.647225554895996,rain,68.53832456877973,match_sport,38.41470644892415,6,1,6,62.868676957619755,3.1047230295529524
2026-05-09T21:45:30.070946,24D Retour,FERME LOUKIL,RABATTEMENT MOUROUJ 2,46.516365525469546,storm,61.361292989128344,none,29.776655366559506,1,6,14,55.221323410332985,1.943070460842721
2026-05-09T21:45:30.070946,5D,LA FAYETTE ALLER,MONOPRIX MENZEH 6,14.374059438857097,clear,96.07654802610884,match_sport,26.007476448415773,1,4,20,74.8889228517023,4.509900201921108
2026-05-09T21:45:30.070946,12,CITE ZAYATINE RETOUR,MARCHÃ‰ ZAYATINE RETOU,15.302546524723063,clear,46.12945819782664,match_sport,28.41673204415907,1,3,20,43.33555771762655,0.4997850241808157
2026-05-09T21:45:30.070946,47A,CITÃ‰ NACER ,CARNOIE2,43.04943475724061,clear,75.27800268076876,none,38.108744960983586,4,8,4,32.74834639682282,2.966358161830831
2026-05-09T21:45:30.071947,6B,EL ANBARIA,TERMINUS CITÃ‰ EL MALLAH,57.09717551787417,clear,16.93910507809376,none,20.786846506839733,3,5,4,5.0,0.6928516782182912
2026-05-09T21:45:30.071947,60,IBN SINA(SECTION),RUE 10800 (2),56.76347229582079,clear,82.33950712170662,none,15.384689422849565,4,4,16,26.45153664382398,1.0805845022345233
2026-05-09T21:45:30.071947,23F,MESSAADINE-RETOUR,CIMETIERE ANGLAIS-RETOUR,16.046999290861606,clear,43.82391914438486,none,11.43712786226638,5,7,16,39.99048422523033,6.512948601151514
2026-05-09T21:45:30.071947,5C Retour,CITE MAHRAJENE,TERMINUS TUNIS MARINE BUS,10.477824715332641,clear,41.060768033834414,festival,17.35053543518124,2,10,22,64.20790872584219,3.6069445405692435
2026-05-09T21:45:30.071947,74G Retour,FOYER UNIVERSITAIRE MOUROUJ 3,HAMMAM LACAGNA,29.034863967738797,cloudy,76.81054527220475,none,9.74320771280069,4,11,12,47.26427905538977,8.006562623858594
2026-05-09T21:45:30.071947,5,MARCHE CITE EL KHADHRA,PLACE DES MARTYRS,49.79689837280038,storm,49.68102859047264,none,35.64487836091192,0,3,11,47.18223989514753,0.1929782701906424
2026-05-09T21:45:30.071947,44D/ Retour,MTHALITH,CITÃ‰ POPULAIRE ENNAHL,12.18232518218428,rain,60.72931543910127,none,29.468661194246806,6,11,20,62.222362564389186,7.089393120866227
2026-05-09T21:45:30.071947,69 Retour,LYCÃ‰E 2 MARS EL OUARDIA L(G,AVENUE CARTHAGE,38.61737069116488,cloudy,48.74378113973081,festival,14.556649746041472,1,11,13,42.25944521455948,2.3943375436518113
2026-05-09T21:45:30.071947,93,RABATTEMENT KHAIREDDINE MANNOUBA,TERMINUS 16A 93,56.00777921863976,clear,95.77856422828911,holiday,33.070217929108935,2,9,10,41.963874161728306,2.433041576483721
2026-05-09T21:45:30.071947,93,RABATTEMENT KHAIREDDINE MANNOUBA,TERMINUS 16A 93,16.449110284189647,rain,25.383704460995315,none,14.286767600782035,2,8,3,25.348518244559074,2.433041576483721
2026-05-09T21:45:30.071947,51A,SHELL MENZEH 7,CAMOUNE MÃ‰DICAL,38.72646689021031,clear,92.72562474206262,none,31.856424394992555,4,5,1,36.046641242873605,1.51426009396992
2026-05-09T21:45:30.071947,75 Retour,PONT OUED MILIYEN,DUBOSVILLE,40.363579365140446,cloudy,39.06945563662954,none,27.698903017817436,5,3,23,27.487283610551064,8.850803486299313
2026-05-09T21:45:30.071947,45 Retour,HOPITAL TEBOURBA,LYCÃ‰E TECHNIQUE TEBOURB,42.826038929656555,clear,24.30692127224371,marathon,22.767102588632163,4,11,6,40.50449225993386,0.16678742042753925
2026-05-09T21:45:30.071947,29 Retour,BAB ALIOUA GP1,STATION BARCELONE,24.064535208774753,clear,25.33491538317247,none,22.474179374417616,4,1,3,5.159555274696181,1.0436155553811073
2026-05-09T21:45:30.072944,23,GHDIR ELGOLLAH-ALLER,CITE ENNACR-ALLER,47.398903438062376,cloudy,50.5728618133095,foire,30.466962781429167,1,2,1,41.73638639189628,3.6351032053801218
2026-05-09T21:45:30.072944,83 Retour,Depart,Arrivee,16.52830332268047,cloudy,69.38896124281143,none,20.96335340758715,0,6,9,59.73756817925788,4.816758952510877
2026-05-09T21:45:30.072944,18B,LYCÃ‰E KHEREDINN,UNIVERSITÃ‰ IBN KHALDOUN,31.27912010714222,clear,41.544466768890494,none,26.55706451350434,5,10,0,19.467807647323237,6.279668393886475
2026-05-09T21:45:30.072944,4G Retour,ONAS MANOUBA-RETOUR,KHAZNADAR-RETOUR,20.712913118362472,cloudy,68.0716470096867,none,28.19257694517232,6,2,3,26.746965530445205,2.938547061852241
2026-05-09T21:45:30.072944,45 Retour,CITÃ‰ ERRAJE,TERMINUS TEBOURBA,14.719345689032883,fog,81.3188648960701,festival,34.56759146630493,6,5,23,51.12133788678621,1.2313011556589757
2026-05-09T21:45:30.072944,31C,CHOCO TOM,CHORFECH 2,24.134371545090158,rain,86.73862636553145,none,21.24112764769591,0,10,21,70.83641707067612,15.64509125563794
2026-05-09T21:45:30.072944,21A Retour,ERRISSALA,COLLÃ‰GE MAHMOUD AL-MESSAADI MORNE,49.35691692675149,fog,85.26657052328567,none,14.91571591332351,2,12,9,57.12133431609544,2.002187115186878
2026-05-09T21:45:30.072944,44B,LYCEE CITE ERRAFEHA,CITÃ‰ MONJI SLIM TERMINUS 44B 44D,36.57374761158327,rain,25.84429258844532,none,28.177007076320585,5,8,18,60.24974404420544,18.37409365133277
2026-05-09T21:45:30.072944,71 Retour,Depart,Arrivee,45.1432542774715,cloudy,23.453517035940575,none,26.469533354951285,1,3,20,19.297703474759675,2.695129710536137
2026-05-09T21:45:30.072944,635 Retour,AÃ‰ROPORT PÃ‰LERI,DEPOT CHARGUIA,48.48159179516208,clear,73.39206646801864,none,22.613774593464214,3,3,13,32.07442791141223,1.5571285179898258
2026-05-09T21:45:30.072944,35,TERMINUS TUNIS MARINE BUS,RABATTEMENT 10 DECEMBRE,40.486732159475295,clear,50.729349765035224,none,28.643348564964906,1,5,9,41.20604940485963,7.322906295420886
2026-05-09T21:45:30.072944,62A,NAHLI 2,ECOLE NATIONALE DES PRISONS,54.64496463251395,cloudy,42.623610894091684,none,34.156463635103165,1,3,21,19.01324034864624,6.206778027128019
2026-05-09T21:45:30.072944,81A,STEG MOUROUJ4,LYCÃ‰E MOUROUJ,25.850980290904825,cloudy,68.93763017851487,festival,34.67040612231518,6,11,16,30.33468575352764,0.36082041283087873
2026-05-09T21:45:30.072944,64 Retour,SIDI ALOUI,ALI BALAHOUAN,51.57751771273283,cloudy,77.59110433209875,none,26.885898252639034,4,5,6,20.528931409017165,0.4982772051826396
2026-05-09T21:45:30.073951,10,CENTRE BEN AROUS,CENTRE DES HANDICAPÃ‰,44.08287264630857,clear,12.910820618591618,none,38.16899764897113,3,4,17,38.32712916180553,8.992392854794543
2026-05-09T21:45:30.073951,20A Retour,MOHAMED V,JARDIN THAMEUR,22.06213168189406,rain,77.44874493478919,none,30.314291459266965,5,5,22,26.055664889531112,1.6674983466386593
2026-05-09T21:45:30.073951,88 Retour,Depart,Arrivee,18.857533290068503,clear,94.51300637498356,festival,21.16114973327232,6,9,13,76.74667798372863,10.757962492307435
2026-05-09T21:45:30.073951,87 Retour,Depart,Arrivee,23.444757385048433,clear,44.60454769313212,none,14.411047982652306,3,4,16,23.35193569264991,4.082784840419235
2026-05-09T21:45:30.073951,3AG Retour,USINE MY MODE,TELECOM,55.55320510280415,storm,83.97973955156827,none,29.11038181127955,0,7,2,56.029047365787356,8.327374665538523
2026-05-09T21:45:30.073951,257 Retour,Depart,Arrivee,35.48746760462652,clear,11.73498497577666,match_sport,24.967946527860306,2,4,2,35.37226809474291,9.039268350654723
2026-05-09T21:45:30.073951,24/,CITÃ‰ EL HIDHA,FATOUMA BOURGUIBA,47.93881946944027,cloudy,57.61141215129725,match_sport,39.06345298913229,4,5,9,64.36330101205812,4.669655384753578
2026-05-09T21:45:30.073951,33,MAAEOU,TERMINUS MGHIRA,12.223525448594721,clear,40.62321996377891,none,15.19249054759847,3,6,23,64.74194317328794,7.809300095760316
2026-05-09T21:45:30.073951,27A,MAGRO,SALON BADER,43.60313571056156,fog,17.741488828330937,greve_transport,28.647786955735533,1,10,6,80.83737736250565,3.33988664995411
2026-05-09T21:45:30.073951,45 Retour,EL BATTAN,TERMINUS CHOUIGUI,24.361118362245755,fog,80.85273133670397,festival,36.42966784021449,0,12,8,102.79526282981129,8.970097042569451
2026-05-09T21:45:30.073951,5,PASSAGE JEANS JAURES ALLER,DEPOT CHARGUIA,47.74645112240883,cloudy,57.807371507485286,congres,18.328113591997383,5,4,8,45.66178107865407,5.525321124932554
2026-05-09T21:45:30.073951,27,EL ANBARIA,BUREAU DE POSTE RAOUED,50.85598372942523,cloudy,24.760350255345962,none,12.986898965349024,0,5,16,19.131298609311635,11.908917242095544
2026-05-09T21:45:30.073951,31C Retour,ECOLE PRIMAIRE GOUEZINE,INOPLAST,43.73525215915741,clear,38.31151829670533,manifestation,33.18470251058658,1,1,13,62.39785184253965,8.571856396041042
2026-05-09T21:45:30.074942,23H,RABATTEMENT SLIMEN KAHIA,ABDELMOULA-ALLER,43.60504323616262,fog,26.13044400445424,manifestation,9.643644238620514,2,7,18,87.41439803523903,10.133915813466352
2026-05-09T21:45:30.074942,47A,SOULA,PLACE SALA CENTRE,37.75356146147662,clear,51.495147593294114,none,25.11195591252828,5,2,7,45.24566303252947,10.537000506479663
2026-05-09T21:45:30.074942,16B Retour,DJEDAIDA GARE ALLER,STIL,51.156769373231704,clear,71.64158850648104,festival,28.83675416689409,0,7,12,44.266004401574186,2.395161718145417
2026-05-09T21:45:30.074942,258 Retour,Depart,Arrivee,22.379828178649483,rain,68.40153590517949,none,36.57713089415128,6,2,21,38.39142484909766,2.1629443981538
2026-05-09T21:45:30.074942,44 Retour,SIDI MAROUEN,BORJ JEBBES,42.93259279282638,clear,36.44577065226824,none,24.594889088984065,2,11,21,16.561824349493705,2.4879231720981423
2026-05-09T21:45:30.074942,42B,ZONE F,SIDI TALEB,44.015328620233625,cloudy,93.1984259240496,none,27.99496679939339,0,5,18,48.260253206768816,3.370404014649866
2026-05-09T21:45:30.074942,51 Retour,Depart,Arrivee,47.99773101487052,clear,67.0325881775755,none,23.030981130595613,2,6,4,39.096432826336624,13.889185892946088
2026-05-09T21:45:30.074942,25A,BRIQUETERIE TUNISIENNE,CENTRE DE FORMATION AGRICOLE NAASEN,27.096618300471906,storm,71.25291792889604,festival,31.753351154638864,6,11,7,67.68645513941827,2.270016332264465
2026-05-09T21:45:30.074942,95,AFFAIRES SOCIALES,TERMINUS 56 72,15.390007044786355,clear,97.05795940854098,none,20.342761750420202,3,5,19,54.411743245219284,0.5003136697084978
2026-05-09T21:45:30.074942,55,SIDI ALOUI,CHEBBI ALLER,30.59712442850658,fog,65.9014003746708,none,23.741837990465807,0,3,4,41.05281058249831,3.450158611697257
2026-05-09T21:45:30.074942,5C Retour,PHARMACIE CENTRAL,PATISSERIE BEN YEDER,52.837154077799354,clear,28.94690507708208,greve_transport,36.39682208820621,2,10,14,84.65236388479065,0.9580715557363977
2026-05-09T21:45:30.074942,44D/,SIDI THABET CENTRE,CITE MONJI SLIM,46.78563050665164,clear,38.439376722719416,none,32.98120890690382,1,7,23,43.476587991382935,24.705700310090037
2026-05-09T21:45:30.074942,74G,13 AOUT,14-janv,49.29713976772749,cloudy,32.83391135626345,none,39.10803573578676,5,12,10,25.161539850784365,8.1142985827789
2026-05-09T21:45:30.075949,18C,YASSMINA 2,BYRSA1,52.41621758875315,clear,35.10798302184996,none,18.12792791822186,2,7,6,5.0,0.2239766072916929
2026-05-09T21:45:30.075949,18B Retour,SALLE DES FÃ‰TES EZITOUN,PLACE SALA CENTRE,13.897804502162227,cloudy,71.33706365869136,none,38.12001889163705,5,5,0,52.47528519170259,4.895351626411552
2026-05-09T21:45:30.075949,81 Retour,Depart,Arrivee,24.883775236216216,cloudy,27.912938908753755,none,19.527236179966614,2,1,6,36.81630860139809,9.035892102428544
2026-05-09T21:45:30.075949,31C/,USINE DE CARRELAGE,CARRIÃ‰RE NAHL,41.699974917769765,clear,39.84788805087845,match_sport,12.940313287282702,0,7,13,43.5224503586215,2.193330408835906
2026-05-09T21:45:30.075949,55 Retour,BAB ABDESLEM-RETOUR,ALI BALAHOUAN,34.8086456959325,clear,57.69824667487154,none,19.14909943551812,6,9,4,14.198318659189766,1.50368562407591
2026-05-09T21:45:30.075949,27A Retour,CAFÃ‰ LESKAL,LA POSTE,44.42437236466168,clear,63.62216091548726,congres,16.496034117359542,4,3,21,36.42117439727479,1.9583345042500468
2026-05-09T21:45:30.075949,635,FOIRE LA CHARGUIA,CHARGUIA 2,14.963275758188502,cloudy,46.04989280161345,match_sport,35.76715343355127,2,9,3,70.39809374283627,4.759185688285959
2026-05-09T21:45:30.075949,54D Retour,DÃ‰LÃ‰GATION MOUROUJ,MOUROUJ 5,53.08410834202906,clear,49.066329808373226,foire,33.34615451931495,6,2,22,33.561174018912155,4.521382212704309
2026-05-09T21:45:30.075949,67 Retour,Depart,Arrivee,54.89408322938115,clear,97.97426704252302,none,21.477661725719365,4,10,14,45.860482652927146,11.440875503710338
2026-05-09T21:45:30.075949,18B,EL ANBARIA,ONAS SIDI SALAH,17.4675960073884,clear,20.98855499807061,none,23.66120525414335,0,12,0,35.918869976506215,8.50914335421588
2026-05-09T21:45:30.075949,96,CITÃ‰ SNIT MANOUB,GOBAA TERMINUS 96,15.276503140129634,cloudy,68.9752337705462,match_sport,36.92829482006967,3,8,12,69.28953918354516,0.5329217434186563
2026-05-09T21:45:30.075949,97,RABATTEMENT KHAIREDDINE MANNOUBA,COOPÃ‰RATIVE CENTRA,49.50667847075864,rain,74.77422940994823,none,35.11713095702545,5,1,23,37.98740642014065,3.4991741067565765
2026-05-09T21:45:30.075949,44,EJJBAL 2,MUNICIPALE,37.67862156397958,clear,32.4984908185962,festival,33.30026812282888,4,10,23,20.59589894753274,0.6115094967991226
2026-05-09T21:45:30.075949,44,GESSIR 2,RÃ‰SERVOIR D'EA,10.492624976086864,cloudy,55.73453228961413,none,25.350129026522822,0,4,10,39.28473452898726,1.6141346791490712
2026-05-09T21:45:30.075949,54A/ Retour,TERMINUS CITÃ‰ ENNASSI,CITÃ‰ ELLOU,28.3098124776821,clear,23.743097937213854,festival,20.25538992286862,5,7,19,35.58650724206006,0.9996206256897473
2026-05-09T21:45:30.075949,22A,KIOSQUE MOBIL BEN AROUS,AVENUE DE LA GARE,51.16916066182753,cloudy,97.88515807186843,none,23.104175752557992,4,1,17,52.35774351165478,5.109071538791175
2026-05-09T21:45:30.075949,48 Retour,POSTE POLICE MANOUBA-RETOUR,ONAS MANOUBA-RETOUR,52.46521413020916,clear,73.73042601760855,none,10.995234835812898,6,9,8,26.354130894332744,0.36564287913858173
2026-05-09T21:45:30.075949,10B,CENTRE DE COORDINATION OUARDIA,SIPHAT,33.347337834166154,clear,82.20312352748297,match_sport,27.66153987869436,2,10,13,71.5391434683679,10.831584379464532
2026-05-09T21:45:30.075949,17,AVENUE DE LA RÃ‰PUBLIQUE ,RADES PLAGE 1,41.233400565773294,clear,79.93413776656469,none,35.56880814408822,3,8,21,43.361073635662066,8.899865218198137
2026-05-09T21:45:30.075949,60 Retour,RUE 10800 (1),PONT MÃ‰TRO KABARI,23.28465807031523,fog,44.93584545263308,festival,12.480385796912078,5,4,21,33.99730201860501,1.8802368940883052
2026-05-09T21:45:30.077458,45B Retour,ROUTE CHAOUAT,SIDI SALEM,44.36587241946445,clear,35.5537798903686,none,33.45908685970518,3,4,20,19.976348740549835,6.954738656164143
2026-05-09T21:45:30.077458,62 Retour,USINE DE CARRELAGE,TOUTA 10 DECEMBRE,44.3554847200123,clear,82.39562213805495,none,11.75076961697108,0,11,17,44.14492150804741,4.886087960868021
2026-05-09T21:45:30.077458,88A,BOUCHOUCHA-ALLER,BAB ABDESLEM-RETOUR,30.448943128260673,rain,64.33208230087837,holiday,10.216458654841293,4,6,22,84.00024875759091,21.527374280284008
2026-05-09T21:45:30.077458,86,FERAILLE 1,AMEN BANQUE,42.047303152756356,clear,37.254660479210756,none,31.71291595877749,2,3,10,12.59901012961307,1.8933919289092747
2026-05-09T21:45:30.077458,96,CITÃ‰ SNIT MANOUB,GOBAA TERMINUS 96,20.726102352795102,clear,58.42490597359855,none,16.778377183308983,4,5,7,38.00504611376354,0.5329217434186563
2026-05-09T21:45:30.077458,6B Retour,MOSQUÃ‰E ARIANA EL JADID,10 DECEMBRE,47.816498928030725,clear,82.43686854053355,none,9.29854764496649,6,8,17,36.13888906068951,1.2424731034529786
2026-05-09T21:45:30.077458,19A,TERMINUS CITÃ‰ CHAKE,STOA,12.805397751509364,clear,28.519447354434096,festival,30.6299090394091,2,7,2,41.92451904422772,2.310113682462961
2026-05-09T21:45:30.077458,81A Retour,CITÃ‰ EL FAOUE,JARDIN D'ENFANTS MOUROUJ 5,30.355535773594223,cloudy,20.368502647007773,festival,11.324728251618815,2,1,10,32.814472998288224,0.6622617511447073
2026-05-09T21:45:30.077458,26B Retour,ESPACE RANINE,LUSTRERIES,31.3794036823661,clear,21.52354156458322,none,8.016890997946636,6,6,19,64.51835238072819,21.2894878488926
2026-05-09T21:45:30.077458,24/,FOUCHANA CENTRE,SIÃ‰GE DÃ‰LÃ‰GATION MHAM,36.47214512978356,clear,50.118393524293566,none,24.971188274410437,3,7,14,22.90920560953883,2.577134409332287
2026-05-09T21:45:30.077458,20C,BANQUE DE L'HABITAT,CITÃ‰ TAIEB MHIR,31.53797706109965,clear,20.812723084323896,none,36.184105571517065,5,7,5,24.105292903013385,7.723901850789494
2026-05-09T21:45:30.077458,39,ELOULIJA,BIR ETTARRAZ,46.42837221159175,clear,59.476271661663205,greve_transport,18.43974727997238,5,7,1,69.04016092238064,1.5732074153505042
2026-05-09T21:45:30.077458,116 Retour,MOSQUÃ‰E OUED ELLI,RABTA,29.542020446645992,clear,11.725708712840603,none,30.571314703259024,5,12,22,24.700378051874722,11.43544823582413
2026-05-09T21:45:30.077458,17A Retour,STEG RADES,VILLAGE D'ENFANTS,58.37495403624273,cloudy,92.3152104263298,none,30.836468056870437,6,1,11,25.738263499890103,4.504424646199455
2026-05-09T21:45:30.078466,23,AEROPORT BORJ EL AMRI-ALLER,CITE EL INTILAKA ,19.961391043075018,clear,24.096593687446713,none,39.572200263258964,5,7,7,39.790981436717146,5.776716285360827
2026-05-09T21:45:30.078466,116 Retour,ECOLE HAMMED,CITE ERRAOUDHA RETOUR,32.10717108492889,clear,99.29582157687415,marathon,34.16199209203599,1,10,14,120.35909377985755,25.28941947536471
2026-05-09T21:45:30.078466,82,BOULANGERIE ELALLGUA,HUILERIE BAYREM,59.62292138460235,clear,20.174112014867468,manifestation,23.247523790159896,0,11,21,31.9773110770489,2.355246639631412
2026-05-09T21:45:30.078466,17A Retour,AV HÃ‰DI NOUIR,MÃ‰DINA JEDID,22.259663795474435,clear,70.4651629766726,none,31.463049083849167,5,6,1,54.95475669443438,12.733063361832562
2026-05-09T21:45:30.078466,21B Retour,EL HOUEMED 1,ALLALGA 1,28.24061273776322,clear,25.606947550313222,none,39.593176818665526,0,11,17,31.801076246658866,3.396320488926092
2026-05-09T21:45:30.078466,6P,PLACE JEANS DARK ALLER,CITÃ‰ SPORTIV,26.856008548492746,clear,96.04311063598854,none,31.45443689936412,0,9,6,31.534648522787762,2.2946470531984504
2026-05-09T21:45:30.078466,714,CNSS,LUSTRERIES,20.592388845760183,fog,20.861792434665517,none,24.081120762485472,1,11,7,41.86763688187849,1.9698255026972946
2026-05-09T21:45:30.078466,78,HNAYA BARDO,HOPITAL DES ENFANTS,26.828802086869505,fog,96.61979767206417,manifestation,30.262813373729617,5,10,20,67.88150080596932,0.9149458872431069
2026-05-09T21:45:30.078466,82 Retour,OUED MELIANE L(26A-B-82),CNSS,34.79519544651478,clear,48.42025983454793,none,31.38641674302119,0,9,21,25.828806410149056,5.6902079305354984
2026-05-09T21:45:30.078466,24A,AMEN BANQUE,OUDHNA VILLAGE,42.02549632641706,clear,54.93122471527078,marathon,13.954873005396767,2,6,20,70.3367405606771,11.7426184507285
2026-05-09T21:45:30.078466,3AG Retour,TELECOM,KASBAH,50.642671994688186,cloudy,76.63315310172813,none,21.343666562680145,2,1,10,21.84451460722848,0.5070961927396667
2026-05-09T21:45:30.078466,69 Retour,AVENUE CARTHAGE,MOEZEYA,28.99544668619153,clear,60.35237564126073,none,37.869421124456935,4,7,16,47.61562005954074,11.10352888001383
2026-05-09T21:45:30.078466,20,CITÃ‰ ESSALE,MARSA VILLE,32.6189652592317,rain,79.05994455576246,none,9.472438168748926,3,1,16,50.966407983087066,5.839393834488728
2026-05-09T21:45:30.078466,54A Retour,LES ROSES MOUROUJ 1,CITÃ‰ EL HIDHA,25.943333662277922,rain,80.0620548379491,none,29.263625909265915,4,5,0,46.96920464749501,4.130823211534503
2026-05-09T21:45:30.079511,81A,CROISEMENT MOUROUJ 3,STEG MOUROUJ4,47.35995531323718,clear,81.6369551740312,none,25.034515468371605,3,4,0,24.150511122990483,1.0234545038009832
2026-05-09T21:45:30.079511,262 Retour,Depart,Arrivee,30.845212368645544,rain,49.53377744595603,greve_transport,13.497136654658327,0,5,3,99.43867415256884,9.721769071917574
2026-05-09T21:45:30.079511,52,CENTRE DE FORMATION GAMMARTH,CITÃ‰ EL KHALILL,12.56500437971015,cloudy,43.68807245653626,none,16.083390037792142,2,7,21,34.04890541650235,1.7217978371604734
2026-05-09T21:45:30.079511,10B,GARE DDJEBEL JELLOUD,GARE DJEBEL JELLOUD,55.47397453175964,clear,36.0904479586428,none,9.768591137516061,1,3,2,34.88003659086633,20.220853808406723
2026-05-09T21:45:30.079511,47 Retour,MUNICIPALITÃ‰ AIN ZAGHOUA,DAR FADHAL,12.547435580147905,rain,54.4732540733913,none,32.09639027299117,2,12,17,70.19200429361099,4.387495586916138
2026-05-09T21:45:30.079511,60A Retour,IBN SINA,TRIBUNAL TAAKIB,14.137238135203225,cloudy,18.53558050455125,none,28.703526380097212,3,2,4,45.80643176209869,8.340909875248396
2026-05-09T21:45:30.080465,24A Retour,CITÃ‰ EL OUIFAK (GN,FERAILLE 2,11.00952795521405,clear,35.32523298726069,none,35.71582176095572,1,6,17,63.450632169557984,3.390735732378168
2026-05-09T21:45:30.080465,44D RETOUR,SANAD,PLACE SALA CENTRE,11.259565713595572,clear,63.134025811638125,festival,27.8609085198794,2,1,15,116.76628957048395,13.734657013681698
2026-05-09T21:45:30.080465,69,CIMETIERE JALLEZ,MARCHÃ‰ CITÃ‰ HELL,21.822071769462838,cloudy,53.91423144241626,match_sport,9.15371213159532,5,2,12,51.04023484301698,3.1844047738551264
2026-05-09T21:45:30.080465,4G,MUNICIPALITE BARDO,HOPITAL KASSAB ALLER,42.3835692216744,storm,66.02018136156471,congres,19.001854879123666,0,10,16,54.077113561973235,4.172801536616106
2026-05-09T21:45:30.080465,14A Retour,OMRANE SUPÃ‰RIEUR ALLE,FOYER BARDO 1 ALLER,55.17481045970799,rain,20.292627249255894,none,23.940206563818936,0,5,10,15.332439128249757,2.690403516629761
2026-05-09T21:45:30.080465,54,SILOS MÃ‰GRINE COTEAU,CITÃ‰ JAOUHAR,25.315153347696892,clear,71.51703754362981,none,16.18206220021111,1,12,22,17.855018249091675,1.0737098075152538
2026-05-09T21:45:30.080465,36 B,TOUTA BARDO,CAMPUS ALLER,42.01464237095538,clear,26.497509758699675,congres,34.9258748683207,2,6,0,23.390499042806503,2.5111110697929107
2026-05-09T21:45:30.080465,42,MOSQUÃ‰E OUED ELLI,PISCINE,57.81153283652628,clear,95.25096785265106,festival,21.238129435769896,1,5,14,70.94916768358647,20.16020658667187
2026-05-09T21:45:30.080465,33,CROISEMENT BIRINE-RETOUR,AVENUE MADRID,46.58596442803414,clear,63.96172687396834,none,34.07789067089324,2,10,9,47.955717878459815,12.147155723666629
2026-05-09T21:45:30.080465,4A,CHEBBI RETOUR,BAB SAADOUN RETOUR,28.160092514117792,fog,81.66958550426968,marathon,26.0015929101887,3,7,15,81.79618595992115,2.4854368065603865
2026-05-09T21:45:30.080465,77 Retour,RÃ‰SERVOIR D'EA,KIOSQUE AGILE,41.95710761862834,rain,41.57825531318748,none,37.20063907945486,6,11,21,51.1961695608968,18.518870668799945
2026-05-09T21:45:30.080465,26B Retour,AVENUE DE LA GARE,STATION BARCELONE,27.445196998923628,clear,66.0982210557749,none,25.224215077295625,1,1,5,20.371597364034105,0.7355903308379297
2026-05-09T21:45:30.080465,77 Retour,INEPS,NAHLI 3,35.914914184312195,rain,73.30242842684126,none,19.641964767648876,0,11,20,116.27897659064077,50.68112331013403
2026-05-09T21:45:30.081464,19C/ Retour,BAB ALIOUA GP1,STATION BARCELONE,18.739593808647793,clear,65.19952536032113,holiday,36.455020013693556,6,11,1,34.35567967509005,1.0436155553811082
2026-05-09T21:45:30.081464,24H,CITÃ‰ AYAR,TAIEB MHIRI 2,41.68975990148162,clear,78.65903900440347,none,15.29996880855477,0,1,10,30.55677342462895,1.3992156010935783
2026-05-09T21:45:30.081464,36 B,TERMINUS MINISTÃ‰RE DES AFFAIRES ETRANGERES ( L 36 B ,CLINIQUE TAOUFIK ALLER,13.13432537007986,clear,67.01503259245843,none,14.179849002373093,4,3,3,42.350678201617555,3.6840105817358793
2026-05-09T21:45:30.081464,247,LAHWECHE,SIDI ABD AZIZ,17.441595576571885,clear,29.50095219925966,none,17.202046799835912,1,9,20,5.742513346182783,0.6368999700485549
2026-05-09T21:45:30.081464,63,POSTE POLICE BORJE LOUZIR (SECTION),CAFÃ‰ HMIE,37.64998833283978,clear,27.365914058336955,none,36.02821566175161,4,7,17,32.23677071393187,0.1668141754035135
2026-05-09T21:45:30.081464,44D RETOUR,BEJAWA 2,CHARGUIA 2,23.942431216680212,clear,68.08265675804411,festival,18.457880377599942,2,6,23,108.27100296060698,28.629310110050174
2026-05-09T21:45:30.081464,44D,SABALET BEN AMAR,BEJAWA,34.679519273456386,cloudy,40.80888599332857,manifestation,35.07780962758342,0,5,4,79.78597710146659,17.25640977310319
2026-05-09T21:45:30.081464,21B,STATION DE BUS MORNAG,CROISEMENT AHMED ZAIED,53.84089701611462,cloudy,31.863120114416247,none,23.07302872529112,5,1,2,13.78157961044948,4.410589406498946
2026-05-09T21:45:30.081464,635A,CHARGUIA1,FOIRE LA CHARGUIA,25.20634674121808,fog,52.33792151097454,none,28.803462079135354,0,12,13,39.46114609382909,0.7571194830325623
2026-05-09T21:45:30.082463,18C,CLUB DE GARDE NATIONAL,MOSQUÃ‰E SIDI FRA,43.359584055998866,clear,95.91159869541774,festival,37.023328423817965,0,3,11,50.22984582520093,1.3502499935450807
2026-05-09T21:45:30.082463,14A Retour,BAB SADOUN,ALI BALAHOUAN,25.298133837092976,fog,63.236456260331366,none,24.91577759004633,4,1,10,39.763700793361735,1.9732988421079205
2026-05-09T21:45:30.082463,20A Retour,CITÃ‰ ESSALE,MOHAMED V,16.41855765485806,clear,98.6007345653519,match_sport,23.424214494983445,4,1,13,100.94351225797692,9.245073581415081
2026-05-09T21:45:30.082463,60G Retour,HAMMAM LACAGNA,SALLE DES FÃ‰TES KERMES,37.08615940734109,clear,28.03919305538581,none,23.66501244707298,0,1,3,16.739807244225354,2.3357100866725986
2026-05-09T21:45:30.082463,10B,MOSQUÃ‰E MEDINA JEDID,CNSS,38.84553998724398,clear,48.916019826072365,none,26.94848821876591,1,11,21,24.901525856733198,4.854253713199498
2026-05-09T21:45:30.082463,47,KHEREDINNE,GOULETTE VIEILLE,41.40292795143033,clear,79.73947175976316,none,17.349266263430685,3,2,1,29.431872623537608,3.251372698892265
2026-05-09T21:45:30.083464,76 Retour,Depart,Arrivee,52.12252855931234,rain,91.72344805032537,greve_transport,23.862294322554526,2,7,14,114.10836706606587,9.94913244213453
2026-05-09T21:45:30.083464,53 Retour,Depart,Arrivee,51.80533171277157,clear,14.257612626280636,none,23.171229730521986,2,8,15,18.862681335043337,13.141380846278844
2026-05-09T21:45:30.083464,24E,TERMINUS CITÃ‰ ENNASSI,CITÃ‰ ESSAADA (MHAMDIA,46.96372515775816,clear,66.65400543909112,none,39.53351971068624,4,5,7,41.0421721888143,1.30199889385222
2026-05-09T21:45:30.083464,24H Retour,MGHIRA,CROISEMENT MOUROUJ 2 L24,39.26856838848167,clear,80.23901108399605,none,18.835015967597815,6,3,2,21.283973665174184,3.383763951084661
2026-05-09T21:45:30.083464,27C Retour,SIDI AMOR,ENKHILETTE,53.7252701262049,rain,72.72703963718905,manifestation,29.892796697326567,5,1,17,61.77021357494954,6.740803567370666
2026-05-09T21:45:30.083464,19G Retour,13 AOUT,CHARLE NICOLE-ALLER,59.09473385476633,cloudy,13.460948483593931,none,37.3562163345525,6,12,19,28.624994826374472,3.9583494776486194
2026-05-09T21:45:30.083464,44B Retour,SABALET BEN AMAR,GEANT,28.609080060664795,clear,24.94004685851761,none,34.53030971483315,5,2,12,17.034135295801782,1.728451780979631
2026-05-09T21:45:30.083464,3AG,KASBAH,MEFTEH SAADALLAH ALLER,28.01246233547804,clear,46.976202021780495,match_sport,8.298475596955356,3,12,22,42.61489957147838,1.8512970656636405
2026-05-09T21:45:30.083464,63,CITÃ‰ EZHEN,EL MANSOURA,38.67293305610622,clear,22.65356581373805,match_sport,15.331143406215453,0,6,13,37.5540248677772,0.05606451261573575
2026-05-09T21:45:30.083464,50 Retour,Depart,Arrivee,30.243612597498135,clear,76.36432094983607,none,19.533319765679913,1,7,9,65.3865581932622,11.5330811159024
2026-05-09T21:45:30.083464,97,CROISEMENT SANHAJA,DOUAR EL BEY,15.214004142950941,clear,98.69461469399258,none,29.914907851889417,3,6,17,62.86064715365139,2.833509792799764
2026-05-09T21:45:30.083464,80,PATISSERIE BEN YEDER,USINE DE CARRELAGE,54.73435181180909,cloudy,44.94483817354742,none,31.087656705529117,3,9,8,34.01200902982013,7.048211654032972
2026-05-09T21:45:30.083464,37,OUED TRABELSIA,SOCIÃ‰TÃ‰ THAL,23.722255348218514,clear,89.6948396957303,marathon,9.163885368090966,1,11,9,93.47123781575479,3.9444611771730393
2026-05-09T21:45:30.083464,45B,GOMERYEN 2,FRIGO,33.12606285340728,clear,66.47253968529792,none,12.073538378198265,1,1,16,29.27381090620036,4.70867991447344
2026-05-09T21:45:30.084500,92,CHEMIN DE FER-RETOUR,CITE ORANGERS 2-RETOUR,46.49962658501736,clear,87.80204452035333,festival,31.568312490913616,3,2,14,52.384483932779084,0.27816437743370725
2026-05-09T21:45:30.084500,29 Retour,AVENUE DE LA GARE,STATION BARCELONE,28.159061297596402,clear,53.82922209610379,none,27.20899783463201,2,7,11,13.095486884055388,0.7355903308379332
2026-05-09T21:45:30.084500,4G,DENDEN,EL FARABI MANNOUBA - ALLER,33.17323193096401,storm,75.44123596761581,greve_transport,37.67570281846733,5,1,21,97.28003437459043,1.45226880003331
2026-05-09T21:45:30.084500,16,SAIDA,TERMINUS 16,39.004764785463514,clear,50.29273351606721,festival,22.66742488519857,6,11,19,41.552382408166565,5.759056665037477
2026-05-09T21:45:30.084500,46B Retour,CITÃ‰ AKACH,CITE ERRIMEL,20.67453733054912,cloudy,86.98900872400368,marathon,28.0976209477602,3,7,5,71.68469310828128,3.1378481893461103
2026-05-09T21:45:30.084500,24D,CHEBEDDA,DOUAR HOUCH L(24D),51.11704243016262,clear,62.044403041288135,greve_transport,13.581565925633093,5,6,13,73.10731511928469,1.696073849910297
2026-05-09T21:45:30.084500,10,MARCHÃ‰ DE GRO,CITÃ‰ EZITOUN,46.19069056440729,clear,39.70395480705184,none,15.52291180788685,4,12,14,37.10363021250251,10.613885301315616
2026-05-09T21:45:30.084500,23/,MENZEL HBIB 23D-23/,ENTREE FEJJA-ALLER,47.261177456325726,fog,44.73329196060183,none,23.632427606652715,6,7,4,31.507985357752602,5.437927711430342
2026-05-09T21:45:30.084500,635 Retour,CENTRE DE TRI POSTAL,DEPOT CHARGUIA,20.505994285222535,clear,68.75081280182636,match_sport,32.39693003287833,4,7,7,59.49296094635982,2.506326723430692
2026-05-09T21:45:30.084500,66B,SIDI ABD ELBASSETTE,LANSARINE,24.524198963832784,clear,97.43095856255303,congres,36.176517464026446,2,12,10,67.33826866373536,7.991311660381012
2026-05-09T21:45:30.084500,23/,STEG MENZEL HBIB 23D-23/,ECOLE FEJJA-ALLER,22.031131935071986,storm,54.34434924774522,none,27.154524548335772,3,7,23,48.31877127960759,3.6818559715169332
2026-05-09T21:45:30.084500,15 A,STADE MELLASSINE-RETOUR,CHARLE NICOLE-RETOUR,40.14085956715854,clear,68.2103346260737,none,30.903307831659507,0,9,10,20.65768072336646,1.0637939900713285
2026-05-09T21:45:30.084500,44 Retour,SANHEJI,LYCEE CITE ERRAFEHA,47.405097888678114,clear,30.16186008500819,festival,16.62882989111303,6,11,8,40.25974766771938,3.666682833961495
2026-05-09T21:45:30.084500,53 Retour,Depart,Arrivee,18.04476780270778,clear,48.558726315868995,none,19.561917626255557,1,7,0,59.6009769836015,12.05684147054646
2026-05-09T21:45:30.084500,635A,FOIRE LA CHARGUIA,DEPOT CHARGUIA,21.822656459258027,clear,53.580715245811696,none,22.59074403850421,2,3,13,27.55435689814961,0.4837242437348923
2026-05-09T21:45:30.085551,260 Retour,Depart,Arrivee,43.500501199993884,clear,31.685489787200734,festival,14.32569276358457,3,5,6,34.69925526646719,6.059063209294882
2026-05-09T21:45:30.085551,35,INSTITUT NATIONAL DES SCIENCES APPLIQUÃ‰ES ET DE TECHNOLOGIE (I.N.S.A.T,10 DECEMBRE,18.120282019663797,fog,82.06703005116147,none,18.64558168794662,4,4,0,47.44667200994327,1.592818751632028
2026-05-09T21:45:30.085551,259 Retour,Depart,Arrivee,57.83710190957206,rain,10.30513409179224,marathon,30.584955199849414,4,4,6,48.65838706841411,2.6452073726466634
2026-05-09T21:45:30.085551,69,RUE DES MARTYRS,PLANNING FAMILIAL CITÃ‰ HELLA,50.542297342934816,fog,78.9933144675215,none,19.920684765397144,3,5,8,56.016875096250885,1.69050853934327
2026-05-09T21:45:30.085551,89,BEN DAHA-ALLER,RABTA,11.50005525890684,cloudy,94.88464488176453,none,16.653981637767693,2,4,3,90.30863490624054,9.438265653195682
2026-05-09T21:45:30.085551,74B Retour,CITÃ‰ AF,LYCÃ‰E 2 MARS EL OUARDIA L(G,17.11646551223038,clear,10.814647758027673,none,19.810753577898236,6,6,20,42.76581325575198,11.191305740728545
2026-05-09T21:45:30.085551,57 Retour,Depart,Arrivee,20.060619615407706,rain,52.65037355102447,none,28.646218755380055,4,2,16,37.69784409590104,5.575808856815197
2026-05-09T21:45:30.085551,62 Retour,NAHLI 2,CITÃ‰ ELLI,22.43158381526184,fog,10.494226078259702,holiday,9.150634740067307,0,12,2,42.30932055980986,5.544018037464959
2026-05-09T21:45:30.085551,95 Retour,GOUVERNORAT MANOUBA-ALLER,RABATTEMENT SLIMEN KAHIA,23.994584632543432,clear,53.43863333096774,festival,39.77719793077529,0,2,1,46.207065191907176,1.2282096672135783
2026-05-09T21:45:30.085551,38B,PASSAGE JEANS JAURES ALLER,MUNICIPALITÃ‰ MUTUELLE VILL,37.31023017675504,clear,19.856057071353476,festival,16.973978147778727,2,7,2,23.865057834811587,3.3518037532046634
2026-05-09T21:45:30.085551,56 Retour,IMMEUBLE CHEFIA,BAB LAASSAL,35.15293951912908,clear,64.70485689912,none,32.1690343177665,5,2,18,25.311183766124138,1.5634694434012317
2026-05-09T21:45:30.085551,11,CHARLE NICOLE-ALLER,MOSQUÃ‰E SIDI BECHI,33.96731756337349,rain,51.856288634142274,none,19.62449618502388,4,7,0,27.182417878070595,1.801098587542013
2026-05-09T21:45:30.085551,31C,BOUCHOUCHA-ALLER,CASERNE OUED ELIL 2,24.683565262108374,clear,83.0344543730746,match_sport,30.124875824811408,0,2,17,75.79489353146244,7.674332052363585
2026-05-09T21:45:30.086551,5 Retour,STATION LAVAGE CITE EL KHADHRA,SCHILING,44.850458855966835,clear,35.73299393654333,none,14.18748336205703,4,4,16,11.47238112674852,2.8812618578311895
2026-05-09T21:45:30.086551,98,COOPÃ‰RATIVE CENTRA,LYCÃ‰E CHAOUA,22.656701800758974,cloudy,30.46472234158361,none,38.560656813483526,2,9,23,49.27322804838278,11.425507946435921
2026-05-09T21:45:30.086551,6 Retour,TERMINUS SIDI SOUFIENE,PLACE SALA CENTRE,56.03338458538499,clear,70.16785574447826,festival,9.802946514323896,2,9,19,58.77293124161681,3.1408842772753047
2026-05-09T21:45:30.086551,58,CITÃ‰ ENNEJET ,CITÃ‰ ELWARD ,16.600613836270504,cloudy,65.07763754583627,none,21.730056591718316,3,10,21,28.71576827614748,1.2462387121311176
2026-05-09T21:45:30.086551,256 Retour,Depart,Arrivee,31.000065600467536,fog,89.69701752002233,festival,35.321062016165314,6,3,17,73.74835085863552,4.937763479401833
2026-05-09T21:45:30.086551,62A,CITÃ‰ POPULAIRE ENNAHL,MOSQUÃ‰E BORJE TOUIL,39.134576589895424,clear,99.31558319607392,festival,16.772864314240923,3,7,22,54.02215381235189,8.36177412310579
2026-05-09T21:45:30.086551,33A,25 JUILLET-RETOUR,MIZANETTA-RETOUR,12.306812939251845,storm,42.32995062524198,none,23.736591149679793,1,11,14,86.1614577857027,6.504362903489465
2026-05-09T21:45:30.086551,60G Retour,MOSQUÃ‰E AL HAWA RETOU,TELECOM,23.38894679674182,clear,61.420839792785465,none,15.59666611714805,6,9,1,16.735251023616797,1.1992129920876318
2026-05-09T21:45:30.086551,59A,CROISEMENT MOUROUJ 2,BATAM,11.316745440944178,cloudy,31.16526183743837,none,33.8632063785828,3,7,11,20.520903084476465,0.4412759924686913
2026-05-09T21:45:30.086551,514A,HOPITAL MAHMOUD MATRI,CENTRE IKRAM,21.686318894073487,clear,38.49416438582445,festival,9.354999839336365,2,1,11,43.515426582404174,2.427565326423137
2026-05-09T21:45:30.086551,44B,SIDI THABET CENTRE,MBARKA 1,25.64054170883191,cloudy,78.64637209273428,none,24.587636439599493,0,9,6,21.62225993800993,1.5319925230426925
2026-05-09T21:45:30.086551,24F,GARDE NATIONAL Z.I MGHIRA,CITÃ‰ EL OUIFA,27.7081375876402,cloudy,58.24957745015024,none,18.75973756453437,1,5,3,23.366757524042754,1.290041429920536
2026-05-09T21:45:30.086551,57A Retour,LYCEE CITE ERRAFEHA,INTILAKA,45.039811131680594,cloudy,98.27991359733674,none,26.735821673543022,5,3,14,33.19939099396965,0.635380056766885
2026-05-09T21:45:30.086551,45,ROUTE CHOUIGUI,ENTREE CHOUIGUI,15.162669033420281,clear,47.97101834613217,none,18.921209206156128,3,6,17,40.473045415744124,1.4900534720289755
2026-05-09T21:45:30.087551,5C,PLACE JEANS DARK ALLER,PLACE PASTEUR,57.03865583068787,clear,33.42045326396567,none,25.321301510464092,0,10,0,5.0,0.5507066989252554
2026-05-09T21:45:30.087551,44D,BEJAWA,CHOCO TOM,55.33815538220804,cloudy,27.655358221430003,festival,10.90795762822119,2,6,8,39.59366536704585,2.243680066728981
2026-05-09T21:45:30.087551,6P,TOUTA 10 DECEMBRE,CITÃ‰ ELLI,56.52024441667307,rain,79.68404500319288,festival,30.954547709384727,4,8,0,49.67570825864787,2.5277662247833703
2026-05-09T21:45:30.087551,261 Retour,Depart,Arrivee,12.1482942934772,clear,59.35120615567002,none,24.656735131611843,1,9,6,51.4213912492534,4.733093234287287
2026-05-09T21:45:30.087551,47 Retour,KHEREDINNE,MUNICIPALITÃ‰ AIN ZAGHOUA,24.13234033476173,rain,14.469533400121213,none,10.23312841544547,5,12,12,34.157719727144475,5.216010688275361
2026-05-09T21:45:30.087551,44D/,MAGRO,LYCÃ‰E SIDI THABE,47.779975959182806,clear,62.08173136292352,none,31.49376494648783,6,6,13,40.28070679574859,16.419474914968198
2026-05-09T21:45:30.087551,255 Retour,Depart,Arrivee,25.757593959434274,clear,30.131415206269104,manifestation,37.13758648403147,4,11,3,54.276520723041564,4.915716739484323
2026-05-09T21:45:30.087551,80,CITÃ‰ POPULAIRE ENNAHL,GUICHET GÃ‰AN,55.24594632903344,cloudy,64.9112430698296,marathon,37.145177403411154,3,8,5,66.45785507366158,4.537910023993009
2026-05-09T21:45:30.088145,45 Retour,CITÃ‰ ERRAJE,TERMINUS TEBOURBA,45.45661065801946,clear,49.7844565547958,festival,19.555165108309733,6,12,21,28.27526226437866,1.2313011556589757
2026-05-09T21:45:30.088145,29 Retour,DUBOSVILLE,BAB ALIOUA GP1,52.901214072301165,clear,85.90561642446411,none,37.883657204933016,2,1,7,48.80379228835423,0.9457352507974743
2026-05-09T21:45:30.088145,42,INOPLAST,ZEHRA 1,51.19886750591682,clear,50.0621679048642,none,18.553170067577962,5,12,19,42.543341012439726,17.644718111714333
2026-05-09T21:45:30.088145,42B,MOSQUÃ‰E BEN SASS,ZEHRA 2,21.43503313107452,cloudy,88.89466908147838,festival,12.352404213824201,0,12,7,68.34937977614547,1.6249297906038098
2026-05-09T21:45:30.088145,44C,CITÃ‰ ERRAFEH,SANHEJI,21.900793113844237,storm,22.531941314756793,none,23.689895465579884,4,12,17,52.41916318132648,3.0068653214161385
2026-05-09T21:45:30.088145,55,DÃ‰LÃ‰GATION DAOUAR HICH,USINE,33.82476446359206,clear,11.87995544518365,none,31.71906626573049,3,12,16,5.0,0.45641453268286014
2026-05-09T21:45:30.088145,23B,CITE ELWAHA-ALLER,LYCEE 20 MARS-RETOUR,16.365352096134398,cloudy,51.96787636435046,none,8.632084000392325,1,12,2,53.76237395099369,7.609742612300162
2026-05-09T21:45:30.088145,26 Retour,DZIRI,BAB ALIOUA GP1,52.10164522278868,clear,77.40397731864938,manifestation,38.86774319613842,1,4,22,73.53263401164347,12.05274215529948
2026-05-09T21:45:30.088145,247 Retour,Depart,Arrivee,20.175415615104903,cloudy,74.4976774937494,none,34.968634785885385,2,7,18,52.15385731937265,1.0532047330208072
2026-05-09T21:45:30.088145,251 Retour,Depart,Arrivee,17.40739894433319,clear,22.916452012486474,none,39.50447287531151,2,10,8,59.8380354907698,8.19212667254262
2026-05-09T21:45:30.088145,58 Retour,P.T.T OUED ELLIL,CROISEMENT SANHAJA,51.299472698432574,storm,62.03240961394544,congres,17.757893286894465,4,6,19,71.05321156547777,1.246843167755077
2026-05-09T21:45:30.088145,3AG Retour,ARRÃ‰T ETTADHAME,TELECOM,12.657181033759631,clear,22.76090403374903,none,16.225018331991887,3,1,20,56.4255115218524,8.585663921844914
2026-05-09T21:45:30.088145,42,CHAMP DE COURSE KSAR SAID ALLER,ZEHRA 1,11.7882176800184,rain,24.649903197437304,none,30.380529224202196,6,7,14,138.4373859340107,20.988164799795886
2026-05-09T21:45:30.088145,44A,EJJBAL,BEN NICHA,12.819485350343616,clear,15.624231738972973,none,34.803161229478825,5,10,17,30.981394288094382,1.7907950726726014
2026-05-09T21:45:30.089172,70 Retour,Depart,Arrivee,52.07028273416321,fog,52.59514490990018,marathon,22.414772439392316,6,7,15,48.96862370054025,1.7361558655062568
2026-05-09T21:45:30.089172,59A,LES ROSES MOUROUJ 1,IMMEUBLE OASIS,47.54909465201727,clear,21.758922598242883,foire,30.041677515006143,1,8,17,36.65848332605639,0.6016549081119766
2026-05-09T21:45:30.089172,19G Retour,AV FAYCEL IBN ABDELAZIZ,CENTRE DE COORDINATION OUARDIA,12.53503058545097,rain,59.84149584323798,none,39.57841799943521,6,11,9,80.8102183924773,6.580075438694171
2026-05-09T21:45:30.089172,97 Retour,SAIDA,DOUAR EL BEY,32.49912059609222,cloudy,54.19175937219551,congres,17.017230489607613,3,2,5,37.472566374648956,3.4229508064884766
2026-05-09T21:45:30.089172,94 Retour,CITÃ‰ AKACH,BORJ KHALSI-ALLER,32.35834570046263,clear,66.98549640425773,foire,23.885143964975466,3,1,4,58.71960581115338,12.40483975384709
2026-05-09T21:45:30.089172,255 Retour,Depart,Arrivee,49.31698763160919,storm,81.19191116893852,none,36.818160873578165,4,4,6,67.14745792412498,8.979380660666811
2026-05-09T21:45:30.089172,20A,BHAR LAZREG1,TERMINUS 20A,31.775035104937118,clear,50.911065740186906,holiday,36.14524233983772,3,8,21,39.69322283058775,1.1948455497030057
2026-05-09T21:45:30.089172,18 Retour,LA POSTE,TOUTA 10 DECEMBRE,38.6559443882877,cloudy,57.04120766750956,none,19.287577197919973,1,8,8,33.37010882781304,1.2727057742582382
2026-05-09T21:45:30.089172,89,BAB ABDESLEM-ALLER,JARDIN THAMEUR,28.98080181249811,clear,29.286167571572026,none,39.30644193060847,6,8,22,51.670734516450764,19.16222773830892
2026-05-09T21:45:30.089172,87,IMMEUBLE CHEFIA,LYCEE SAOUEB-RETOUR,48.196455174917574,clear,15.071415094423982,manifestation,26.05557124989822,5,12,7,69.64978601683964,22.468094098440133
2026-05-09T21:45:30.089172,17,SOFOMECA,SOUK RADES,40.03213154394932,clear,28.212744171015405,marathon,21.936881896555196,5,11,9,60.61647696844803,8.278649396116057
2026-05-09T21:45:30.089172,23E,ENTREE BORJ ENNOUR-ALLER,MOSQUÃ‰E BORJ EL AMRI-RETOU,36.902256656216,cloudy,59.316185067208785,none,17.11234884151249,3,9,2,50.98858287347819,16.108125037647103
2026-05-09T21:45:30.089172,45B Retour,MAAFRINE,SIDI SALEM,23.944105264862966,clear,78.50482561725538,foire,27.362880296614644,5,2,15,53.939580374017176,8.565379977992116
2026-05-09T21:45:30.089172,57 Retour,Depart,Arrivee,45.15092405581095,clear,14.190741811655593,congres,30.235300315850097,4,5,2,29.611736871433664,9.439092709434707
2026-05-09T21:45:30.090221,16,SECTION MANOUBA,SAIDA,52.66013575299663,cloudy,53.19134591950201,none,15.667642869404773,2,8,21,27.50058932391511,9.678392809075243
2026-05-09T21:45:30.090221,75,KIOSQUE MOBIL BEN AROUS,BOUJERDGA 75 26A 37,49.28135114152395,rain,62.11138162299466,none,19.136120600315184,3,6,2,34.88864081881316,6.2251142615690185
2026-05-09T21:45:30.090221,32C,MOSQUÃ‰E ZAHROUNI-ALLE,L'ARTISANAT-RETOUR,59.289016583597636,rain,77.55558445352477,none,28.535366899547466,1,12,17,59.120812945613956,8.687798806799378
2026-05-09T21:45:30.090221,3D,INTILAKA,MOSQUÃ‰E AVENUE CHEBB,59.41981245088407,clear,29.48074961358967,none,24.778256339489694,5,3,13,13.807058846398514,3.5544293721496913
2026-05-09T21:45:30.090221,74B,LA CAGNA (SECTION),CENTRE CHALLAKH EL MOUROUJ 4,57.66643016543973,cloudy,75.75635504084195,none,26.753233801959333,0,1,18,44.35604477236713,6.837211280549084
2026-05-09T21:45:30.090221,23,CITE EL INTILAKA ,CROISEMENT BEN YEDDER-RETOUR,46.54224178242226,cloudy,33.15850031701538,none,29.22709860615372,3,10,3,33.452854852813395,17.726889066521846
2026-05-09T21:45:30.090221,51A Retour,PLACE JEANS DARK ALLER,STEG JEANS JAURES ALLER,58.4849050056726,fog,61.011199232095166,match_sport,19.636514612703742,5,1,16,42.01392543024418,1.4472973849267499
2026-05-09T21:45:30.090221,74B,FACULTE 9 AVRIL ALLER,HAMMAM LACAGNA,24.833527214337295,clear,43.04544139727015,marathon,13.452943038432036,0,2,17,71.87161634422353,3.934511797520778
2026-05-09T21:45:30.090221,21A Retour,ANCIENNE GARE AHMED ZAIED,EL HOUEMED 1,52.682050676520575,clear,33.15444900453667,marathon,16.192934778797962,5,9,20,37.761470401908575,1.3546351512466055
2026-05-09T21:45:30.090221,80,PATISSERIE BEN YEDER,CROISEMENT RIADH ANDALOUS,21.61761225195938,clear,38.6345204732413,none,18.061755703669633,0,8,15,33.428820528425994,6.066465798585629
2026-05-09T21:45:30.090221,6,PLACE SALA CENTRE,BORJE LOUZIR,59.806548803670935,cloudy,73.31379773174092,none,23.089206718971823,6,9,8,31.57030683892504,1.288819921333094
2026-05-09T21:45:30.090221,34A,JARDIN THAMEUR,CROISEMENT SIDI ALI HATTAB-RETOUR,47.41441828809343,clear,46.31527253813536,none,13.32881132064643,3,12,12,47.902105842807984,14.387878445003107
2026-05-09T21:45:30.090221,59 Retour,Depart,Arrivee,35.01388065525227,cloudy,56.07197389437192,none,20.960033046868073,4,4,10,27.889663673883078,4.247232259160341
2026-05-09T21:45:30.090221,24 Retour,AMEN BANQUE,CROISEMENT MOUROUJ 2 L24,18.062741174175635,clear,33.870120934825664,foire,10.80398315531217,3,7,7,56.494397845758236,2.205489368420837
2026-05-09T21:45:30.091225,16,CHAMP DE COURSE KSAR SAID ALLER,SAIDA,21.940940494849272,clear,44.77759407324591,none,24.681902460196664,3,10,6,54.918514510903066,13.369537353207186
2026-05-09T21:45:30.091225,33B,JARDIN THAMEUR,CROISEMENT 20 MARS,27.024649253451063,fog,12.361840178295385,none,18.71678169662512,0,5,9,45.61752924615738,5.121628044752307
2026-05-09T21:45:30.091225,23T,AVENION-ALLER,JNAIEH-RETOUR,10.741870675238854,cloudy,75.14482503101665,none,20.408163477885683,0,1,18,125.66588050798828,12.503664399663045
2026-05-09T21:45:30.091225,5C,LA FAYETTE ALLER,CITÃ‰ SPORTIV,43.562986878279176,clear,78.96314673639814,marathon,9.651756008424574,1,10,21,67.28984464074644,3.1673634146884293
2026-05-09T21:45:30.091225,54C  Retour,SILOS MÃ‰GRINE COTEAU,JARDIN D'ENFANTS BEN AROUS,11.321928455333438,clear,23.42488471562673,none,24.478104672427424,5,12,20,35.25410214756474,4.403974378555409
2026-05-09T21:45:30.091225,75,SONED,TERMINUS 75 85,21.712347616436308,cloudy,33.51419838973063,none,17.222616140385057,6,6,14,52.83276993090288,11.54880474805719
2026-05-09T21:45:30.091225,38B Retour,MUNICIPALITÃ‰ MUTUELLE VILL,PLACE PASTEUR ALLER,49.14306061782516,cloudy,70.0761755246194,match_sport,25.93976965985301,0,12,22,47.46167127846993,1.513450863683298
2026-05-09T21:45:30.091225,18B Retour,PLACE SALA CENTRE,LA POSTE,41.92486148780147,rain,53.22445766722407,none,13.764788609047407,4,3,18,38.258632251687615,0.41379882643305965
2026-05-09T21:45:30.091225,22,DJEBEL JELLOUD,BNA BEN AROUS,24.3367723639956,rain,43.8637355599135,foire,23.132404419150827,2,11,2,53.29431007165234,7.322429653040658
2026-05-09T21:45:30.091225,98 Retour,KIOSQUE AGIL JALLOU,BRIMO,50.15917541732204,cloudy,25.887228575247082,none,32.52558376268919,2,4,4,15.000236431354281,4.636036414155962
2026-05-09T21:45:30.091225,20,MONTPLAISIR,CHARGUIA,26.192727672878988,clear,37.80418595954697,manifestation,26.454825760347802,4,11,16,47.39275795591172,1.2331676400011689
2026-05-09T21:45:30.091225,82,LUSTRERIES,COMPTOIR SFAXIEN,36.2951153738966,clear,32.44961997868737,none,20.435907877474303,2,11,13,27.274786027625005,5.200596603407506
2026-05-09T21:45:30.091225,6P,LA POSTE,MAGRO,29.59255162199844,clear,67.57916068620777,manifestation,39.24032577795344,0,10,15,60.57100640969989,0.7137395923298335
2026-05-09T21:45:30.091225,46B,CITÃ‰ ENNOU,EL MEHRINE,41.57492776278327,clear,50.196773633832436,marathon,33.26294758903928,3,4,15,50.439618047646185,1.0334644243878284
2026-05-09T21:45:30.092221,27C,LYCÃ‰E KHEREDINN,EL GHAZELA,54.54827522698808,cloudy,96.21744622621078,festival,26.037882682887325,6,8,17,50.49145991403439,4.239699293757896
2026-05-09T21:45:30.092221,72 Retour,TOUTA BARDO,CASERNE OUED ELIL 1,45.00441681399042,clear,19.79559654038659,match_sport,35.89156998320765,4,5,18,64.13129266693119,15.916759590890031
2026-05-09T21:45:30.092221,77 Retour,BEN NICHA,ARRÃ‰T BAB HADI,42.750310650820026,storm,31.8923103153382,foire,17.74635004832061,2,4,16,100.68689920319034,29.93707306521652
2026-05-09T21:45:30.092221,56 Retour,CHEBBI RETOUR,BAB ABDESLEM-RETOUR,10.84374522698798,clear,56.88627905439007,none,10.762664449675448,0,6,8,64.31292181462604,2.9119077145580334
2026-05-09T21:45:30.092221,29,DÃ‰LÃ‰GATION ELOUARD,HAMMAM BELLEVUE,51.11228303077061,cloudy,37.598805278369866,congres,36.35533439663557,4,7,9,44.40146529328503,0.08378591557556181
2026-05-09T21:45:30.092221,24E,USINE FRIPE,TERMINUS SIDI FREDJ,33.34384088183317,clear,81.7177133268945,none,9.8773725384479,5,9,16,21.86918668947265,0.7590488881288309
2026-05-09T21:45:30.092221,71,KHAZNADAR-RETOUR,MOSQUÃ‰E SIDI BECHI,57.96091644274455,cloudy,16.83235313420832,marathon,14.365427101909532,2,1,17,59.214057970934356,5.826650018617986
2026-05-09T21:45:30.092221,44A,ARRÃ‰T SIDI AMO,EJJBAL 3,51.66562438286722,clear,74.90811308747956,none,10.732264489367306,4,1,17,63.78313014567564,24.6049073646805
2026-05-09T21:45:30.092221,19D,CENTRE DE COORDINATION OUARDIA,AVENUE DE LA GARE,38.29638298696322,clear,37.55522641298744,festival,28.698392093108655,2,8,8,49.59157376986129,1.764236343133371
2026-05-09T21:45:30.092221,18B Retour,PLACE SALA CENTRE,TOUTA 10 DECEMBRE,36.70020177755365,clear,76.0152248639705,manifestation,37.031170964972674,4,4,13,73.1196010224747,1.6865046006912987
2026-05-09T21:45:30.092221,18C,CLUB DE GARDE NATIONAL,RUE IRAQ,45.51498870675016,cloudy,20.254399338070613,holiday,9.098044097163115,5,5,23,25.869555571109018,3.4652974750325587
2026-05-09T21:45:30.092221,60G,PONT MÃ‰TRO KABARI,MOSQUÃ‰E IBN SIN,37.851007931832754,clear,61.532988425672976,none,9.092515736974654,4,2,14,36.962185605512396,0.8114668052042795
2026-05-09T21:45:30.092221,65,SIDI BECHIR-RETOUR,GARE ROUTIÃ‰RE SU,53.27856657327896,clear,44.833265916548115,none,11.991569006174672,2,8,14,23.800677251112592,0.3870135921181834
2026-05-09T21:45:30.093220,57A,GEANT,ARRÃ‰T BRICORAM,58.14296290636814,rain,66.07825350892921,none,35.99671205124467,3,5,19,50.341597105733946,0.8594766610444751
2026-05-09T21:45:30.093220,5 Retour,MARCHE CITE EL KHADHRA-RETOUR,ALAIN SAVARY,56.936214258814005,rain,21.6011126047103,none,20.301165076764203,1,10,12,22.973946189595175,1.576019931243919
2026-05-09T21:45:30.093220,116 Retour,DEPOT TEBOURBA,CASERNE OUED ELIL 1,47.30388802145334,clear,31.518193508504943,none,25.55090603226274,6,2,6,31.62417101738179,21.434560806192753
2026-05-09T21:45:30.093220,32C,STEG ZAHROUNI,CITE EL ANTIT-RETOUR,40.346185884041034,clear,84.74110058219296,none,16.20918916579335,6,9,8,35.95501476374318,1.4800890401156401
2026-05-09T21:45:30.093220,20,LAC PALACE,LAHWECHE,37.90003084701259,clear,36.494150198895554,none,17.31847221480753,6,9,18,35.420811347720964,9.653598655567237
2026-05-09T21:45:30.093220,29 Retour,CAFÃ‰ EL QUOD,HAMMAM BELLEVUE,57.36990181647904,clear,74.0918899160467,none,29.27502547514817,5,11,0,14.154391578263287,0.11266375049174271
2026-05-09T21:45:30.093220,259 Retour,Depart,Arrivee,31.678198428981553,rain,79.03763495214244,none,19.28317680361693,3,7,5,34.18777517632608,1.0161653914385913
2026-05-09T21:45:30.093220,31C Retour,MBARKA 1,BAB LAASSAL,35.10541025543965,cloudy,16.853223452227702,marathon,15.648879735260202,4,4,11,82.42835220759667,22.349301533885498
2026-05-09T21:45:30.093220,31B,OUED MAJERDA,ERRMILA,23.006720242152433,clear,47.637363519474654,foire,8.331595059228864,1,7,20,56.300092619379356,6.198163045657111
2026-05-09T21:45:30.093220,460 Retour,HOPITAL KASSAB ALLER,MECHTEL,33.06347340498027,cloudy,23.86347128535013,match_sport,24.405517678610927,0,6,10,45.96725519652876,8.963022309887528
2026-05-09T21:45:30.093220,23F,CITE JABRI-ALLER,MOSQUÃ‰E BORJ EL AMRI-ALLE,19.06113928704216,cloudy,89.8564921454986,none,23.552950350681687,2,2,14,87.27492417030264,16.796084432787357
2026-05-09T21:45:30.093220,80 Retour,CARRIÃ‰RE NAHL,LA POSTE,46.141312961231186,fog,73.8180980393713,none,27.20223877305452,0,6,13,50.61412548328632,4.914037327991447
2026-05-09T21:45:30.093220,5 Retour,DEPOT CHARGUIA,INSTITUT NATIONAL DE LA MÃ‰TÃ‰OROLOG,32.77926076011844,cloudy,59.97360117102561,manifestation,24.579484875034815,2,12,0,48.37773369086407,0.5541200306620411
2026-05-09T21:45:30.093220,4A,BOUCHOUCHA-ALLER,BOUCHOUCHA-RETOUR,57.59591362170272,clear,37.16336853639993,congres,24.183120015338574,1,2,1,35.94837480155528,13.665568291359412
2026-05-09T21:45:30.094220,55,BORTAL ALLER,DÃ‰LÃ‰GATION DAOUAR HICH,22.38745524610036,clear,45.529158352861195,none,24.489109388813407,1,10,9,31.91996720680833,2.0770966808359503
2026-05-09T21:45:30.094220,82,DJEBEL JELLOUD GP1,JARDIN DÃ‰ENFANTS ELAMEL BOUMHA,54.76321754483739,clear,96.73696747979736,none,37.59143561777144,1,1,17,59.66024724926841,10.497269163588472
2026-05-09T21:45:30.094220,97,CITÃ‰ TORJME,CANAL MAJERDA,20.98629318689504,cloudy,65.26636862556404,none,12.63837874600054,4,5,14,44.213498724580724,5.572328205440174
2026-05-09T21:45:30.094220,25,MONCEF BEY RETOUR,AVENUE CARTHAGE,16.0177865041893,clear,20.976024408609007,none,19.190069136414856,1,4,7,27.19748528254602,0.35044165952744777
2026-05-09T21:45:30.094220,85,FOUCHANA CENTRE,BOUJERDGA 75 26A 37,59.114321521555496,clear,85.06138931743845,none,10.34621159459271,0,12,2,29.96865564166585,9.413023885035368
2026-05-09T21:45:30.094220,18,MONOPRIX,GOLFE DE CARTHAGE,37.90135195510156,fog,53.72205313986748,none,26.5893755609422,1,11,10,42.230298597906916,3.3549873550182117
2026-05-09T21:45:30.094220,16/ Retour,BAB LAASSAL,ALI BALAHOUAN,40.27334166369242,clear,23.89143230471506,none,25.103254592374054,6,12,2,5.692698009455106,0.8804664393358337
2026-05-09T21:45:30.094220,32 B,UNIVERSITÃ‰ IBN CHARAF ALLE,ECOLE ZOUHOUR4-RETOUR,37.19823830425089,clear,58.88986666736705,none,13.92956926051135,5,11,22,37.81489146284893,14.434451919676883
2026-05-09T21:45:30.094220,16C Retour,CITÃ‰ ENNAJE,CHEBBI RETOUR,55.39564110629325,clear,81.43527213134561,none,38.64190079392591,6,11,15,29.052087892987068,9.167415301722544
2026-05-09T21:45:30.094220,50 Retour,Depart,Arrivee,45.36859203456616,clear,30.86221548689547,none,18.03188384351297,5,6,17,43.20066109745234,14.135895482247621
2026-05-09T21:45:30.094220,79 Retour,Depart,Arrivee,13.188010645854916,clear,46.44989518511287,congres,22.89733355052887,2,3,5,50.28224257272454,3.250499369607421
2026-05-09T21:45:30.094220,44 Retour,ERRMILA,SABALET BEN AMAR,19.946403803407748,clear,13.007246497949279,marathon,21.608226339188285,5,1,4,97.24298533772927,20.201371119651796
2026-05-09T21:45:30.094220,47,HAMADI ABID,GOULETTE NEUVE,28.78733503091877,cloudy,42.42979430702058,none,21.829290358907436,0,1,22,55.972068708521945,15.530761354983294
2026-05-09T21:45:30.094220,55,USINE,MOSQUÃ‰E DAOUAR HICHE,49.27966687716761,cloudy,38.42008275178567,match_sport,31.894898374535863,5,5,6,27.631950792591613,0.27738077959832275
2026-05-09T21:45:30.094220,56 Retour,BOUCHOUCHA-RETOUR,IMMEUBLE CHEFIA,22.55368653658865,clear,37.96053790369995,foire,34.67750854744479,5,4,23,24.684475488619974,0.2571963142899669
2026-05-09T21:45:30.095219,26A Retour,SIEFCOL,BAB ALIOUA GP1,12.274915292999241,cloudy,60.778055311008664,none,28.685854366869727,0,8,18,68.99073988861711,5.102495901471766
2026-05-09T21:45:30.095219,11,TERMINUS JBEL LAHMER L 11,CIMETIERE SIDI YAHIA RETOUR,11.739720236321673,rain,16.787541131254784,none,19.011291544653737,2,3,1,40.92099456593674,2.8813601054219093
2026-05-09T21:45:30.095219,62 Retour,NAHLI 2,HOPITAL MAHMOUD MATRI,59.70665373529476,clear,33.60205960102363,none,21.95303256655111,2,11,17,27.09762925331762,5.392243759842412
2026-05-09T21:45:30.095219,253 Retour,Depart,Arrivee,47.1712014326127,clear,85.77870564733445,none,18.55729372519821,4,1,4,32.0379474102896,4.726540596856316
2026-05-09T21:45:30.095219,635,CHARGUIA1,LES ABATTOIRS,22.638488298778867,clear,11.830267626265167,holiday,27.204830491998262,3,11,17,45.846494434278256,6.286629050769539
2026-05-09T21:45:30.095219,254 Retour,Depart,Arrivee,20.453402755347224,clear,85.0411429714257,none,14.882081607666748,1,12,4,54.727088374649796,10.87726355603994
2026-05-09T21:45:30.095219,98,COOPÃ‰RATIVE CENTRA,CITÃ‰ ESSALE,44.9376781460954,cloudy,22.087569493324175,none,38.86588706127003,5,5,17,36.28325113594533,10.144931362588222
2026-05-09T21:45:30.095219,66 Retour,CHOCO TOM,CITÃ‰ ERRAJE,37.91901281641689,cloudy,42.978638547671615,none,39.60334224844679,2,5,15,100.48010860634422,44.913860698415746
2026-05-09T21:45:30.095219,255 Retour,Depart,Arrivee,26.24204965782392,clear,60.84212724356573,none,20.384579878075403,1,9,0,39.49081869017029,9.788687357782885
2026-05-09T21:45:30.096135,23D,HUILERIE LOUKIL-ALLER,MORNAGIAA-ALLER,17.48332985071857,fog,23.961181217143483,match_sport,17.257725690046453,4,10,4,54.112457008072816,2.581819369277669
2026-05-09T21:45:30.096135,261 Retour,Depart,Arrivee,15.375389121859575,clear,31.552123466445682,none,30.835112301599406,0,6,11,39.97844552030594,4.81378041168448
2026-05-09T21:45:30.096135,116,MOEZEYA,GARDE NATIONALE TEBOURBA,35.50672828861103,clear,62.6419333708198,none,24.681534359858908,2,8,9,70.22003402050333,20.963110749473852
2026-05-09T21:45:30.096135,24F Retour,CITÃ‰ EL OUIFAK ,CITROEN,56.85476120604512,rain,11.203377583638442,none,32.8607975974801,2,6,6,14.08360364600023,1.8209018241508943
2026-05-09T21:45:30.096135,46B,SICLOU,TERMINUS LAAJEMA,29.680384236394875,clear,27.988483785639637,none,8.70964021005311,2,6,5,24.139606343822166,3.7987475006626923
2026-05-09T21:45:30.096135,20C Retour,CITÃ‰ EL KHADHR,MONTPLAISIR,18.586181680624772,rain,51.63315197877779,none,34.740435433504274,6,12,14,23.331929877074487,0.11324847758234391
2026-05-09T21:45:30.096135,26B Retour,ESPACE CHRIF,AV DE L'ENVIRONNEMENT,26.225398931786543,clear,52.15504236423976,none,8.559733056620573,1,8,8,40.12940334760607,3.006414280308046
2026-05-09T21:45:30.096135,74G,MOSQUÃ‰E AL HAWA ALLE,PONT MOUROUJ 2,15.287292896849511,fog,90.17807734029476,none,24.951616028485805,2,6,9,93.8248884649126,7.1562327841099975
2026-05-09T21:45:30.096135,34A,LYCEE MORNAGIAA-ALLER,PRISON CIVILE MORNAGIAA,44.43219272712772,clear,36.101677622653895,none,27.999760561390794,1,6,15,19.857179129633302,5.384927572525388
2026-05-09T21:45:30.096135,54A/,MGHIRA,DÃ‰LÃ‰GATION MOUROUJ,30.350806039399473,cloudy,75.18829147453218,none,11.37777750221936,0,1,20,29.30096945977116,5.545610437214542
2026-05-09T21:45:30.096135,27,LYCÃ‰E EL WAF,JAAFER ESSEBELLE,43.26765771226882,cloudy,12.345840331548821,festival,38.04571421011432,6,10,0,22.397193689294813,1.2356287330049511
2026-05-09T21:45:30.096135,14A Retour,ETTAHRIR SUPÃ‰RIEU,ALI BALAHOUAN,46.45558387583157,clear,30.94638662322967,none,12.730773274055341,4,7,8,32.69213840266866,4.77205779990506
2026-05-09T21:45:30.096135,21B Retour,ALLALGA 2,ALLALGA 1,30.89582536742588,cloudy,23.97631927992729,none,33.37382971323501,0,5,15,15.22411930882379,0.8698595329490537
2026-05-09T21:45:30.096135,24,MHAMDIA CENTRE,CITÃ‰ TAYAR,15.491249150532784,clear,37.08848450629869,none,16.76536112467113,6,5,8,25.439457395646226,0.9515271449380283
2026-05-09T21:45:30.096135,66 Retour,LYCÃ‰E TECHNIQUE TEBOURB,E.P TEBOURBA,56.25452837852217,clear,88.89549499347875,none,34.6076989467861,2,2,15,27.000949442004707,1.8535198393642887
2026-05-09T21:45:30.096135,264 Retour,Depart,Arrivee,53.17677066873696,clear,17.13470301725004,none,18.42292147554302,0,11,5,12.605070593528886,5.156352804193119
2026-05-09T21:45:30.096135,251 Retour,Depart,Arrivee,13.19276306962794,clear,29.545016507035363,none,20.954236570917907,1,12,5,69.27830816943634,10.960974221988883
2026-05-09T21:45:30.096135,31C/,TOUBEN 2,SONED,52.878237874002785,cloudy,19.35493981064927,manifestation,29.78227934140958,5,7,21,45.47815140768391,19.97412450863539
2026-05-09T21:45:30.096135,14A,BAB SADOUN,RÃ‰SIDENCE YESMINE ALLE,34.42065139403374,clear,50.124641461152166,none,37.56508617811705,5,4,2,21.39361179275411,2.520730287598596
2026-05-09T21:45:30.096135,42 Retour,Depart,Arrivee,21.179678472070407,cloudy,38.72248677632906,none,20.591903394781678,6,1,22,53.78629572826473,14.300650661545411
2026-05-09T21:45:30.096135,25,FERME EJERBI,FERME VIGNOBLE,51.07775894540965,fog,31.868011460886375,none,29.65367295574952,5,4,23,22.36779739077572,2.633214165008006
2026-05-09T21:45:30.097638,80,CITE MAHRAJENE,CARRIÃ‰RE NAHL,37.10160603234421,cloudy,43.64345297978142,festival,24.457132596950675,5,7,15,40.88146157398699,8.034378402400048
2026-05-09T21:45:30.097638,54D Retour,MEUBLATEX,FOYER UNIVERSITAIRE MOUROUJ 3 (81),29.290663047051364,cloudy,54.99954522646442,none,23.845961752258702,0,3,16,22.674247605062526,0.9547794315452052
2026-05-09T21:45:30.097638,81 Retour,Depart,Arrivee,14.015413102671634,clear,88.34086290914162,festival,37.91772446234725,6,10,15,105.16735160039137,14.111526082534686
2026-05-09T21:45:30.097638,57A,SANHEJI,GEANT,34.91919567403567,clear,27.657704483224133,none,28.064142846098097,2,5,6,14.523188566270267,2.373195297591706
2026-05-09T21:45:30.097638,264 Retour,Depart,Arrivee,37.57639056339352,clear,51.25141881023003,none,13.254368096808157,5,6,19,46.53296706538268,13.904644711109464
2026-05-09T21:45:30.097638,5,ECOLE CITE EL KHADHRA RETOUR,DEPOT CHARGUIA,13.560917621181481,clear,58.03232153175975,festival,34.57301961941663,0,2,2,43.84619696137807,2.260487618820786
2026-05-09T21:45:30.097638,80,TOUBEN 2,MARBRERIE,51.62218582333429,clear,88.61367063713153,none,31.616507412145506,5,1,17,33.75111094180263,1.0311049226729292
2026-05-09T21:45:30.097638,635 Retour,PLACE SALA CENTRE,AÃ‰ROPORT PÃ‰LERI,43.29934559532923,clear,72.89778069631586,festival,29.31438461022688,1,3,6,44.55700519255275,4.131105461575514
2026-05-09T21:45:30.097638,33C,KHAROUBA-RETOUR,STADE MELLASSINE-RETOUR,31.519849465321073,clear,38.81497436939121,none,38.59547738713981,3,6,16,22.081895107117308,0.8677865788118098
2026-05-09T21:45:30.097638,77,CHARGUIA 2,ROUTE LYCÃ‰,30.194215476626432,fog,97.56220603918005,congres,28.563205825989193,6,3,23,115.98107480610241,32.33296338267907
2026-05-09T21:45:30.097638,72 Retour,CHAMP DE COURSE KSAR SAID ALLER,CAFÃ‰ EL HAJ RETOU,23.695145869928226,cloudy,32.00616149868516,none,21.821907846477803,1,1,5,23.57863585447822,2.6992852941659153
2026-05-09T21:45:30.097638,20G,LAC PALACE,CITÃ‰ ESSALE,43.22430188974635,cloudy,33.105726254475144,foire,22.010003346507304,5,10,17,39.50387544459356,3.5586956583069256
2026-05-09T21:45:30.097638,31 Retour,CASERNE OUED ELIL 1,BOUDREYA,19.793227975090687,fog,56.43917009269869,none,9.264650828813547,1,12,9,56.038671105379976,1.597693228698276
2026-05-09T21:45:30.098642,116 Retour,CASERNE BOUCHOUCHA RETOUR,RABTA,41.56101876409676,rain,77.21898807595211,none,20.42882006242908,3,8,5,35.62230708690976,1.3369804319366771
2026-05-09T21:45:30.098642,71 Retour,Depart,Arrivee,10.840982680763025,clear,72.55115200854885,none,25.081832819428282,1,5,6,52.061126516620796,4.5506490195326545
2026-05-09T21:45:30.098642,44B,MAKFOUFINE 2,CITÃ‰ MONJI SLI,16.43635758166232,clear,76.93817973734124,none,9.638196294730417,3,6,12,59.02953131057989,5.8464932158606295
2026-05-09T21:45:30.098642,527 Retour,BANQUE DE L'HABITAT,JEANS JAURES,36.02040857844595,rain,62.70626718414455,marathon,14.968570756427479,4,7,2,67.640504167668,2.259269686146556
2026-05-09T21:45:30.098642,5C,MENZEH8,LYCEE MENZEH6,35.093234132242884,clear,92.36010370178967,festival,27.571670302636168,6,7,1,33.208469378916185,0.47337019402525815
2026-05-09T21:45:30.098642,44C Retour,JABBES ELBORJ,BORJ JEBBES,45.398285419669016,clear,37.308064938955795,none,26.309147847224033,4,3,21,16.571239647497816,7.3366733455471245
2026-05-09T21:45:30.098642,255 Retour,Depart,Arrivee,31.063483799470145,clear,12.038601900373134,none,34.854362513814095,4,9,8,42.79305927103186,13.349663668754895
2026-05-09T21:45:30.098642,5 Retour,DEPOT CHARGUIA,PLACE DES DROITS DE L'HOMME,33.803124575954854,cloudy,81.81327845644205,none,20.909524329300133,4,3,20,33.9880087586707,5.578018882259699
2026-05-09T21:45:30.098642,5C,CARNOIE,LYCEE MENZEH6,37.87355619170789,clear,64.21917557431637,none,24.860730615825645,4,2,7,41.348928770005195,0.5555789219937806
2026-05-09T21:45:30.098642,16 Retour,IMMEUBLE CHEFIA,BAB ABDESLEM-RETOUR,48.89175830080524,cloudy,31.376886263035672,none,15.852846441561447,5,9,22,6.546137167813317,0.9402502586611554
2026-05-09T21:45:30.098642,260 Retour,Depart,Arrivee,37.29082619733926,cloudy,86.73393895889524,marathon,25.18108641970564,1,2,23,87.58382986535068,11.312985012541297
2026-05-09T21:45:30.098642,5C,10 DECEMBRE,LYCEE MENZEH6,15.700615560095933,fog,93.52944834673704,none,20.443521422872156,2,12,3,49.194272411764956,1.4611139462824658
2026-05-09T21:45:30.098642,58,OUED ELLIL (16C 58),CITÃ‰ ENNEJET ,24.138927056301938,clear,67.4227427380954,none,25.312936226928482,4,9,7,36.81152303775912,0.5928035255692121
2026-05-09T21:45:30.098642,460,LYCEE KHAZNADAR,MOSQUÃ‰E MANOUB,43.06141997217102,fog,45.58516320260087,none,26.43647882736329,1,1,10,40.9599100593017,3.2039838637949227
2026-05-09T21:45:30.099641,27A Retour,MAGAZIN AZIZA,TUNISIE TÃ‰LÃ‰COM EL GHAZE,34.67594574780395,cloudy,36.81947666708673,none,30.732004287338615,2,8,12,27.061226347263815,0.1492198590655751
2026-05-09T21:45:30.099641,31C/ Retour,ARRÃ‰T BAB HADI,DEPOT CHARGUIA,19.113850529905136,cloudy,83.42810663829509,foire,24.91364674858421,6,7,5,48.58968878930813,3.352758447216523
2026-05-09T21:45:30.099641,25A,COLLÃ‰GE MOUROUJ ,TUNISIE PORCELAINE,58.993682592577066,storm,45.854833711703655,greve_transport,35.81019255298324,0,3,6,108.95947348278683,7.716312040352832
2026-05-09T21:45:30.099641,15 B,MOSQUÃ‰E ELBOR,JARDIN THAMEUR,18.086387849468444,storm,99.52190963988473,match_sport,24.48670052687049,4,10,7,95.16291862138186,1.4760475940402316
2026-05-09T21:45:30.099641,33A,CENTRE DE FORMATION ZOUHOUR-ALLER,BEN DAHA-RETOUR,19.740846925038618,rain,10.628271225278723,none,27.355434629415942,6,3,19,93.4361248156951,24.33085578147315
2026-05-09T21:45:30.099641,72 Retour,DÃ‰LÃ‰GATION DAOUAR HICH,CHEBBI ALLER,13.297489966998423,storm,46.05639995239403,none,37.94159947715913,1,4,0,69.2370236377625,3.3474975371012734
2026-05-09T21:45:30.099641,57 Retour,Depart,Arrivee,25.837523771585047,cloudy,73.03717146824218,congres,11.286484456672959,1,9,21,47.885392692680384,6.858649456100657
2026-05-09T21:45:30.099641,22G,HAMMAM LACAGNA,HOPITAL DES ENFANTS,18.046217026893196,clear,70.37411480196272,none,29.560454386016207,5,4,18,47.402681459927884,5.658484511779388
2026-05-09T21:45:30.099641,116 Retour,PARC MAYANA,DHNIBA,16.993964294369686,fog,22.138021456964797,none,27.838139942453367,6,12,5,24.085432425272487,0.9793793442578815
2026-05-09T21:45:30.099641,74G Retour,CROISEMENT MOUROUJ 2,LA CAGNA (SECTION),30.202564899224097,clear,64.11222619262426,none,15.235903078038948,0,5,12,33.344334495539215,4.154950479702984
2026-05-09T21:45:30.099641,18B Retour,SIDI SALAH,TOUTA 10 DECEMBRE,15.538274538674276,clear,89.83324298385503,marathon,31.364886068444086,1,4,0,94.33371130747989,7.914758364404202
2026-05-09T21:45:30.099641,27C Retour,ENKHILETTE,10 DECEMBRE,31.200630062823457,cloudy,63.273441784370696,none,12.371206861943932,6,8,23,28.106463965018705,4.368521011505562
2026-05-09T21:45:30.099641,72 Retour,MOSQUÃ‰E AVENUE CHEBB,HOPITAL DES ENFANTS,37.040987132258195,rain,95.27630710228692,none,25.06974641185985,1,9,15,46.60797713661689,7.920660902311005
2026-05-09T21:45:30.099641,14A,RÃ‰SIDENCE YESMINE ALLE,OMRANE SUPÃ‰RIEUR ALLE,52.98321532585456,clear,50.451158383165456,none,11.80547366943107,6,1,17,19.206363350264365,0.9710842420788461
2026-05-09T21:45:30.100641,19,DJEBEL JELLOUD GP1,SALLE DE SPORT,27.77736196222856,cloudy,22.9373857526257,none,21.92808874443469,6,1,4,19.652237239685167,6.1380660069367075
2026-05-09T21:45:30.100641,25,STEG NASSEN,FERME AMOR TOUIL,16.40286775343759,cloudy,33.03282088055695,festival,27.16905129027742,5,12,23,39.648139401751486,4.004513559091307
2026-05-09T21:45:30.100641,54A,MUNICIPALITÃ‰ BEN AROU,2Ã‰ME ARRÃ‰T IBN JAZZ,19.605277859102536,clear,87.06173181581744,none,35.87551059426545,1,12,11,54.70264398392939,6.8280914063155365
2026-05-09T21:45:30.100641,16 Retour,CHEBBI RETOUR,IMMEUBLE CHEFIA,17.534431995178952,fog,47.597165471863114,none,15.31136047276782,6,5,4,36.03011387885598,1.9656909580857196
2026-05-09T21:45:30.100641,3A Retour,BORTAL ALLER,SAINT CLEMENT ALLER,18.614336919607446,clear,89.04335426079545,none,17.736869848947855,2,6,16,33.3032745042088,0.8052526484715488
2026-05-09T21:45:30.100641,24 Retour,MGHIRA,CITÃ‰ EL HIDHA,38.189601987140094,clear,70.91286289510802,festival,33.89126224424466,0,1,9,53.53383319303586,0.5003959341023787
2026-05-09T21:45:30.100641,31A,GOUEZINE 2,TERMINUS BECH HAMBA,43.02009994049558,storm,14.117175742928064,congres,10.316522628596807,6,3,5,70.71634751357402,23.63755889808574
2026-05-09T21:45:30.100641,69,PLANNING FAMILIAL CITÃ‰ HELLA,CITÃ‰ HELLAL (TERMINUS 69,57.751501684621786,clear,79.44864203710506,match_sport,16.619037855749845,3,8,3,42.276254167326556,0.4591935277318333
2026-05-09T21:45:30.100641,72 Retour,BORTAL ALLER,CAFÃ‰ EL HAJ RETOU,46.189125193565424,fog,37.469710346003126,greve_transport,15.17717737791223,4,11,22,87.37219252760909,2.3227071260421335
2026-05-09T21:45:30.100641,80 Retour,NAHLI 2,CITÃ‰ ELLI,35.363258081912264,cloudy,30.514873255169974,none,15.20380870673597,3,5,18,33.18137962883989,5.573000725528781
2026-05-09T21:45:30.100641,91,CITE HASSEN BELKHOUJA2-RETOUR,CITE HASSEN BELKHOUJA1-RETOUR,54.18739805897465,cloudy,56.040480980718364,foire,22.071032602288042,3,11,17,52.26296749443232,0.24169039453364727
2026-05-09T21:45:30.100641,63,CITÃ‰ ENNOZH,POSTE POLICE BORJE LOUZIR (SECTION),32.667972557598446,clear,76.67029004782987,none,31.06464837518062,2,4,3,21.668953272185906,0.7779270925311526
2026-05-09T21:45:30.100641,24 Retour,MHAMDIA CENTRE,FERME LOUKIL,28.554677596238196,clear,96.52634245795673,none,12.806307797182637,2,2,1,41.280596798700444,6.466402384560531
2026-05-09T21:45:30.100641,14CG,FOYER BARDO 1 ALLER,RÃ‰SIDENCE YESMINE RETOU,15.57134068312692,fog,49.94168573011915,none,26.608557776144625,1,10,15,36.53757841852485,1.4415340626366673
2026-05-09T21:45:30.101642,249 Retour,Depart,Arrivee,57.85600151306543,clear,78.85459868827999,none,21.874635201087997,3,12,8,39.054277898326625,6.841246024122298
2026-05-09T21:45:30.101642,6B Retour,ARIANA SUPÃ‰RIEU,10 DECEMBRE,13.088512660058928,clear,19.47234122671425,none,27.404587070662654,3,3,0,22.23542687201972,1.5620017214043747
2026-05-09T21:45:30.101642,20G Retour,CHTIOUI,CITÃ‰ TAIEB MHIR,31.33974759205618,rain,83.89787955550449,none,29.230021335796945,1,11,23,34.91910450266647,2.473597640500339
2026-05-09T21:45:30.101642,20,PLACE DES DROITS DE L'HOMME,CITÃ‰ ESSALE,41.806026182296975,clear,87.53500867700114,none,23.4273162664468,1,1,23,36.349638317752124,10.201561976538924
2026-05-09T21:45:30.101642,104,BOUCHOUCHA-ALLER,GOUVERNORAT MANOUBA-ALLER,17.97779364612495,cloudy,77.81847948347428,none,39.83656218795255,5,11,4,145.92651608516678,33.828089613381294
2026-05-09T21:45:30.101642,43 B,CHARLE NICOLE-ALLER,JARDIN THAMEUR,13.866117275042651,clear,20.483123487226475,congres,11.04904040270278,4,12,5,45.83664093806477,4.417884679025683
2026-05-09T21:45:30.101642,14A Retour,FOYER BARDO 1 ALLER,GARE ROUTIÃ‰RE NORD RETOU,39.82069036079812,fog,39.030313157211395,none,15.963634838425826,0,7,23,27.010805276835626,0.6656500223431339
2026-05-09T21:45:30.101642,19C/ Retour,CNSS,SOFOMECA,46.12775288971356,clear,77.45755630456895,none,28.162652021972416,0,2,2,19.306113016237177,0.16892110200410304
2026-05-09T21:45:30.101642,19 Retour,DUBOSVILLE,AVENUE DE LA GARE,13.452288362240003,clear,64.18202583553239,festival,13.005503323553562,4,4,9,62.65311774919095,1.2537604753406484
2026-05-09T21:45:30.101642,24D,MGHIRA,DERBIGUM,10.787062962423967,clear,10.453117248440368,foire,17.40605091044805,0,1,16,49.11044820515831,3.990623072587413
2026-05-09T21:45:30.101642,57A,SIDI MAROUEN,ARRÃ‰T BRICORAM,18.42564219780872,cloudy,68.60962982475746,none,34.66387724678751,1,3,22,29.179859952739072,1.4555237885557233
2026-05-09T21:45:30.101642,32,KHAROUBA-ALLER,EZZOUHOUR 4 ALLER,18.934547508263968,cloudy,26.42860470095559,holiday,38.69017758606241,1,7,20,31.58205667652657,2.2021945766746
2026-05-09T21:45:30.101642,51A,LYCÃ‰E NACER ,TERMINUS 5D/ 51A,54.30399578958061,clear,74.56379658442411,none,28.395965069662292,0,9,7,38.86687277005218,1.3174542610010729
2026-05-09T21:45:30.101642,48 Retour,LYCEE CITE ERRAFEHA,INTILAKA,29.637521728649514,clear,10.465417375306895,none,37.30450976325672,1,7,10,11.983290911157711,0.6353800567668846
2026-05-09T21:45:30.102641,15,SAIDIA ALLER,KHAROUBA-RETOUR,32.507415264217315,cloudy,13.195813183454801,none,12.013644160665098,0,3,9,23.213640057884753,2.01385017126848
2026-05-09T21:45:30.102641,20C,CITÃ‰ EL KHADHR,CARTHAGE HANNIBAL,11.164271820551555,rain,24.642418908642025,none,18.894907476816797,0,1,15,98.70971984047755,14.235863487091766
2026-05-09T21:45:30.102641,264 Retour,Depart,Arrivee,54.44411030727973,clear,52.911627467598706,none,8.65044639651379,4,8,6,31.868842611370063,12.686246382695053
2026-05-09T21:45:30.102641,34A,FIRMA-RETOUR,SOUK MELLASSINE-RETOUR,12.75723802372913,clear,67.53899695410632,none,22.906329768875725,3,1,15,122.3314316570916,19.85039829653384
2026-05-09T21:45:30.102641,264 Retour,Depart,Arrivee,14.35971419624387,clear,90.08741686737308,none,18.512790342124887,4,9,19,100.03637751855499,11.57380461490749
2026-05-09T21:45:30.102641,5D Retour,PATISSERIE BEN YEDER,PLACE PASTEUR,45.969656070953725,cloudy,47.870471613385675,none,9.928235477880495,2,8,7,31.2349805719872,0.3779039197687757
2026-05-09T21:45:30.102641,54A,GARDE NATIONAL FOUCHANA,SIEFCOL,57.512812657275724,clear,98.19252638545684,none,33.31139650878189,4,12,22,32.8417456082288,10.967489041800993
2026-05-09T21:45:30.102641,57A Retour,ARRÃ‰T BRICORAM,LYCEE CITE ERRAFEHA,42.09341086426903,clear,14.78181814469225,match_sport,35.46885222603781,3,4,9,57.73665864012473,6.899354792597676
2026-05-09T21:45:30.102641,74,FOYER UNIVERSITAIRE MOUROUJ 3,CITÃ‰ AF,46.52394079609304,rain,36.02423935696859,festival,14.577241167570541,5,1,13,41.82599734993007,2.2552906138341893
2026-05-09T21:45:30.102641,21B Retour,CROISEMENT AHMED ZAIED,STÃ‰ CONFECTIO,55.34281180582119,cloudy,52.11286759672017,none,15.88213330989715,2,1,11,22.445383287637497,3.1922904055545374
2026-05-09T21:45:30.102641,261 Retour,Depart,Arrivee,40.7672348446233,clear,26.08586815352347,festival,18.549566788300503,6,11,17,56.14123952319637,13.66089253426984
2026-05-09T21:45:30.102641,84,FOUCHANA CENTRE,LYCÃ‰E SECONDAIRE MHAMDI,42.434679446756945,clear,70.24397185498684,none,26.99448880383827,0,11,0,27.341238569009285,3.7963518653088015
2026-05-09T21:45:30.102641,16B Retour,NOUVELLE HAMMED,POMPAGE,25.062706101759503,clear,31.211032954898467,match_sport,26.298967370920707,5,3,17,64.08894944472064,11.901451852826586
2026-05-09T21:45:30.102641,12,TERMINUS L12 ZAYATINE,MEFTEH SAADALLAH RETOUR,40.14579533750367,rain,37.111724377939254,foire,14.826031868326755,2,3,15,44.980079749882755,1.6880606073021829
2026-05-09T21:45:30.103641,20A,AIN ZAGHOUEN,MONGI SLIM,40.48893633786079,cloudy,71.42232220794652,none,9.725290850491636,6,7,16,27.99516187254638,0.7333687896989396
2026-05-09T21:45:30.103641,93  Retour,Depart,Arrivee,25.885694177928002,rain,29.057741978332082,none,32.56113372673073,6,12,14,42.29191947372273,11.079812133082747
2026-05-09T21:45:30.103641,116,CASERNE OUED ELIL 1,DHNIBA,59.13502196359171,fog,96.76094471200153,none,8.363834354003004,6,7,18,65.89697158497769,19.520444150752734
2026-05-09T21:45:30.103641,460 Retour,RABATTEMENT SLIMEN KAHIA,TOUTA 10 DECEMBRE,37.58675660905382,clear,88.58185017472758,none,26.731307211813004,3,2,12,54.616707613422925,10.973042354623146
2026-05-09T21:45:30.103641,59 Retour,Depart,Arrivee,31.624768592242905,rain,20.520486833351896,none,8.700334744623742,6,6,21,23.718465589580752,1.7100130147774255
2026-05-09T21:45:30.103641,44B,MAKFOUFINE 2,LYCÃ‰E SIDI THABE,27.53580628208327,cloudy,76.52082786986429,match_sport,30.206065464602535,1,3,2,51.236349998639966,2.459372046886953
2026-05-09T21:45:30.103641,3A Retour,TRIBUNAL MILITAIRE M.SAADALLAH,ALI BALAHOUAN,57.152598463453565,clear,24.328785575484055,none,9.517296782681225,4,11,1,12.550937310312312,2.039623132958921
2026-05-09T21:45:30.103641,24D Retour,ZONE INDUSTRIELLE,FERME LOUKIL,59.484459640223925,clear,49.98271985143203,none,18.320963996533692,1,9,1,12.109973650448127,0.35294548849052987
2026-05-09T21:45:30.103641,24A,CITÃ‰ TRABELS,OUEDHNA (TERMINUS),42.079788891114944,cloudy,56.79282493874314,marathon,22.856339629585356,6,2,18,67.65715749250425,7.193178850705836
2026-05-09T21:45:30.103641,44D RETOUR,GARDE NATIONAL MBARKA,DEPOT CHARGUIA,54.169810049293766,clear,98.99201751740266,none,19.22871675149197,2,8,4,57.10496712913187,24.673731429823974
2026-05-09T21:45:30.103641,527,CITÃ‰ EL KHADHR,MAGAZIN AZIZA,18.32301898585454,clear,25.360804141011226,none,38.569249448902085,6,6,20,47.63306088125867,8.979871516406998
2026-05-09T21:45:30.103641,263 Retour,Depart,Arrivee,23.55024873983409,clear,20.40348458655261,none,30.15440692853566,2,1,1,40.54919738567091,13.56576307153068
2026-05-09T21:45:30.103641,17A Retour,MOSQUÃ‰E MEDINA JEDID,MÃ‰DINA JEDID,46.53028495284949,cloudy,97.15345388382313,congres,23.28169080272676,4,3,2,44.81684502154134,0.4009571058662935
2026-05-09T21:45:30.103641,32A,BAB JDID-RETOUR,SIDI BECHIR-RETOUR,49.80685676731635,clear,58.42218160984792,festival,36.27494356646414,6,9,13,39.67901101984982,0.4838671511816983
2026-05-09T21:45:30.104641,4G,L'ARTISANAT-ALLER,HOPITAL KASSAB ALLER,51.64618770494594,clear,78.45397895869675,none,37.94650004282339,4,4,7,42.7876197411409,2.5942665549890185
2026-05-09T21:45:30.104641,45B,CANAL,ROUTE CHAOUAT,49.22518958600029,clear,72.92736890456229,none,12.331096407833247,1,8,19,48.77132375970575,5.610520644547234
2026-05-09T21:45:30.104641,54C  Retour,CELLULOSE (SILOS),INSTITUT ENNOUR,52.18949171835956,clear,45.29961088071532,none,11.805123260000538,1,5,15,14.745708697618339,0.7785470303597002
2026-05-09T21:45:30.104641,49 Retour,Depart,Arrivee,18.30404630266147,clear,98.5492324867598,none,32.406181275302295,4,8,21,68.0082517813011,12.426702170499592
2026-05-09T21:45:30.104641,65,BAB JDID-RETOUR,GARE ROUTIÃ‰RE SU,52.34159958677352,rain,96.91785771195369,none,25.248897036868204,6,11,17,41.31506905791321,0.8708807432998835
2026-05-09T21:45:30.104641,87,COFAT,BARDO-RETOUR,56.84242405462752,clear,41.06478580546606,none,21.517875004760604,4,6,1,19.801960990187872,7.5575092931053405
2026-05-09T21:45:30.104641,54 Retour,CROISEMENT MOUROUJ 3,AV EL BORHENE,26.243316566886463,cloudy,75.08956448893213,none,15.388763666301362,6,5,5,21.478811702666725,2.2425665533934644
2026-05-09T21:45:30.104641,32A,MIZANETTA-RETOUR,BAB ALIOUA,52.69094071330019,cloudy,33.41410939720403,none,21.620812304049736,3,10,20,20.130745585499742,5.08024681319219
2026-05-09T21:45:30.104641,21,EP BIR JEDID,BARROUTA,55.188863370166466,cloudy,11.305868279053353,none,27.60189586144894,0,5,6,12.405546914732287,4.6408873404150555
2026-05-09T21:45:30.104641,265 Retour,Depart,Arrivee,44.534547418870396,cloudy,13.600235021044298,none,33.76152498811433,0,7,19,43.83454635430944,13.970835003895079
2026-05-09T21:45:30.104641,9B,DJEBEL JELLOUD GP1,GARJOUMA,23.21959886709027,clear,74.15711491681286,none,8.770078483471323,0,7,21,36.89292024795438,2.0608539184673607
2026-05-09T21:45:30.104641,22G,13 AOUT,CHARLE NICOLE-ALLER,41.67719999538534,cloudy,77.21176926208067,none,17.247662259505404,0,12,21,29.599458290448503,3.5961960249768694
2026-05-09T21:45:30.104641,253 Retour,Depart,Arrivee,30.712339326297908,clear,84.29829785428535,festival,18.993600621405644,6,1,17,64.53296506820632,11.498198735342353
2026-05-09T21:45:30.104641,18B,LA POSTE,HAMADI ABID,43.82247039728583,cloudy,88.84203939276989,manifestation,19.05390183358236,3,5,19,76.53155786537981,3.5162648664402454
2026-05-09T21:45:30.105642,77 Retour,TOUBEN 2,CHARGUIA 2,56.888863036215724,clear,14.49737101589649,none,19.36319241812674,1,11,17,16.52879614483539,3.266841536992956
2026-05-09T21:45:30.105642,24H Retour,TAIEB MHIRI 1,CITÃ‰ EL HIDHA,29.135723323181093,clear,67.91464320926323,none,37.689877022592455,0,5,13,47.86875184753541,7.100390146071228
2026-05-09T21:45:30.105642,104,CHAMP DE COURSE KSAR SAID ALLER,SIDI AMOR MANNOUBA ALLER,53.17822661716214,cloudy,25.593582334700695,marathon,26.394021205566627,3,8,5,42.975958144501,4.37328720765651
2026-05-09T21:45:30.105642,16B,ZONE F,OUED CHAFROU,23.34320626536484,clear,22.685034469826302,none,33.83560710553816,0,6,19,30.466173093797167,2.539283519255381
2026-05-09T21:45:30.105642,3710,SOCIÃ‰TÃ‰ THAL,BORJ LOUZIR (BEN AROUS),31.218031266653064,clear,22.004627546537268,congres,21.6671156223106,3,12,3,39.87355875817441,9.268483451720861
2026-05-09T21:45:30.105642,20C Retour,CITÃ‰ EL KHADHR,BANQUE DE L'HABITAT,55.01352156617569,storm,74.69154319694474,festival,25.206721218369427,2,6,14,67.62118386204415,0.9819237435142831
2026-05-09T21:45:30.105642,47A,CITÃ‰ NACER ,CARNOIE2,58.1786250060267,fog,60.20522405419122,none,26.672184245150714,6,5,21,27.004701002942667,2.966358161830831
2026-05-09T21:45:30.105642,527 Retour,SALON BADER,MOHAMED V,44.592304727507035,clear,64.59943923897768,none,33.963180328417856,3,1,2,36.76043293910775,9.649440043839542
2026-05-09T21:45:30.105642,98,CITÃ‰ TORJME,STADE DJEDAIDA,47.387447761793716,clear,93.24702770257402,none,34.92828898576716,1,3,21,36.56747478868576,7.31685824209919
2026-05-09T21:45:30.105642,55 Retour,BAB ABDESLEM-RETOUR,BAB LAASSAL,24.744466393367546,clear,64.9493521020374,none,24.53805936744082,0,2,2,24.50888118641742,0.6232191847400763
2026-05-09T21:45:30.105642,6P,PATISSERIE BEN YEDER,TERMINUS 6P,43.18747428239115,cloudy,57.95002091524441,none,23.19395611998323,6,1,13,26.348056905304162,5.370441098625639
2026-05-09T21:45:30.105642,31C,ALI BALAHOUAN,FERME 2,56.71350887217703,clear,13.597609214794385,none,19.604723728828585,2,3,7,37.90560573524886,20.229673432977812
2026-05-09T21:45:30.105642,27 Retour,ARRÃ‰T BAB HADI,10 DECEMBRE,57.02648447551154,cloudy,15.7477293663195,none,36.81796592007326,0,5,15,15.352399220692174,1.916861198357088
2026-05-09T21:45:30.105642,21B,CROISEMENT PRISON CIVILE,DOUAR SALEM,46.541923639945736,clear,59.57190345338944,match_sport,30.490345658560177,5,2,21,31.659663075308917,0.6529386599980906
2026-05-09T21:45:30.106641,59A Retour,CROISEMENT MOUROUJ 2,MONOPOLES,45.17530303222717,rain,85.92765546513505,none,39.734419096844576,6,5,5,35.52676839521618,5.134252282342538
2026-05-09T21:45:30.106641,85 Retour,DERBIGUM,HUILERIE BEN SAIDAINE,39.60144811301739,clear,92.59990717091074,match_sport,16.322156059847885,5,2,23,39.81188020568813,1.4793904746958937
2026-05-09T21:45:30.106641,44A Retour,ESSALAT,ARRÃ‰T SIDI AMO,11.649838061483871,clear,50.333758209949636,manifestation,13.508653897009978,6,5,18,118.94365100961693,12.196649299243528
2026-05-09T21:45:30.106641,5 Retour,SCHILING,PLACE DES DROITS DE L'HOMME,41.81488937730215,rain,68.18441367485906,none,17.090501887880507,5,1,15,29.445277937882892,1.539674766600755
2026-05-09T21:45:30.106641,25C,MONCEF BEY RETOUR,AVENUE CARTHAGE,46.231556543131155,clear,94.57586988512277,match_sport,9.092994380173494,1,8,15,45.15042594628287,0.35044165952744777
2026-05-09T21:45:30.106641,263 Retour,Depart,Arrivee,33.4822950572102,clear,36.61412113120213,none,37.344824288556495,3,11,18,52.18271813697745,9.853594811756544
2026-05-09T21:45:30.106641,9B,LYCÃ‰E OUARDI,MOSQUÃ‰E CITÃ‰ EL FE,14.401006545271997,clear,53.76880623313127,manifestation,11.220444541503365,0,4,21,73.55944074595641,6.163010950053877
2026-05-09T21:45:30.106641,32 B,BAB ABDESLEM-ALLER,SOUK MELLASSINE-RETOUR,22.184456883571315,cloudy,15.629353591187385,none,36.26320405484282,2,9,0,63.82448194695741,17.867439075984887
2026-05-09T21:45:30.106641,84 Retour,CITÃ‰ EL OUIFAK (GN,CITROEN,22.518784235308736,clear,84.63103013078936,greve_transport,25.113549864739593,6,8,14,79.64228853944866,2.388825671483759
2026-05-09T21:45:30.106641,34A,BEN DAHA-RETOUR,MOSQUÃ‰E ELBOR,41.02636572332065,clear,68.9877887768875,festival,31.104971124412426,5,9,11,37.74048909499029,6.5271943136751815
2026-05-09T21:45:30.106641,42 Retour,Depart,Arrivee,15.77642099211496,fog,66.04547569191007,festival,18.97240063735843,5,9,20,75.96100396881882,7.983367646713173
2026-05-09T21:45:30.106641,74,LES ROSES MOUROUJ 1,CITÃ‰ AF,59.206784865548386,clear,50.52679139064732,none,10.946609295005562,0,3,15,19.387084271198887,4.279005073722181
2026-05-09T21:45:30.106641,44C,SABALET BEN AMAR,JABBES,54.93040850246954,rain,43.97958357978198,none,20.915028458427923,0,7,12,29.912332802443967,4.285851637975469
2026-05-09T21:45:30.106641,66B Retour,FERME EL HAJRI,TERMINUS TEBOURBA,47.830807480570336,cloudy,10.414889514198792,match_sport,13.24119437671142,1,8,0,53.35806735377186,20.38606850997322
